{"9": {"matching": 68, "total": 156, "percent": 0.4358974358974359}, "10": {"matching": 6, "total": 15, "percent": 0.4}, "11": {"matching": 7, "total": 20, "percent": 0.35}, "12": {"matching": 39, "total": 68, "percent": 0.5735294117647058}, "13": {"matching": 38, "total": 72, "percent": 0.5277777777777778}, "14": {"matching": 9, "total": 18, "percent": 0.5}, "15": {"matching": 12, "total": 24, "percent": 0.5}, "16": {"matching": 30, "total": 55, "percent": 0.5454545454545454}, "17": {"matching": 7, "total": 18, "percent": 0.3888888888888889}, "18": {"matching": 22, "total": 43, "percent": 0.5116279069767442}, "19": {"matching": 45, "total": 86, "percent": 0.5232558139534884}, "20": {"matching": 21, "total": 49, "percent": 0.42857142857142855}, "21": {"matching": 41, "total": 86, "percent": 0.47674418604651164}}