{"9": {"matching": 11, "total": 28, "percent": 0.39285714285714285}, "10": {"matching": 0, "total": 2, "percent": 0.0}, "11": {"matching": 0, "total": 1, "percent": 0.0}, "12": {"matching": 12, "total": 22, "percent": 0.5454545454545454}, "13": {"matching": 14, "total": 22, "percent": 0.6363636363636364}, "14": {"matching": 2, "total": 4, "percent": 0.5}, "15": {"matching": 1, "total": 5, "percent": 0.2}, "16": {"matching": 8, "total": 15, "percent": 0.5333333333333333}, "17": {"matching": 1, "total": 4, "percent": 0.25}, "18": {"matching": 3, "total": 9, "percent": 0.3333333333333333}, "19": {"matching": 11, "total": 22, "percent": 0.5}, "20": {"matching": 4, "total": 8, "percent": 0.5}}