{"9": {"matching": 156, "total": 340, "percent": 0.4588235294117647}, "10": {"matching": 14, "total": 32, "percent": 0.4375}, "11": {"matching": 20, "total": 53, "percent": 0.37735849056603776}, "12": {"matching": 69, "total": 126, "percent": 0.5476190476190477}, "13": {"matching": 72, "total": 163, "percent": 0.44171779141104295}, "14": {"matching": 18, "total": 38, "percent": 0.47368421052631576}, "15": {"matching": 23, "total": 51, "percent": 0.45098039215686275}, "16": {"matching": 55, "total": 107, "percent": 0.514018691588785}, "17": {"matching": 19, "total": 41, "percent": 0.4634146341463415}, "18": {"matching": 43, "total": 92, "percent": 0.4673913043478261}, "19": {"matching": 85, "total": 176, "percent": 0.48295454545454547}, "20": {"matching": 50, "total": 114, "percent": 0.43859649122807015}}