{"9": {"matching": 28, "total": 68, "percent": 0.4117647058823529}, "10": {"matching": 2, "total": 7, "percent": 0.2857142857142857}, "11": {"matching": 1, "total": 7, "percent": 0.14285714285714285}, "12": {"matching": 22, "total": 38, "percent": 0.5789473684210527}, "13": {"matching": 22, "total": 38, "percent": 0.5789473684210527}, "14": {"matching": 4, "total": 9, "percent": 0.4444444444444444}, "15": {"matching": 5, "total": 13, "percent": 0.38461538461538464}, "16": {"matching": 15, "total": 30, "percent": 0.5}, "17": {"matching": 4, "total": 7, "percent": 0.5714285714285714}, "18": {"matching": 9, "total": 22, "percent": 0.4090909090909091}, "19": {"matching": 22, "total": 46, "percent": 0.4782608695652174}, "20": {"matching": 9, "total": 20, "percent": 0.45}}