{"5": 3.8290598290598292, "10": 3.836909871244635, "12": 3.93859649122807, "18": 4.176744186046512, "19": 3.825531914893617, "23": 4.04954954954955, "27": 3.908695652173913, "30": 3.8376068376068377, "32": 4.181395348837209, "37": 3.447876447876448, "40": 3.878260869565217, "42": 4.123853211009174, "46": 4.152777777777778, "51": 4.364077669902913, "54": 3.7136929460580914, "61": 4.022421524663677, "63": 3.7605042016806722, "65": 4.323671497584541, "74": 4.026905829596412, "76": 3.7322175732217575, "3": 4.301435406698564, "8": 3.5697211155378485, "13": 3.9734513274336285, "22": 4.049773755656108, "24": 4.013392857142857, "38": 4.105022831050229, "41": 4.462686567164179, "48": 3.8333333333333335, "55": 3.453846153846154, "60": 3.691358024691358, "70": 3.925764192139738, "11": 4.067873303167421, "16": 4.105504587155964, "20": 4.623711340206185, "21": 4.354368932038835, "26": 3.706611570247934, "34": 3.9342105263157894, "35": 3.991111111111111, "47": 4.651041666666667, "62": 4.206572769953052, "64": 4.5353535353535355, "72": 3.315985130111524, "75": 3.93859649122807, "80": 3.549800796812749, "2": 4.138888888888889, "14": 3.8540772532188843, "15": 3.7615062761506275, "28": 3.8497854077253217, "49": 3.875, "50": 4.138248847926267, "52": 3.6995884773662553, "67": 3.8583690987124464, "71": 3.836909871244635, "77": 4.0633484162895925, "9": 3.568, "43": 4.677083333333333, "53": 4.049773755656108, "66": 4.226415094339623, "73": 3.8454935622317596, "39": 4.73936170212766, "4": 4.291866028708134, "25": 4.682291666666667, "58": 4.017937219730942, "59": 4.0588235294117645, "78": 3.97787610619469, "79": 4.022421524663677, "1": 4.040723981900452, "31": 4.105022831050229, "29": 3.925438596491228, "44": 3.960352422907489, "57": 3.7489539748953975, "68": 3.471042471042471, "69": 3.912663755458515, "7": 4.211267605633803, "36": 4.031531531531532, "33": 3.773109243697479, "45": 4.232227488151659, "6": 3.982142857142857, "56": 4.241706161137441, "17": 4.0542986425339365, "avg_over_all": 4.0051803022350185}