{"1_mean": 4.040723981900452, "1_std_dev": 3.3511419248877594, "1_variance": 11.230152200740436, "2_mean": 4.138888888888889, "2_std_dev": 3.4043975209455426, "2_variance": 11.589922480620155, "3_mean": 4.301435406698564, "3_std_dev": 3.9026677077858145, "3_variance": 15.230815237394184, "4_mean": 4.291866028708134, "4_std_dev": 3.7807687533861136, "4_variance": 14.294212366580787, "5_mean": 3.8290598290598292, "5_std_dev": 3.243456531400295, "5_variance": 10.520010271083232, "6_mean": 3.982142857142857, "6_std_dev": 3.6048849340266145, "6_variance": 12.99519538757207, "7_mean": 4.211267605633803, "7_std_dev": 3.8702377661751832, "7_variance": 14.978740366728672, "8_mean": 3.5697211155378485, "8_std_dev": 2.8365682649836494, "8_variance": 8.04611952191235, "9_mean": 3.568, "9_std_dev": 2.903635721230614, "9_variance": 8.431100401606427, "10_mean": 3.836909871244635, "10_std_dev": 3.369361557698575, "10_variance": 11.352597306496966, "11_mean": 4.067873303167421, "11_std_dev": 3.8741461818599983, "11_variance": 15.009008638420402, "12_mean": 3.93859649122807, "12_std_dev": 3.488900178165534, "12_variance": 12.172424453203494, "13_mean": 3.9734513274336285, "13_std_dev": 3.1817819661068345, "13_variance": 10.123736479842673, "14_mean": 3.8540772532188843, "14_std_dev": 3.242390711880506, "14_variance": 10.513097528488975, "15_mean": 3.7615062761506275, "15_std_dev": 3.578299357659679, "15_variance": 12.804226293027671, "16_mean": 4.105504587155964, "16_std_dev": 3.294020133245653, "16_variance": 10.85056863822771, "17_mean": 4.0542986425339365, "17_std_dev": 3.3148072865207223, "17_variance": 10.987947346770875, "18_mean": 4.176744186046512, "18_std_dev": 4.034479735147872, "18_variance": 16.27702673331884, "19_mean": 3.825531914893617, "19_std_dev": 3.5840618272665714, "19_variance": 12.845499181669394, "20_mean": 4.623711340206185, "20_std_dev": 4.139742256147341, "20_variance": 17.137465947331872, "21_mean": 4.354368932038835, "21_std_dev": 3.746302937213105, "21_variance": 14.034785697371536, "22_mean": 4.049773755656108, "22_std_dev": 3.685630875247931, "22_variance": 13.583874948580831, "23_mean": 4.04954954954955, "23_std_dev": 3.6089725759687923, "23_variance": 13.024683054094819, "24_mean": 4.013392857142857, "24_std_dev": 3.346211177447459, "24_variance": 11.197129244074311, "25_mean": 4.682291666666667, "25_std_dev": 4.156380190917154, "25_variance": 17.275496291448516, "26_mean": 3.706611570247934, "26_std_dev": 3.1001066917041036, "26_variance": 9.610661499948561, "27_mean": 3.908695652173913, "27_std_dev": 3.6846682280275975, "27_variance": 13.576779950636036, "28_mean": 3.8497854077253217, "28_std_dev": 3.2982116949623093, "28_variance": 10.878200384786147, "29_mean": 3.925438596491228, "29_std_dev": 3.3369724705698056, "29_variance": 11.135385269340754, "30_mean": 3.8376068376068377, "30_std_dev": 3.69539155052786, "30_variance": 13.655918711712703, "31_mean": 4.105022831050229, "31_std_dev": 3.8208652623047783, "31_variance": 14.599011352687363, "32_mean": 4.181395348837209, "32_std_dev": 3.645459076121854, "32_variance": 13.2893718756792, "33_mean": 3.773109243697479, "33_std_dev": 3.4773212804676987, "33_variance": 12.091763287593517, "34_mean": 3.9342105263157894, "34_std_dev": 3.281246377229625, "34_variance": 10.766577788082541, "35_mean": 3.991111111111111, "35_std_dev": 3.6669263977272855, "35_variance": 13.446349206349206, "36_mean": 4.031531531531532, "36_std_dev": 3.4737407167021788, "36_variance": 12.066874566874567, "37_mean": 3.447876447876448, "37_std_dev": 2.876021107542901, "37_variance": 8.271497411032295, "38_mean": 4.105022831050229, "38_std_dev": 3.7432412945714053, "38_variance": 14.01185538938461, "39_mean": 4.73936170212766, "39_std_dev": 3.985420437166614, "39_variance": 15.883576060985323, "40_mean": 3.878260869565217, "40_std_dev": 3.1654461555939166, "40_variance": 10.020049363964306, "41_mean": 4.462686567164179, "41_std_dev": 3.7094272800890242, "41_variance": 13.759850746268656, "42_mean": 4.123853211009174, "42_std_dev": 3.148883177997602, "42_variance": 9.915465268676279, "43_mean": 4.677083333333333, "43_std_dev": 4.039062645046598, "43_variance": 16.31402705061082, "44_mean": 3.960352422907489, "44_std_dev": 3.6498534167475962, "44_variance": 13.321429963744103, "45_mean": 4.232227488151659, "45_std_dev": 3.3477930563287077, "45_variance": 11.20771834800271, "46_mean": 4.152777777777778, "46_std_dev": 3.9719705924889346, "46_variance": 15.776550387596899, "47_mean": 4.651041666666667, "47_std_dev": 4.338805654940516, "47_variance": 18.8252345113438, "48_mean": 3.8333333333333335, "48_std_dev": 3.2110993130520367, "48_variance": 10.31115879828326, "49_mean": 3.875, "49_std_dev": 3.1093874064339495, "49_variance": 9.668290043290042, "50_mean": 4.138248847926267, "50_std_dev": 3.502547045816571, "50_variance": 12.267835808158388, "51_mean": 4.364077669902913, "51_std_dev": 4.016851196571934, "51_variance": 16.135093535401374, "52_mean": 3.6995884773662553, "52_std_dev": 3.119566323197082, "52_variance": 9.731694044825359, "53_mean": 4.049773755656108, "53_std_dev": 3.4459808530358846, "53_variance": 11.874784039489922, "54_mean": 3.7136929460580914, "54_std_dev": 3.3098620397218523, "54_variance": 10.9551867219917, "55_mean": 3.453846153846154, "55_std_dev": 2.8013001351662496, "55_variance": 7.847282447282447, "56_mean": 4.241706161137441, "56_std_dev": 3.902790812069151, "56_variance": 15.231776122771384, "57_mean": 3.7489539748953975, "57_std_dev": 2.772112956892621, "57_variance": 7.68461024577195, "58_mean": 4.017937219730942, "58_std_dev": 3.2382345951672775, "58_variance": 10.486163293338182, "59_mean": 4.0588235294117645, "59_std_dev": 3.432621112289377, "59_variance": 11.78288770053476, "60_mean": 3.691358024691358, "60_std_dev": 3.2827195009171692, "60_variance": 10.776247321701868, "61_mean": 4.022421524663677, "61_std_dev": 3.375112872571474, "61_variance": 11.391386902597665, "62_mean": 4.206572769953052, "62_std_dev": 4.020531504172984, "62_variance": 16.16467357604748, "63_mean": 3.7605042016806722, "63_std_dev": 2.817477654822716, "63_variance": 7.93818033542531, "64_mean": 4.5353535353535355, "64_std_dev": 4.023567958038858, "64_variance": 16.18909911295698, "65_mean": 4.323671497584541, "65_std_dev": 3.918659624257459, "65_variance": 15.35589325078561, "66_mean": 4.226415094339623, "66_std_dev": 3.770132105415264, "66_variance": 14.21389609228293, "67_mean": 3.8583690987124464, "67_std_dev": 3.3722537870922817, "67_variance": 11.372095604558236, "68_mean": 3.471042471042471, "68_std_dev": 2.815056981353439, "68_variance": 7.924545808266738, "69_mean": 3.912663755458515, "69_std_dev": 3.0994151083126495, "69_variance": 9.606374013636712, "70_mean": 3.925764192139738, "70_std_dev": 3.2631232961543386, "70_variance": 10.647973645905155, "71_mean": 3.836909871244635, "71_std_dev": 3.574214752865364, "71_variance": 12.775011099600414, "72_mean": 3.315985130111524, "72_std_dev": 2.6472608089915957, "72_variance": 7.007989790822837, "73_mean": 3.8454935622317596, "73_std_dev": 3.439400113241697, "73_variance": 11.829473138966998, "74_mean": 4.026905829596412, "74_std_dev": 3.735535807668194, "74_variance": 13.954227770371268, "75_mean": 3.93859649122807, "75_std_dev": 3.368119745585714, "75_variance": 11.344230620604375, "76_mean": 3.7322175732217575, "76_std_dev": 3.531884733055291, "76_variance": 12.474209767589045, "77_mean": 4.0633484162895925, "77_std_dev": 3.3460377668438244, "77_variance": 11.195968737145208, "78_mean": 3.97787610619469, "78_std_dev": 3.6165602936928116, "78_variance": 13.079508357915437, "79_mean": 4.022421524663677, "79_std_dev": 3.2123690371010603, "79_variance": 10.319314830525594, "80_mean": 3.549800796812749, "80_std_dev": 3.026633436701472, "80_variance": 9.160509960159363}