{"1_mean": 4, "1_std_dev": 3.9370039370059056, "1_variance": 15.5, "2_mean": 1.8, "2_std_dev": 1.3038404810405297, "2_variance": 1.7000000000000002, "3_mean": 3.6666666666666665, "3_std_dev": 3.5355339059327378, "3_variance": 12.500000000000002, "4_mean": 2, "4_std_dev": 1.0690449676496976, "4_variance": 1.1428571428571428, "5_mean": 3, "5_std_dev": 2.0, "5_variance": 4, "6_mean": 3.857142857142857, "6_std_dev": 2.4784787961282104, "6_variance": 6.142857142857142, "7_mean": 5, "7_std_dev": 2.160246899469287, "7_variance": 4.666666666666667, "8_mean": 3.25, "8_std_dev": 1.5, "8_variance": 2.25, "9_mean": 3, "9_std_dev": 1.0, "9_variance": 1, "10_mean": 3.75, "10_std_dev": 2.217355782608345, "10_variance": 4.916666666666667, "11_mean": 4, "11_std_dev": 3.0, "11_variance": 9, "12_mean": 3.75, "12_std_dev": 1.5, "12_variance": 2.25, "13_mean": 3, "13_std_dev": 1.224744871391589, "13_variance": 1.5, "14_mean": 4.5, "14_std_dev": 2.0816659994661326, "14_variance": 4.333333333333333, "15_mean": 5.6, "15_std_dev": 5.412947441089743, "15_variance": 29.3, "16_mean": 2.75, "16_std_dev": 1.5, "16_variance": 2.25, "17_mean": 4, "17_std_dev": 2.6457513110645907, "17_variance": 7, "18_mean": 3.5, "18_std_dev": 2.718251071716682, "18_variance": 7.388888888888889, "19_mean": 3, "19_std_dev": 1.8708286933869707, "19_variance": 3.5, "20_mean": 4.166666666666667, "20_std_dev": 1.4719601443879744, "20_variance": 2.1666666666666665, "21_mean": 4.2, "21_std_dev": 3.420526275297414, "21_variance": 11.700000000000001, "22_mean": 4.6, "22_std_dev": 2.9664793948382653, "22_variance": 8.8, "23_mean": 3.6666666666666665, "23_std_dev": 2.4221202832779936, "23_variance": 5.866666666666667, "24_mean": 1.75, "24_std_dev": 0.9574271077563381, "24_variance": 0.9166666666666666, "25_mean": 3.3, "25_std_dev": 2.6687491868330793, "25_variance": 7.122222222222223, "26_mean": 2.3333333333333335, "26_std_dev": 2.309401076758503, "26_variance": 5.333333333333333, "27_mean": 2.6666666666666665, "27_std_dev": 1.7511900715418263, "27_variance": 3.066666666666667, "28_mean": 2.8, "28_std_dev": 1.0954451150103321, "28_variance": 1.2, "29_mean": 5.75, "29_std_dev": 4.193248541803041, "29_variance": 17.583333333333332, "30_mean": 3, "30_std_dev": 1.5275252316519468, "30_variance": 2.3333333333333335, "31_mean": 4.25, "31_std_dev": 3.304037933599835, "31_variance": 10.916666666666666, "32_mean": 4.5, "32_std_dev": 1.51657508881031, "32_variance": 2.3, "33_mean": 4.333333333333333, "33_std_dev": 0.5773502691896257, "33_variance": 0.3333333333333333, "34_mean": 4.4, "34_std_dev": 4.878524367060187, "34_variance": 23.8, "35_mean": 3.142857142857143, "35_std_dev": 2.853569193634026, "35_variance": 8.142857142857144, "36_mean": 3.25, "36_std_dev": 1.5, "36_variance": 2.25, "37_mean": 2, "37_std_dev": 1.0, "37_variance": 1, "38_mean": 2.6666666666666665, "38_std_dev": 1.7511900715418263, "38_variance": 3.066666666666667, "39_mean": 2.6666666666666665, "39_std_dev": 1.632993161855452, "39_variance": 2.6666666666666665, "40_mean": 4.25, "40_std_dev": 2.8722813232690143, "40_variance": 8.25, "41_mean": 3.142857142857143, "41_std_dev": 2.1157009420498154, "41_variance": 4.476190476190476, "42_mean": 3, "42_std_dev": 2.70801280154532, "42_variance": 7.333333333333333, "43_mean": 5, "43_std_dev": 2.7688746209726918, "43_variance": 7.666666666666667, "44_mean": 4.75, "44_std_dev": 3.304037933599835, "44_variance": 10.916666666666666, "45_mean": 1.6666666666666667, "45_std_dev": 1.1547005383792515, "45_variance": 1.3333333333333333, "46_mean": 5, "46_std_dev": 2.9664793948382653, "46_variance": 8.8, "47_mean": 4, "47_std_dev": 3.22490309931942, "47_variance": 10.4, "48_mean": 2, "48_std_dev": 1.0, "48_variance": 1, "49_mean": 1.3333333333333333, "49_std_dev": 0.5773502691896257, "49_variance": 0.3333333333333333, "50_mean": 2.8333333333333335, "50_std_dev": 3.125166662222459, "50_variance": 9.766666666666666, "51_mean": 2.8, "51_std_dev": 2.16794833886788, "51_variance": 4.7, "52_mean": 2, "52_std_dev": 1.7320508075688772, "52_variance": 3, "53_mean": 5.333333333333333, "53_std_dev": 4.163331998932266, "53_variance": 17.333333333333336, "54_mean": 3.25, "54_std_dev": 1.5, "54_variance": 2.25, "56_mean": 4.375, "56_std_dev": 2.615202805574687, "56_variance": 6.839285714285714, "58_mean": 2.6666666666666665, "58_std_dev": 2.886751345948129, "58_variance": 8.333333333333334, "59_mean": 4, "59_std_dev": 2.6457513110645907, "59_variance": 7, "60_mean": 3.6666666666666665, "60_std_dev": 1.5275252316519468, "60_variance": 2.3333333333333335, "61_mean": 1.6666666666666667, "61_std_dev": 0.5773502691896257, "61_variance": 0.3333333333333333, "62_mean": 3.142857142857143, "62_std_dev": 2.0354009783964293, "62_variance": 4.142857142857142, "64_mean": 2.75, "64_std_dev": 2.8722813232690143, "64_variance": 8.25, "65_mean": 3, "65_std_dev": 2.6076809620810595, "65_variance": 6.8, "66_mean": 4, "66_std_dev": 3.03315017762062, "66_variance": 9.2, "67_mean": 3.8, "67_std_dev": 3.03315017762062, "67_variance": 9.2, "68_mean": 2, "68_std_dev": 1.0, "68_variance": 1, "69_mean": 1.8333333333333333, "69_std_dev": 0.983192080250175, "69_variance": 0.9666666666666667, "71_mean": 5.2, "71_std_dev": 4.919349550499537, "71_variance": 24.2, "73_mean": 3.5, "73_std_dev": 2.588435821108957, "73_variance": 6.7, "74_mean": 3, "74_std_dev": 2.748737083745107, "74_variance": 7.555555555555555, "75_mean": 3, "75_std_dev": 1.4142135623730951, "75_variance": 2, "76_mean": 3.6666666666666665, "76_std_dev": 1.1547005383792515, "76_variance": 1.3333333333333333, "77_mean": 2.5, "77_std_dev": 2.3804761428476167, "77_variance": 5.666666666666667, "78_mean": 3.5, "78_std_dev": 2.0816659994661326, "78_variance": 4.333333333333333, "79_mean": 3, "79_std_dev": 2.160246899469287, "79_variance": 4.666666666666667}