{"avg_psfpl": 0.745838020247469, "avg_psfp2l": 0.7478065241844769, "avg_psfp3l": 0.7474690663667042, "avg_psfp4l": 0.7487626546681665, "avg_psfp5l": 0.7456692913385827, "avg_psfp6l": 0.7485939257592801, "avg_psfp7l": 0.7515748031496063, "avg_psfp8l": 0.7476377952755906, "avg_psfp9l": 0.7506186726659168, "avg_psfp10l": 0.7442632170978628, "std_dev_psfpl": 0.08630686319125498, "std_dev_psfp2l": 0.08694788955419001, "std_dev_psfp3l": 0.08437505688570045, "std_dev_psfp4l": 0.08515115680163432, "std_dev_psfp5l": 0.08473479275488582, "std_dev_psfp6l": 0.08460122679769286, "std_dev_psfp7l": 0.0813234787329748, "std_dev_psfp8l": 0.08389477113600434, "std_dev_psfp9l": 0.08484325591561374, "std_dev_psfp10l": 0.08773772345015116, "variance_psfpl": 0.007448874633914005, "variance_psfp2l": 0.007559935497927625, "variance_psfp3l": 0.007119150224465186, "variance_psfp4l": 0.007250719504656514, "variance_psfp5l": 0.007179985103213451, "variance_psfp6l": 0.007157367575674664, "variance_psfp7l": 0.006613508193232604, "variance_psfp8l": 0.007038332623962546, "variance_psfp9l": 0.007198378074362327, "variance_psfp10l": 0.007697908116215203}