{"avg_ppls": 0.24861267341582302, "avg_pp2ls": 0.24926884139482564, "avg_pp3ls": 0.24915635545556805, "avg_pp4ls": 0.2495875515560555, "avg_pp5ls": 0.24855643044619422, "avg_pp6ls": 0.2495313085864267, "avg_pp7ls": 0.2505249343832021, "avg_pp8ls": 0.24921259842519686, "avg_pp9ls": 0.25020622422197225, "avg_pp10ls": 0.24808773903262094, "std_dev_ppls": 0.02876895439708499, "std_dev_pp2ls": 0.028982629851396664, "std_dev_pp3ls": 0.02812501896190014, "std_dev_pp4ls": 0.0283837189338781, "std_dev_pp5ls": 0.028244930918295268, "std_dev_pp6ls": 0.02820040893256428, "std_dev_pp7ls": 0.027107826244324923, "std_dev_pp8ls": 0.02796492371200144, "std_dev_pp9ls": 0.028281085305204578, "std_dev_pp10ls": 0.029245907816717046, "variance_ppls": 0.0008276527371015557, "variance_pp2ls": 0.0008399928331030691, "variance_pp3ls": 0.0007910166916072426, "variance_pp4ls": 0.00080563550051739, "variance_pp5ls": 0.0007977761225792719, "variance_pp6ls": 0.0007952630639638511, "variance_pp7ls": 0.0007348342436925111, "variance_pp8ls": 0.0007820369582180603, "variance_pp9ls": 0.0007998197860402583, "variance_pp10ls": 0.0008553231240239112}