{"avg_psfip2": 0.5603487064116985, "avg_psfip3": 0.4208098987626547, "avg_psfip4": 0.3168166479190101, "avg_psfip5": 0.2374015748031496, "avg_psfip6": 0.17733408323959504, "avg_psfip7": 0.13413948256467942, "avg_psfip8": 0.10011248593925759, "avg_psfip9": 0.07620922384701913, "avg_psfip10": 0.05669291338582677, "std_dev_psfip2": 0.10022380305764822, "std_dev_psfip3": 0.09912350604903816, "std_dev_psfip4": 0.09958297681875268, "std_dev_psfip5": 0.0903814341895826, "std_dev_psfip6": 0.0799477713609526, "std_dev_psfip7": 0.07387570752517077, "std_dev_psfip8": 0.06567381819056632, "std_dev_psfip9": 0.05704160292606078, "std_dev_psfip10": 0.05031071435591652, "variance_psfip2": 0.010044810699338257, "variance_psfip3": 0.009825469451453706, "variance_psfip4": 0.009916769272084233, "variance_psfip5": 0.00816880364616585, "variance_psfip6": 0.006391646145583153, "variance_psfip7": 0.005457620162344572, "variance_psfip8": 0.004313050395727561, "variance_psfip9": 0.0032537444643743856, "variance_psfip10": 0.0025311679790026246}