{"avg_psfpw": 0.2541619797525309, "avg_psfp2w": 0.25219347581552304, "avg_psfp3w": 0.2525309336332958, "avg_psfp4w": 0.2512373453318335, "avg_psfp5w": 0.2543307086614173, "avg_psfp6w": 0.2514060742407199, "avg_psfp7w": 0.2484251968503937, "avg_psfp8w": 0.25236220472440946, "avg_psfp9w": 0.24938132733408325, "avg_psfp10w": 0.25573678290213725, "std_dev_psfpw": 0.08630686319125498, "std_dev_psfp2w": 0.08694788955419001, "std_dev_psfp3w": 0.08437505688570043, "std_dev_psfp4w": 0.0851511568016343, "std_dev_psfp5w": 0.08473479275488581, "std_dev_psfp6w": 0.08460122679769284, "std_dev_psfp7w": 0.08132347873297478, "std_dev_psfp8w": 0.08389477113600433, "std_dev_psfp9w": 0.08484325591561374, "std_dev_psfp10w": 0.08773772345015114, "variance_psfpw": 0.007448874633914004, "variance_psfp2w": 0.007559935497927624, "variance_psfp3w": 0.007119150224465185, "variance_psfp4w": 0.007250719504656512, "variance_psfp5w": 0.007179985103213449, "variance_psfp6w": 0.007157367575674662, "variance_psfp7w": 0.006613508193232602, "variance_psfp8w": 0.007038332623962545, "variance_psfp9w": 0.007198378074362326, "variance_psfp10w": 0.007697908116215202}