{"avg_ppws": 0.2541619797525309, "avg_pp2ws": 0.25219347581552304, "avg_pp3ws": 0.2525309336332958, "avg_pp4ws": 0.2512373453318335, "avg_pp5ws": 0.2543307086614173, "avg_pp6ws": 0.2514060742407199, "avg_pp7ws": 0.2484251968503937, "avg_pp8ws": 0.25236220472440946, "avg_pp9ws": 0.24938132733408325, "avg_pp10ws": 0.25573678290213725, "std_dev_ppws": 0.08630686319125498, "std_dev_pp2ws": 0.08694788955419001, "std_dev_pp3ws": 0.08437505688570043, "std_dev_pp4ws": 0.0851511568016343, "std_dev_pp5ws": 0.08473479275488581, "std_dev_pp6ws": 0.08460122679769284, "std_dev_pp7ws": 0.08132347873297478, "std_dev_pp8ws": 0.08389477113600433, "std_dev_pp9ws": 0.08484325591561374, "std_dev_pp10ws": 0.08773772345015114, "variance_ppws": 0.007448874633914004, "variance_pp2ws": 0.007559935497927624, "variance_pp3ws": 0.007119150224465185, "variance_pp4ws": 0.007250719504656512, "variance_pp5ws": 0.007179985103213449, "variance_pp6ws": 0.007157367575674662, "variance_pp7ws": 0.006613508193232602, "variance_pp8ws": 0.007038332623962545, "variance_pp9ws": 0.007198378074362326, "variance_pp10ws": 0.007697908116215202}