{"avg_pip2ls": 0.24871187470833706, "avg_pip3ls": 0.2489667342211141, "avg_pip4ls": 0.24943136892216375, "avg_pip5ls": 0.2491744416938932, "avg_pip6ls": 0.24911807534142238, "avg_pip7ls": 0.24928005867433234, "avg_pip8ls": 0.2460338154223603, "avg_pip9ls": 0.24706400643900644, "avg_pip10ls": 0.23906483033601678, "std_dev_pip2ls": 0.04413691586376711, "std_dev_pip3ls": 0.05828074348362544, "std_dev_pip4ls": 0.07504912171282241, "std_dev_pip5ls": 0.09086565239957223, "std_dev_pip6ls": 0.10785211857968295, "std_dev_pip7ls": 0.12998323973562423, "std_dev_pip8ls": 0.15203806403989462, "std_dev_pip9ls": 0.1800970354187866, "std_dev_pip10ls": 0.20942560746385255, "variance_pip2ls": 0.0019480673419652568, "variance_pip3ls": 0.0033966450610041494, "variance_pip4ls": 0.005632370669866033, "variance_pip5ls": 0.008256566785999887, "variance_pip6ls": 0.011632079482125994, "variance_pip7ls": 0.016895642612168763, "variance_pip8ls": 0.023115572916999092, "variance_pip9ls": 0.03243494216663568, "variance_pip10ls": 0.04385908506160366}