{"avg_pip2lrns": 0.24510251704945826, "avg_psfip2lrn": 0.31715410573678293, "std_dev_pip2lrns": 0.09932403816425023, "std_dev_psfip2lrn": 0.209396117699352, "variance_pip2lrns": 0.009865264557253435, "variance_psfip2lrn": 0.04384673410756088}