{"avg_prns": 0.2443579870852546, "avg_psfrn": 0.3795838020247469, "avg_draws_per_round": 8.96629213483146, "std_dev_prns": 0.0976524242893579, "std_dev_psfrn": 0.30413247248265224, "std_dev_draws_per_round": 1.5184429689820664, "variance_prns": 0.009535995969588776, "variance_psfrn": 0.09249656081841122, "variance_draws_per_round": 2.3056690500510726}