{"avg_ppls": 0.24575656463078485, "avg_pp2ls": 0.24546641520382997, "avg_pp3ls": 0.2406789496590744, "avg_pp4ls": 0.2463368634846946}