{"avg_ppws": 0.2504424778761062, "avg_pp2ws": 0.2513274336283186, "avg_pp3ws": 0.265929203539823, "avg_pp4ws": 0.24867256637168142}