{"2": 3.8931198615318046, "3": 3.907077724706904, "7": 4.076121431807884, "10": 4.086739327883742, "15": 3.8285106382978724, "18": 4.025089605734767, "26": 3.98141592920354, "31": 4.015171798304328, "32": 3.9521299956082565, "40": 3.9734982332155475, "49": 3.9305373525557012, "51": 4.086739327883742, "54": 4.001333926189417, "55": 4.07518115942029, "58": 4.2101076275152085, "59": 3.9849424269264837, "61": 3.987151085511741, "65": 3.9326628771316137, "70": 4.020554066130473, "72": 3.983621071270474, "8": 3.982293050022134, "25": 3.993342210386152, "34": 4.04041311180961, "35": 3.920157068062827, "37": 3.9499561018437226, "43": 3.994229915667998, "45": 3.9866962305986697, "46": 3.925392670157068, "47": 4.04408457040036, "66": 4.111009593421653, "68": 4.167670217693376, "73": 4.008463251670379, "74": 3.9210985178727116, "76": 4.015638963360143, "5": 3.8985695708712615, "24": 4.130853994490358, "27": 3.951251646903821, "29": 3.95298769771529, "38": 4.004007123775601, "41": 3.9942273534635877, "44": 3.9494727592267136, "48": 4.06371441482151, "50": 4.15466297322253, "52": 3.9739399293286217, "75": 4.059088858818223, "78": 4.061878952122854, "80": 4.010699955416852, "1": 3.926669576604103, "4": 4.0848842487517025, "6": 3.936570428696413, "9": 3.940867279894875, "16": 3.9516908212560384, "17": 4.020554066130473, "20": 4.077969174977334, "42": 4.091859936334697, "67": 3.969122187913542, "28": 3.9721485411140582, "33": 4.117620137299771, "39": 4.006681514476615, "56": 4.007126948775055, "60": 4.083030852994555, "62": 4.06371441482151, "69": 3.877586206896552, "11": 4.020554066130473, "14": 3.953846153846154, "57": 3.885146804835924, "63": 4.003113879003559, "79": 4.127981651376147, "13": 4.008912655971479, "30": 4.207299953205428, "53": 3.907077724706904, "71": 4.070104025327906, "21": 4.052702702702702, "23": 3.9818423383525245, "77": 3.9189895470383274, "36": 4.037236428891879, "64": 3.905570060922541, "19": 3.8212314225053077, "12": 3.9331001311762135, "22": 3.80668358714044, "avg_over_all": 3.999837445500563}