{"avg_ppws": 0.2505002223210316, "avg_pp2ws": 0.2483048021342819, "avg_pp3ws": 0.24933303690529124, "avg_pp4ws": 0.24975544686527346, "std_dev_ppws": 0.08435923937140098, "std_dev_pp2ws": 0.08395229344390265, "std_dev_pp3ws": 0.08427897652100227, "std_dev_pp4ws": 0.08450520538325036, "variance_ppws": 0.007116481267321329, "variance_pp2ws": 0.007047987574491139, "variance_pp3ws": 0.007102945883427653, "variance_pp4ws": 0.007141129736865325}