{"avg_psfpw": 0.2505002223210316, "avg_psfp2w": 0.2483048021342819, "avg_psfp3w": 0.24933303690529124, "avg_psfp4w": 0.24975544686527346, "std_dev_psfpw": 0.08435923937140098, "std_dev_psfp2w": 0.08395229344390265, "std_dev_psfp3w": 0.08427897652100227, "std_dev_psfp4w": 0.08450520538325036, "variance_psfpw": 0.007116481267321329, "variance_psfp2w": 0.007047987574491139, "variance_psfp3w": 0.007102945883427653, "variance_psfp4w": 0.007141129736865325}