{"avg_ppls": 0.2498332592263228, "avg_pp2ls": 0.25056506595523936, "avg_pp3ls": 0.2502223210315696, "avg_pp4ls": 0.2500815177115755, "std_dev_ppls": 0.028119746457133655, "std_dev_pp2ls": 0.02798409781463421, "std_dev_pp3ls": 0.02809299217366742, "std_dev_pp4ls": 0.02816840179441678, "variance_ppls": 0.0007907201408134807, "variance_pp2ls": 0.0007831097304990153, "variance_pp3ls": 0.000789216209269739, "variance_pp4ls": 0.0007934588596517026}