{"avg_psfpl": 0.7494997776789685, "avg_psfp2l": 0.7516951978657181, "avg_psfp3l": 0.7506669630947087, "avg_psfp4l": 0.7502445531347266, "std_dev_psfpl": 0.084359239371401, "std_dev_psfp2l": 0.08395229344390265, "std_dev_psfp3l": 0.08427897652100229, "std_dev_psfp4l": 0.08450520538325036, "variance_psfpl": 0.007116481267321331, "variance_psfp2l": 0.00704798757449114, "variance_psfp3l": 0.007102945883427655, "variance_psfp4l": 0.007141129736865326}