{"avg_pip2lrns": 0.2503231116507885, "avg_psfip2lrn": 0.30299577590040017, "std_dev_pip2lrns": 0.10644848569216357, "std_dev_psfip2lrn": 0.21007073210969515, "variance_pip2lrns": 0.011331280106154753, "variance_psfip2lrn": 0.0441297124891033}