{"avg_prns": 0.2503154735752268, "avg_psfrn": 0.3625, "avg_draws_per_round": 9.556338028169014, "std_dev_prns": 0.10516157546139913, "std_dev_psfrn": 0.30306418728052753, "std_dev_draws_per_round": 1.4848612380214123, "variance_prns": 0.011058956953523543, "variance_psfrn": 0.09184790161200666, "variance_draws_per_round": 2.204812896178481}