{"1": 3.9395532194480944, "2": 3.676073619631902, "3": 3.925392670157068, "5": 4.098765432098766, "12": 3.9343832020997374, "16": 3.9787516600265604, "22": 3.8745148771021993, "26": 4.056833558863329, "30": 3.955145118733509, "34": 4.387994143484627, "39": 4.043184885290149, "40": 3.845956354300385, "44": 3.9499341238471675, "47": 4.104539202200825, "49": 3.8498074454428757, "51": 4.056833558863329, "63": 4.182960893854749, "73": 4.008042895442359, "75": 3.8155216284987277, "79": 4.148199445983379, "9": 3.9867021276595747, "11": 4.197478991596639, "18": 4.1479944674965425, "21": 3.9086161879895562, "35": 4.22112676056338, "41": 3.993333333333333, "50": 3.822704081632653, "54": 3.90612777053455, "62": 3.977453580901857, "64": 3.79467680608365, "66": 3.9356955380577427, "68": 3.915032679738562, "69": 4.242553191489361, "72": 3.911227154046997, "76": 3.9074315514993483, "77": 4.029569892473118, "6": 4.159500693481276, "14": 4.104109589041096, "19": 3.9655629139072848, "23": 3.8746770025839794, "29": 3.9800796812749004, "31": 4.074728260869565, "38": 3.81656050955414, "43": 3.724223602484472, "45": 3.993342210386152, "55": 3.8935064935064934, "61": 4.28898426323319, "70": 3.7581453634085213, "80": 4.040431266846361, "15": 4.030913978494624, "28": 4.1337931034482756, "33": 4.072010869565218, "57": 3.892067620286086, "78": 4.1754874651810585, "17": 4.109739368998628, "27": 4.20476858345021, "32": 4.178521617852161, "52": 3.9564643799472297, "53": 3.942105263157895, "56": 3.8556701030927836, "58": 4.024193548387097, "10": 3.9695364238410598, "20": 3.930263157894737, "24": 3.8597168597168596, "36": 4.139695712309821, "37": 4.136929460580913, "59": 3.9138381201044385, "7": 4.067842605156038, "46": 3.940867279894875, "74": 3.972185430463576, "4": 3.8373879641485273, "42": 3.8733850129198966, "13": 4.176880222841226, "25": 4.260312944523471, "48": 3.972185430463576, "60": 4.055480378890392, "71": 4.00668449197861, "65": 3.8821243523316062, "67": 3.940867279894875, "8": 4.080272108843538, "avg_over_all": 3.9999519379962916}