{"avg_psfpw": 0.2500669120107059, "avg_psfp2w": 0.24729006356641017, "avg_psfp3w": 0.24914687186349949, "avg_psfp4w": 0.24979926396788224, "avg_psfp5w": 0.25158916025426564, "avg_psfp6w": 0.24926396788223487, "avg_psfp7w": 0.2500167280026765, "avg_psfp8w": 0.24759116761458683, "avg_psfp9w": 0.24899631983941117, "avg_psfp10w": 0.2510036801605888, "std_dev_psfpw": 0.08532751811259351, "std_dev_psfp2w": 0.08408904232888172, "std_dev_psfp3w": 0.08302215902984707, "std_dev_psfp4w": 0.08364375828072412, "std_dev_psfp5w": 0.08526859580164327, "std_dev_psfp6w": 0.08235038912762661, "std_dev_psfp7w": 0.08332831142217616, "std_dev_psfp8w": 0.08333866731287635, "std_dev_psfp9w": 0.08306581348939747, "std_dev_psfp10w": 0.08237803641367583, "variance_psfpw": 0.007280785347254973, "variance_psfp2w": 0.007070967039788461, "variance_psfp3w": 0.006892678889977216, "variance_psfp4w": 0.006996278299324206, "variance_psfp5w": 0.007270733429984015, "variance_psfp6w": 0.006781586589471525, "variance_psfp7w": 0.0069436074844711725, "variance_psfp8w": 0.006945333469486286, "variance_psfp9w": 0.006899929370655366, "variance_psfp10w": 0.006786140883372902}