{"avg_ppls": 0.24997769599643135, "avg_pp2ls": 0.25090331214452993, "avg_pp3ls": 0.2502843760455002, "avg_pp4ls": 0.2500669120107059, "avg_pp5ls": 0.24947027991524479, "avg_pp6ls": 0.250245344039255, "avg_pp7ls": 0.24999442399910785, "avg_pp8ls": 0.25080294412847104, "avg_pp9ls": 0.2503345600535296, "avg_pp10ls": 0.2496654399464704, "std_dev_ppls": 0.028442506037531165, "std_dev_pp2ls": 0.028029680776293902, "std_dev_pp3ls": 0.027674053009949018, "std_dev_pp4ls": 0.027881252760241372, "std_dev_pp5ls": 0.02842286526721442, "std_dev_pp6ls": 0.02745012970920887, "std_dev_pp7ls": 0.027776103807392045, "std_dev_pp8ls": 0.027779555770958784, "std_dev_pp9ls": 0.02768860449646582, "std_dev_pp10ls": 0.027459345471225277, "variance_ppls": 0.0008089761496949967, "variance_pp2ls": 0.0007856630044209399, "variance_pp3ls": 0.0007658532099974682, "variance_pp4ls": 0.0007773642554804672, "variance_pp5ls": 0.0008078592699982237, "variance_pp6ls": 0.0007535096210523915, "variance_pp7ls": 0.000771511942719019, "variance_pp8ls": 0.0007717037188318094, "variance_pp9ls": 0.0007666588189617071, "variance_pp10ls": 0.0007540156537081}