{"avg_ppws": 0.2500669120107059, "avg_pp2ws": 0.24729006356641017, "avg_pp3ws": 0.24914687186349949, "avg_pp4ws": 0.24979926396788224, "avg_pp5ws": 0.25158916025426564, "avg_pp6ws": 0.24926396788223487, "avg_pp7ws": 0.2500167280026765, "avg_pp8ws": 0.24759116761458683, "avg_pp9ws": 0.24899631983941117, "avg_pp10ws": 0.2510036801605888, "std_dev_ppws": 0.08532751811259351, "std_dev_pp2ws": 0.08408904232888172, "std_dev_pp3ws": 0.08302215902984707, "std_dev_pp4ws": 0.08364375828072412, "std_dev_pp5ws": 0.08526859580164327, "std_dev_pp6ws": 0.08235038912762661, "std_dev_pp7ws": 0.08332831142217616, "std_dev_pp8ws": 0.08333866731287635, "std_dev_pp9ws": 0.08306581348939747, "std_dev_pp10ws": 0.08237803641367583, "variance_ppws": 0.007280785347254973, "variance_pp2ws": 0.007070967039788461, "variance_pp3ws": 0.006892678889977216, "variance_pp4ws": 0.006996278299324206, "variance_pp5ws": 0.007270733429984015, "variance_pp6ws": 0.006781586589471525, "variance_pp7ws": 0.0069436074844711725, "variance_pp8ws": 0.006945333469486286, "variance_pp9ws": 0.006899929370655366, "variance_pp10ws": 0.006786140883372902}