{"avg_psfpl": 0.749933087989294, "avg_psfp2l": 0.7527099364335899, "avg_psfp3l": 0.7508531281365005, "avg_psfp4l": 0.7502007360321178, "avg_psfp5l": 0.7484108397457344, "avg_psfp6l": 0.7507360321177652, "avg_psfp7l": 0.7499832719973235, "avg_psfp8l": 0.7524088323854132, "avg_psfp9l": 0.7510036801605888, "avg_psfp10l": 0.7489963198394112, "std_dev_psfpl": 0.08532751811259351, "std_dev_psfp2l": 0.08408904232888172, "std_dev_psfp3l": 0.08302215902984707, "std_dev_psfp4l": 0.08364375828072414, "std_dev_psfp5l": 0.08526859580164327, "std_dev_psfp6l": 0.08235038912762663, "std_dev_psfp7l": 0.08332831142217616, "std_dev_psfp8l": 0.08333866731287637, "std_dev_psfp9l": 0.08306581348939747, "std_dev_psfp10l": 0.08237803641367585, "variance_psfpl": 0.007280785347254974, "variance_psfp2l": 0.007070967039788462, "variance_psfp3l": 0.006892678889977218, "variance_psfp4l": 0.006996278299324208, "variance_psfp5l": 0.007270733429984016, "variance_psfp6l": 0.006781586589471526, "variance_psfp7l": 0.006943607484471174, "variance_psfp8l": 0.006945333469486288, "variance_psfp9l": 0.006899929370655367, "variance_psfp10l": 0.006786140883372904}