{"avg_psfip2": 0.565807962529274, "avg_psfip3": 0.42527601204416193, "avg_psfip4": 0.3179491468718635, "avg_psfip5": 0.23660086985613918, "avg_psfip6": 0.17699899631983942, "avg_psfip7": 0.13260287721646036, "avg_psfip8": 0.0990632318501171, "avg_psfip9": 0.07571094011375042, "avg_psfip10": 0.0562395449983272, "std_dev_psfip2": 0.1003684206792281, "std_dev_psfip3": 0.09938380649782529, "std_dev_psfip4": 0.09468740982354099, "std_dev_psfip5": 0.08740239313590327, "std_dev_psfip6": 0.07937629400433378, "std_dev_psfip7": 0.07085335085745462, "std_dev_psfip8": 0.06382596675745332, "std_dev_psfip9": 0.056271996300914964, "std_dev_psfip10": 0.049414688176262885, "variance_psfip2": 0.010073819869642503, "variance_psfip3": 0.00987714099399718, "variance_psfip4": 0.008965705579091206, "variance_psfip5": 0.00763917832588299, "variance_psfip6": 0.006300596049862436, "variance_psfip7": 0.0050201973277295645, "variance_psfip8": 0.0040737540325235366, "variance_psfip9": 0.0031665375676901875, "variance_psfip10": 0.002441811407557295}