{"avg_pip2ls": 0.25140254091981834, "avg_pip3ls": 0.25252167156018407, "avg_pip4ls": 0.252413683982697, "avg_pip5ls": 0.2514399467905997, "avg_pip6ls": 0.25119360783002015, "avg_pip7ls": 0.2516945336268924, "avg_pip8ls": 0.250852000124332, "avg_pip9ls": 0.2575800250950954, "avg_pip10ls": 0.25805085876538464, "std_dev_pip2ls": 0.043432123532654146, "std_dev_pip3ls": 0.0571549298455217, "std_dev_pip4ls": 0.07116931167924319, "std_dev_pip5ls": 0.08778502060270744, "std_dev_pip6ls": 0.10587891916804694, "std_dev_pip7ls": 0.12713017845293273, "std_dev_pip8ls": 0.15319380060378132, "std_dev_pip9ls": 0.18638158222569925, "std_dev_pip10ls": 0.22951486821688324, "variance_pip2ls": 0.00188634935455573, "variance_pip3ls": 0.003266686005646507, "variance_pip4ls": 0.005065070924897261, "variance_pip5ls": 0.007706209842217771, "variance_pip6ls": 0.011210345524193819, "variance_pip7ls": 0.01616208227347452, "variance_pip8ls": 0.023468340543431113, "variance_pip9ls": 0.034738094192955093, "variance_pip10ls": 0.05267707473261329}