{"avg_pip2lrns": 0.25266336277605356, "avg_psfip2lrn": 0.3054533288725326, "std_dev_pip2lrns": 0.10477547796868632, "std_dev_psfip2lrn": 0.21006796785230322, "variance_pip2lrns": 0.010977900783566672, "variance_psfip2lrn": 0.044128551117596296}