{"avg_prns": 0.25253153195740174, "avg_psfrn": 0.36483773837403816, "avg_draws_per_round": 9.487719298245613, "std_dev_prns": 0.10346009680170133, "std_dev_psfrn": 0.3025380403040714, "std_dev_draws_per_round": 1.425629361320347, "variance_prns": 0.010703991630217409, "variance_psfrn": 0.09152926583102791, "variance_draws_per_round": 2.0324190758586607}