{"1": 4.054421768707483, "5": 3.6604938271604937, "21": 4.095890410958904, "22": 3.5963855421686746, "24": 3.9407894736842106, "29": 3.8940397350993377, "36": 4.068027210884353, "39": 4.372262773722627, "41": 3.966666666666667, "42": 3.73125, "47": 3.869281045751634, "49": 3.778481012658228, "52": 3.7547169811320753, "54": 3.608433734939759, "62": 3.7672955974842766, "64": 3.9602649006622515, "67": 4.211267605633803, "68": 4.226950354609929, "70": 3.888157894736842, "78": 3.7658227848101267, "7": 3.697530864197531, "8": 3.986666666666667, "10": 3.9210526315789473, "13": 4.470149253731344, "17": 3.7672955974842766, "18": 3.6303030303030304, "19": 4.117241379310345, "32": 3.9019607843137254, "46": 4.260869565217392, "50": 3.8766233766233764, "53": 4.328467153284672, "56": 3.6097560975609757, "65": 4.0, "72": 4.0272108843537415, "75": 4.37037037037037, "9": 4.492424242424242, "11": 3.7911392405063293, "14": 3.986666666666667, "15": 3.6503067484662575, "16": 3.9407894736842106, "20": 4.138888888888889, "27": 3.8089171974522293, "37": 4.061224489795919, "45": 3.9602649006622515, "48": 4.159722222222222, "51": 3.869281045751634, "55": 4.309352517985611, "58": 4.152777777777778, "63": 3.6625766871165646, "71": 4.407407407407407, "73": 4.24822695035461, "4": 4.034013605442177, "6": 4.0134228187919465, "31": 3.98, "40": 3.838709677419355, "60": 3.9403973509933774, "74": 4.365671641791045, "80": 4.188811188811189, "2": 4.503759398496241, "3": 4.462121212121212, "12": 3.7961783439490446, "25": 4.048275862068966, "28": 3.536144578313253, "43": 3.488235294117647, "61": 4.3283582089552235, "69": 4.335766423357664, "79": 4.333333333333333, "26": 3.9019607843137254, "30": 3.7672955974842766, "35": 3.544378698224852, "66": 3.857142857142857, "33": 3.858064516129032, "57": 4.145833333333333, "77": 3.9407894736842106, "44": 3.986666666666667, "59": 4.02013422818792, "76": 4.054421768707483, "38": 4.020833333333333, "23": 3.7672955974842766, "34": 3.947019867549669, "avg_over_all": 3.9852674886729273}