{"1_mean": 4.054421768707483, "1_std_dev": 3.8601978672494752, "1_variance": 14.901127574317398, "2_mean": 4.503759398496241, "2_std_dev": 3.995497579947876, "2_variance": 15.96400091136933, "3_mean": 4.462121212121212, "3_std_dev": 3.975891667296905, "3_variance": 15.807714550080963, "4_mean": 4.034013605442177, "4_std_dev": 3.474791737104827, "4_variance": 12.074177616251982, "5_mean": 3.6604938271604937, "5_std_dev": 3.457216020407591, "5_variance": 11.952342611762901, "6_mean": 4.0134228187919465, "6_std_dev": 3.017934180638301, "6_variance": 9.107926718664974, "7_mean": 3.697530864197531, "7_std_dev": 3.160488809927196, "7_variance": 9.988689517675024, "8_mean": 3.986666666666667, "8_std_dev": 2.9741315729092066, "8_variance": 8.845458612975392, "9_mean": 4.492424242424242, "9_std_dev": 3.730411867896177, "9_variance": 13.915972704140643, "10_mean": 3.9210526315789473, "10_std_dev": 3.521977010634331, "10_variance": 12.404322063436737, "11_mean": 3.7911392405063293, "11_std_dev": 3.230140296825587, "11_variance": 10.43380633717649, "12_mean": 3.7961783439490446, "12_std_dev": 3.294787751428596, "12_variance": 10.855626326963906, "13_mean": 4.470149253731344, "13_std_dev": 4.174196241585932, "13_variance": 17.423914263270117, "14_mean": 3.986666666666667, "14_std_dev": 3.001088542259083, "14_variance": 9.006532438478748, "15_mean": 3.6503067484662575, "15_std_dev": 3.1161343223938682, "15_variance": 9.710293115201091, "16_mean": 3.9407894736842106, "16_std_dev": 3.4588087997171866, "16_variance": 11.963358313001045, "17_mean": 3.7672955974842766, "17_std_dev": 3.0297991923964727, "17_variance": 9.179683146246319, "18_mean": 3.6303030303030304, "18_std_dev": 2.9533450287482874, "18_variance": 8.722246858832223, "19_mean": 4.117241379310345, "19_std_dev": 4.165838998255571, "19_variance": 17.354214559386975, "20_mean": 4.138888888888889, "20_std_dev": 3.533280555527891, "20_variance": 12.484071484071483, "21_mean": 4.095890410958904, "21_std_dev": 3.382161657514701, "21_variance": 11.439017477562588, "22_mean": 3.5963855421686746, "22_std_dev": 3.0944308051776064, "22_variance": 9.57550200803213, "23_mean": 3.7672955974842766, "23_std_dev": 3.1304849960993715, "23_variance": 9.79993631080328, "24_mean": 3.9407894736842106, "24_std_dev": 3.768523438832182, "24_variance": 14.201768909027535, "25_mean": 4.048275862068966, "25_std_dev": 3.2517752298696583, "25_variance": 10.57404214559387, "26_mean": 3.9019607843137254, "26_std_dev": 3.2236068102163244, "26_variance": 10.391640866873065, "27_mean": 3.8089171974522293, "27_std_dev": 3.6622358274584528, "27_variance": 13.4119712559203, "28_mean": 3.536144578313253, "28_std_dev": 2.6253809334336786, "28_variance": 6.892625045637093, "29_mean": 3.8940397350993377, "29_std_dev": 3.132948170399663, "29_variance": 9.815364238410597, "30_mean": 3.7672955974842766, "30_std_dev": 3.200464698365977, "30_variance": 10.242974285486824, "31_mean": 3.98, "31_std_dev": 3.4572557686211804, "31_variance": 11.952617449664428, "32_mean": 3.9019607843137254, "32_std_dev": 3.201078572101566, "32_variance": 10.246904024767801, "33_mean": 3.858064516129032, "33_std_dev": 3.1611248813185413, "33_variance": 9.992710515291161, "34_mean": 3.947019867549669, "34_std_dev": 3.251231724480634, "34_variance": 10.570507726269316, "35_mean": 3.544378698224852, "35_std_dev": 2.9418138636077846, "35_variance": 8.654268808114962, "36_mean": 4.068027210884353, "36_std_dev": 2.9462301520491465, "36_variance": 8.680272108843537, "37_mean": 4.061224489795919, "37_std_dev": 3.1147560642320156, "37_variance": 9.701705339670115, "38_mean": 4.020833333333333, "38_std_dev": 3.4569657053710974, "38_variance": 11.950611888111888, "39_mean": 4.372262773722627, "39_std_dev": 3.9926537306402103, "39_variance": 15.94128381279519, "40_mean": 3.838709677419355, "40_std_dev": 3.481833878206314, "40_variance": 12.12316715542522, "41_mean": 3.966666666666667, "41_std_dev": 3.599807352538674, "41_variance": 12.958612975391498, "42_mean": 3.73125, "42_std_dev": 3.20714978577984, "42_variance": 10.285809748427674, "43_mean": 3.488235294117647, "43_std_dev": 2.8058228450492395, "43_variance": 7.8726418378002085, "44_mean": 3.986666666666667, "44_std_dev": 3.1044170019023256, "44_variance": 9.637404921700224, "45_mean": 3.9602649006622515, "45_std_dev": 3.2962216646780838, "45_variance": 10.865077262693157, "46_mean": 4.260869565217392, "46_std_dev": 3.329374566605625, "46_variance": 11.084735004760393, "47_mean": 3.869281045751634, "47_std_dev": 3.2397466000191653, "47_variance": 10.495958032335741, "48_mean": 4.159722222222222, "48_std_dev": 3.547210456147481, "48_variance": 12.58270202020202, "49_mean": 3.778481012658228, "49_std_dev": 3.0695202175387646, "49_variance": 9.421954365879223, "50_mean": 3.8766233766233764, "50_std_dev": 3.382631381017169, "50_variance": 11.442195059842119, "51_mean": 3.869281045751634, "51_std_dev": 3.4767892221838292, "51_variance": 12.088063295493635, "52_mean": 3.7547169811320753, "52_std_dev": 3.2446976827286624, "52_variance": 10.528063052304752, "53_mean": 4.328467153284672, "53_std_dev": 3.790680307270433, "53_variance": 14.369257191927867, "54_mean": 3.608433734939759, "54_std_dev": 3.0086221479135036, "54_variance": 9.051807228915663, "55_mean": 4.309352517985611, "55_std_dev": 3.307542808914434, "55_variance": 10.939839432801584, "56_mean": 3.6097560975609757, "56_std_dev": 3.0305442932174373, "56_variance": 9.184198713152776, "57_mean": 4.145833333333333, "57_std_dev": 3.3133946212432828, "57_variance": 10.978583916083917, "58_mean": 4.152777777777778, "58_std_dev": 3.779442820600417, "58_variance": 14.284188034188034, "59_mean": 4.02013422818792, "59_std_dev": 3.9309406732302192, "59_variance": 15.45229457645565, "60_mean": 3.9403973509933774, "60_std_dev": 3.628097367453948, "60_variance": 13.163090507726269, "61_mean": 4.3283582089552235, "61_std_dev": 4.149057542052525, "61_variance": 17.214678487262937, "62_mean": 3.7672955974842766, "62_std_dev": 3.0856855475153417, "62_variance": 9.521455298145053, "63_mean": 3.6625766871165646, "63_std_dev": 2.7893555583344303, "63_variance": 7.78050443081118, "64_mean": 3.9602649006622515, "64_std_dev": 3.469641277715391, "64_variance": 12.038410596026491, "65_mean": 4, "65_std_dev": 3.6903993847614407, "65_variance": 13.619047619047619, "66_mean": 3.857142857142857, "66_std_dev": 2.7568774877978206, "66_variance": 7.6003734827264235, "67_mean": 4.211267605633803, "67_std_dev": 3.6782492480412756, "67_variance": 13.52951753071621, "68_mean": 4.226950354609929, "68_std_dev": 3.5099222505150434, "68_variance": 12.319554204660587, "69_mean": 4.335766423357664, "69_std_dev": 3.6567370786929496, "69_variance": 13.371726062687848, "70_mean": 3.888157894736842, "70_std_dev": 3.3721676211259686, "70_variance": 11.371514464970373, "71_mean": 4.407407407407407, "71_std_dev": 3.59164930370996, "71_variance": 12.899944720840242, "72_mean": 4.0272108843537415, "72_std_dev": 3.0067175435564337, "72_variance": 9.040350386730035, "73_mean": 4.24822695035461, "73_std_dev": 4.005631800297452, "73_variance": 16.045086119554206, "74_mean": 4.365671641791045, "74_std_dev": 3.714513386149186, "74_variance": 13.797609695881494, "75_mean": 4.37037037037037, "75_std_dev": 4.537967098182859, "75_variance": 20.59314538419016, "76_mean": 4.054421768707483, "76_std_dev": 3.421892276562719, "76_variance": 11.70934675239959, "77_mean": 3.9407894736842106, "77_std_dev": 3.33004296182055, "77_variance": 11.089186127570581, "78_mean": 3.7658227848101267, "78_std_dev": 3.095440907892544, "78_variance": 9.581754414254616, "79_mean": 4.333333333333333, "79_std_dev": 3.5930454588134224, "79_variance": 12.909975669099758, "80_mean": 4.188811188811189, "80_std_dev": 3.532447280292084, "80_variance": 12.478183788042942}