{"1_mean": 4.166666666666667, "1_std_dev": 2.786873995477131, "1_variance": 7.766666666666667, "2_mean": 5.666666666666667, "2_std_dev": 4.509249752822894, "2_variance": 20.333333333333336, "3_mean": 1.4, "3_std_dev": 0.5477225575051661, "3_variance": 0.3, "4_mean": 3, "4_std_dev": 2.160246899469287, "4_variance": 4.666666666666667, "5_mean": 3.6, "5_std_dev": 2.9664793948382653, "5_variance": 8.8, "9_mean": 2.3333333333333335, "9_std_dev": 2.309401076758503, "9_variance": 5.333333333333333, "12_mean": 3.25, "12_std_dev": 2.6299556396765835, "12_variance": 6.916666666666667, "13_mean": 4.666666666666667, "13_std_dev": 2.6583202716502514, "13_variance": 7.066666666666666, "14_mean": 2, "14_std_dev": 0.816496580927726, "14_variance": 0.6666666666666666, "19_mean": 4.166666666666667, "19_std_dev": 2.228601953392904, "19_variance": 4.966666666666667, "20_mean": 1.75, "20_std_dev": 0.9574271077563381, "20_variance": 0.9166666666666666, "21_mean": 3.2, "21_std_dev": 2.7748873851023217, "21_variance": 7.7, "23_mean": 3.6666666666666665, "23_std_dev": 1.5275252316519468, "23_variance": 2.3333333333333335, "24_mean": 3.6666666666666665, "24_std_dev": 2.081665999466133, "24_variance": 4.333333333333334, "26_mean": 4.25, "26_std_dev": 4.573474244670748, "26_variance": 20.916666666666668, "27_mean": 3.25, "27_std_dev": 2.217355782608345, "27_variance": 4.916666666666667, "28_mean": 1.6666666666666667, "28_std_dev": 0.5773502691896257, "28_variance": 0.3333333333333333, "30_mean": 5.333333333333333, "30_std_dev": 4.509249752822894, "30_variance": 20.333333333333336, "31_mean": 2.3333333333333335, "31_std_dev": 1.5275252316519468, "31_variance": 2.3333333333333335, "35_mean": 2, "35_std_dev": 0.0, "35_variance": 0, "37_mean": 3, "37_std_dev": 1.0, "37_variance": 1, "39_mean": 3.3333333333333335, "39_std_dev": 2.081665999466133, "39_variance": 4.333333333333334, "41_mean": 2.6, "41_std_dev": 1.5165750888103102, "41_variance": 2.3000000000000003, "44_mean": 1.5, "44_std_dev": 0.5773502691896257, "44_variance": 0.3333333333333333, "48_mean": 2, "48_std_dev": 1.4142135623730951, "48_variance": 2, "49_mean": 2.4, "49_std_dev": 0.5477225575051661, "49_variance": 0.3, "50_mean": 3.6666666666666665, "50_std_dev": 3.785938897200183, "50_variance": 14.333333333333336, "51_mean": 2.6666666666666665, "51_std_dev": 2.732520204255893, "51_variance": 7.466666666666668, "52_mean": 2.75, "52_std_dev": 1.707825127659933, "52_variance": 2.9166666666666665, "53_mean": 4.8, "53_std_dev": 1.0954451150103321, "53_variance": 1.2, "54_mean": 3, "54_std_dev": 2.70801280154532, "54_variance": 7.333333333333333, "55_mean": 2.4, "55_std_dev": 1.6733200530681511, "55_variance": 2.8, "56_mean": 3.3333333333333335, "56_std_dev": 3.2145502536643185, "56_variance": 10.333333333333334, "57_mean": 5.333333333333333, "57_std_dev": 4.932882862316247, "57_variance": 24.333333333333332, "58_mean": 4.2, "58_std_dev": 2.16794833886788, "58_variance": 4.7, "59_mean": 5.75, "59_std_dev": 3.304037933599835, "59_variance": 10.916666666666666, "60_mean": 3.3333333333333335, "60_std_dev": 2.7325202042558927, "60_variance": 7.466666666666666, "61_mean": 4.8, "61_std_dev": 2.6832815729997477, "61_variance": 7.199999999999999, "62_mean": 2.3333333333333335, "62_std_dev": 1.5275252316519468, "62_variance": 2.3333333333333335, "65_mean": 2.3333333333333335, "65_std_dev": 0.5773502691896257, "65_variance": 0.3333333333333333, "67_mean": 2.75, "67_std_dev": 1.707825127659933, "67_variance": 2.9166666666666665, "68_mean": 5.75, "68_std_dev": 3.095695936834452, "68_variance": 9.583333333333334, "69_mean": 2, "69_std_dev": 1.0, "69_variance": 1, "70_mean": 2.3333333333333335, "70_std_dev": 1.5275252316519468, "70_variance": 2.3333333333333335, "71_mean": 1.2, "71_std_dev": 0.4472135954999579, "71_variance": 0.2, "72_mean": 1.75, "72_std_dev": 0.9574271077563381, "72_variance": 0.9166666666666666, "74_mean": 3.3333333333333335, "74_std_dev": 3.2145502536643185, "74_variance": 10.333333333333334, "75_mean": 3.8, "75_std_dev": 2.280350850198276, "75_variance": 5.2, "77_mean": 3.6666666666666665, "77_std_dev": 2.886751345948129, "77_variance": 8.333333333333334, "79_mean": 3.6666666666666665, "79_std_dev": 2.081665999466133, "79_variance": 4.333333333333334}