{"avg_psfip2": 0.5668081494057725, "avg_psfip3": 0.42215619694397283, "avg_psfip4": 0.3149405772495755, "avg_psfip5": 0.23582342954159594, "avg_psfip6": 0.17775891341256367, "avg_psfip7": 0.13480475382003396, "avg_psfip8": 0.09923599320882852, "avg_psfip9": 0.07495755517826826, "avg_psfip10": 0.055008488964346354, "std_dev_psfip2": 0.09740335626160557, "std_dev_psfip3": 0.10041039622402607, "std_dev_psfip4": 0.09874659143522059, "std_dev_psfip5": 0.09127894785146957, "std_dev_psfip6": 0.08297858265703084, "std_dev_psfip7": 0.07209808307302587, "std_dev_psfip8": 0.062299422324878416, "std_dev_psfip9": 0.05514550849287594, "std_dev_psfip10": 0.049705338507189036, "variance_psfip2": 0.009487413811025257, "variance_psfip3": 0.01008224766986591, "variance_psfip4": 0.00975088932007438, "variance_psfip5": 0.008331846320871302, "variance_psfip6": 0.0068854451797697004, "variance_psfip7": 0.005198133582804939, "variance_psfip8": 0.003881218022013559, "variance_psfip9": 0.0030410271069378518, "variance_psfip10": 0.002470620676114249}