{"avg_ppws": 0.24456706281833615, "avg_pp2ws": 0.24906621392190154, "avg_pp3ws": 0.24838709677419354, "avg_pp4ws": 0.251358234295416, "avg_pp5ws": 0.24490662139219016, "avg_pp6ws": 0.24872665534804753, "avg_pp7ws": 0.24762308998302207, "avg_pp8ws": 0.24796264855687605, "avg_pp9ws": 0.2441426146010187, "avg_pp10ws": 0.24490662139219016, "std_dev_ppws": 0.08157270661390043, "std_dev_pp2ws": 0.08291035255407635, "std_dev_pp3ws": 0.08134673981249385, "std_dev_pp4ws": 0.0856538816185978, "std_dev_pp5ws": 0.08022841397200592, "std_dev_pp6ws": 0.0869606310125864, "std_dev_pp7ws": 0.08523349607813276, "std_dev_pp8ws": 0.08514248939546112, "std_dev_pp9ws": 0.08004348329703238, "std_dev_pp10ws": 0.08935444844036923, "variance_ppws": 0.006654106464317475, "variance_pp2ws": 0.006874126560641234, "variance_pp3ws": 0.006617292078121571, "variance_pp4ws": 0.007336587436332767, "variance_pp5ws": 0.006436598408463555, "variance_pp6ws": 0.007562151346107203, "variance_pp7ws": 0.007264748853701073, "variance_pp8ws": 0.007249243500456209, "variance_pp9ws": 0.006406959218322303, "variance_pp10ws": 0.007984217456082602}