{"avg_ppls": 0.2518109790605546, "avg_pp2ls": 0.2503112620260328, "avg_pp3ls": 0.25053763440860216, "avg_pp4ls": 0.24954725523486135, "avg_pp5ls": 0.25169779286926997, "avg_pp6ls": 0.25042444821731746, "avg_pp7ls": 0.25079230333899266, "avg_pp8ls": 0.25067911714770796, "avg_pp9ls": 0.25195246179966047, "avg_pp10ls": 0.25169779286926997, "std_dev_ppls": 0.027190902204633473, "std_dev_pp2ls": 0.02763678418469211, "std_dev_pp3ls": 0.027115579937497945, "std_dev_pp4ls": 0.02855129387286593, "std_dev_pp5ls": 0.026742804657335303, "std_dev_pp6ls": 0.02898687700419546, "std_dev_pp7ls": 0.028411165359377582, "std_dev_pp8ls": 0.028380829798487037, "std_dev_pp9ls": 0.02668116109901079, "std_dev_pp10ls": 0.02978481614678974, "variance_ppls": 0.0007393451627019415, "variance_pp2ls": 0.000763791840071248, "variance_pp3ls": 0.000735254675346841, "variance_pp4ls": 0.0008151763818147517, "variance_pp5ls": 0.0007151776009403948, "variance_pp6ls": 0.0008402390384563556, "variance_pp7ls": 0.0008071943170778967, "variance_pp8ls": 0.0008054715000506898, "variance_pp9ls": 0.0007118843575913668, "variance_pp10ls": 0.0008871352728980667}