{"avg_psfpw": 0.24456706281833615, "avg_psfp2w": 0.24906621392190154, "avg_psfp3w": 0.24838709677419354, "avg_psfp4w": 0.251358234295416, "avg_psfp5w": 0.24490662139219016, "avg_psfp6w": 0.24872665534804753, "avg_psfp7w": 0.24762308998302207, "avg_psfp8w": 0.24796264855687605, "avg_psfp9w": 0.2441426146010187, "avg_psfp10w": 0.24490662139219016, "std_dev_psfpw": 0.08157270661390043, "std_dev_psfp2w": 0.08291035255407635, "std_dev_psfp3w": 0.08134673981249385, "std_dev_psfp4w": 0.0856538816185978, "std_dev_psfp5w": 0.08022841397200592, "std_dev_psfp6w": 0.0869606310125864, "std_dev_psfp7w": 0.08523349607813276, "std_dev_psfp8w": 0.08514248939546112, "std_dev_psfp9w": 0.08004348329703238, "std_dev_psfp10w": 0.08935444844036923, "variance_psfpw": 0.006654106464317475, "variance_psfp2w": 0.006874126560641234, "variance_psfp3w": 0.006617292078121571, "variance_psfp4w": 0.007336587436332767, "variance_psfp5w": 0.006436598408463555, "variance_psfp6w": 0.007562151346107203, "variance_psfp7w": 0.007264748853701073, "variance_psfp8w": 0.007249243500456209, "variance_psfp9w": 0.006406959218322303, "variance_psfp10w": 0.007984217456082602}