{"avg_pip2ls": 0.2525030492829044, "avg_pip3ls": 0.2518414722477534, "avg_pip4ls": 0.2509948153375259, "avg_pip5ls": 0.25107908224863906, "avg_pip6ls": 0.2531415109744203, "avg_pip7ls": 0.2585100958552971, "avg_pip8ls": 0.25898687711081597, "avg_pip9ls": 0.2680273508796429, "avg_pip10ls": 0.2648939431322851, "std_dev_pip2ls": 0.04227012532451867, "std_dev_pip3ls": 0.05847909331792014, "std_dev_pip4ls": 0.0743912776862736, "std_dev_pip5ls": 0.09142613816739201, "std_dev_pip6ls": 0.11201040292773067, "std_dev_pip7ls": 0.13147845893189222, "std_dev_pip8ls": 0.15279771602830874, "std_dev_pip9ls": 0.20248560273424598, "std_dev_pip10ls": 0.2379769348416277, "variance_pip2ls": 0.0017867634949505142, "variance_pip3ls": 0.0034198043552860114, "variance_pip4ls": 0.005534062195796267, "variance_pip5ls": 0.008358738740203054, "variance_pip6ls": 0.012546330364032573, "variance_pip7ls": 0.01728658516310527, "variance_pip8ls": 0.02334714202346768, "variance_pip9ls": 0.041000419314650885, "variance_pip10ls": 0.05663302151661632}