{"avg_psfpl": 0.7554329371816638, "avg_psfp2l": 0.7509337860780985, "avg_psfp3l": 0.7516129032258064, "avg_psfp4l": 0.7486417657045841, "avg_psfp5l": 0.7550933786078099, "avg_psfp6l": 0.7512733446519525, "avg_psfp7l": 0.7523769100169779, "avg_psfp8l": 0.7520373514431239, "avg_psfp9l": 0.7558573853989813, "avg_psfp10l": 0.7550933786078099, "std_dev_psfpl": 0.08157270661390044, "std_dev_psfp2l": 0.08291035255407635, "std_dev_psfp3l": 0.08134673981249385, "std_dev_psfp4l": 0.08565388161859781, "std_dev_psfp5l": 0.08022841397200593, "std_dev_psfp6l": 0.0869606310125864, "std_dev_psfp7l": 0.08523349607813277, "std_dev_psfp8l": 0.08514248939546112, "std_dev_psfp9l": 0.0800434832970324, "std_dev_psfp10l": 0.08935444844036923, "variance_psfpl": 0.006654106464317477, "variance_psfp2l": 0.006874126560641235, "variance_psfp3l": 0.006617292078121572, "variance_psfp4l": 0.007336587436332768, "variance_psfp5l": 0.006436598408463556, "variance_psfp6l": 0.007562151346107204, "variance_psfp7l": 0.007264748853701074, "variance_psfp8l": 0.00724924350045621, "variance_psfp9l": 0.006406959218322305, "variance_psfp10l": 0.007984217456082604}