{"avg_pip2lrns": 0.25445864007048546, "avg_psfip2lrn": 0.32495755517826824, "std_dev_pip2lrns": 0.09625846769166037, "std_dev_psfip2lrn": 0.20321867489978937, "variance_pip2lrns": 0.009265692602346423, "variance_psfip2lrn": 0.04129782982802629}