{"avg_prns": 0.25446972195529666, "avg_psfrn": 0.39142614601018677, "avg_draws_per_round": 8.65, "std_dev_prns": 0.09449681211269165, "std_dev_psfrn": 0.3031557435138375, "std_dev_draws_per_round": 1.246350604969755, "variance_prns": 0.008929647499461346, "variance_psfrn": 0.09190340482542762, "variance_draws_per_round": 1.5533898305084746}