{"4": 3.832258064516129, "14": 3.618181818181818, "16": 4.02013422818792, "22": 4.089041095890411, "25": 4.0476190476190474, "29": 3.7, "33": 4.402985074626866, "34": 3.933774834437086, "38": 3.6956521739130435, "40": 3.832258064516129, "42": 3.608433734939759, "44": 3.7884615384615383, "46": 3.9276315789473686, "50": 4.159722222222222, "51": 3.9084967320261437, "52": 3.9932885906040267, "55": 4.53030303030303, "56": 3.778481012658228, "69": 3.826923076923077, "77": 4.152777777777778, "1": 3.742138364779874, "2": 4.138888888888889, "15": 4.01360544217687, "19": 4.169014084507042, "23": 3.9019607843137254, "24": 4.564885496183206, "27": 3.720496894409938, "37": 4.214285714285714, "41": 4.006711409395973, "45": 3.5476190476190474, "53": 4.152777777777778, "59": 3.895424836601307, "74": 3.8152866242038215, "75": 3.993333333333333, "78": 4.549618320610687, "10": 3.8506493506493507, "13": 3.7948717948717947, "39": 4.572519083969466, "47": 3.8451612903225807, "54": 3.5207100591715976, "62": 4.0, "64": 3.433526011560694, "68": 3.8152866242038215, "70": 3.697530864197531, "76": 4.124137931034483, "80": 4.1678321678321675, "6": 3.778481012658228, "7": 3.8089171974522293, "12": 3.602409638554217, "18": 4.6796875, "20": 4.211267605633803, "26": 3.6303030303030304, "30": 4.625, "58": 4.397058823529412, "60": 3.9407894736842106, "63": 4.061224489795919, "5": 4.04054054054054, "8": 3.8333333333333335, "61": 3.5939393939393938, "73": 3.6303030303030304, "49": 3.8896103896103895, "66": 4.082191780821918, "71": 3.7044025157232703, "72": 4.264285714285714, "3": 3.691358024691358, "35": 4.13103448275862, "57": 3.8645161290322583, "48": 3.9133333333333336, "65": 4.507575757575758, "11": 4.095890410958904, "17": 3.9407894736842106, "67": 4.458646616541353, "21": 4.102739726027397, "28": 4.061224489795919, "31": 4.389705882352941, "79": 3.751592356687898, "43": 3.9276315789473686, "32": 4.02013422818792, "36": 4.462686567164179, "9": 4.404411764705882, "avg_over_all": 3.994896402328328}