{"1": {"avg": 3.742138364779874, "std_dev": 3.136582507895382, "variance": 9.838149828835283, "max": 16, "min": 1}, "2": {"avg": 4.138888888888889, "std_dev": 3.318966709013517, "variance": 11.015540015540015, "max": 18, "min": 1}, "3": {"avg": 3.691358024691358, "std_dev": 2.8421930790063077, "variance": 8.078061498351355, "max": 15, "min": 1}, "4": {"avg": 3.832258064516129, "std_dev": 3.2510125392518643, "variance": 10.569082530372853, "max": 18, "min": 0}, "5": {"avg": 4.04054054054054, "std_dev": 3.3601878356517947, "variance": 11.290862290862291, "max": 19, "min": 1}, "6": {"avg": 3.778481012658228, "std_dev": 3.417123269058773, "variance": 11.676731435942918, "max": 17, "min": 1}, "7": {"avg": 3.8089171974522293, "std_dev": 3.3457469327448517, "variance": 11.194022537971582, "max": 19, "min": 1}, "8": {"avg": 3.8333333333333335, "std_dev": 3.1802481812939782, "variance": 10.113978494623655, "max": 16, "min": 1}, "9": {"avg": 4.404411764705882, "std_dev": 5.027890620912568, "variance": 25.279684095860567, "max": 45, "min": 1}, "10": {"avg": 3.8506493506493507, "std_dev": 3.3211197173385667, "variance": 11.029836176895001, "max": 21, "min": 1}, "11": {"avg": 4.095890410958904, "std_dev": 3.7989631382573914, "variance": 14.432120925838449, "max": 25, "min": 1}, "12": {"avg": 3.602409638554217, "std_dev": 3.4287192026430513, "variance": 11.756115370573202, "max": 22, "min": 1}, "13": {"avg": 3.7948717948717947, "std_dev": 3.3882490457994123, "variance": 11.480231596360628, "max": 24, "min": 1}, "14": {"avg": 3.618181818181818, "std_dev": 3.0252448545787516, "variance": 9.15210643015521, "max": 19, "min": 0}, "15": {"avg": 4.01360544217687, "std_dev": 3.5864784012607553, "variance": 12.862827322709904, "max": 22, "min": 1}, "16": {"avg": 4.02013422818792, "std_dev": 3.4513409040422403, "variance": 11.91175403591511, "max": 18, "min": 0}, "17": {"avg": 3.9407894736842106, "std_dev": 3.11848484315293, "variance": 9.724947716974556, "max": 15, "min": 1}, "18": {"avg": 4.6796875, "std_dev": 4.216453698469673, "variance": 17.77848179133858, "max": 23, "min": 1}, "19": {"avg": 4.169014084507042, "std_dev": 3.5489921274028764, "variance": 12.595345120367595, "max": 16, "min": 1}, "20": {"avg": 4.211267605633803, "std_dev": 3.3640379863000067, "variance": 11.316751573269404, "max": 21, "min": 1}, "21": {"avg": 4.102739726027397, "std_dev": 3.6212580249844675, "variance": 13.113509683514406, "max": 21, "min": 1}, "22": {"avg": 4.089041095890411, "std_dev": 3.661394557903355, "variance": 13.405810108644307, "max": 27, "min": 0}, "23": {"avg": 3.9019607843137254, "std_dev": 3.0710119750798093, "variance": 9.43111455108359, "max": 15, "min": 1}, "24": {"avg": 4.564885496183206, "std_dev": 3.823206943515073, "variance": 14.616911332941868, "max": 19, "min": 1}, "25": {"avg": 4.0476190476190474, "std_dev": 3.566075570871844, "variance": 12.71689497716895, "max": 19, "min": 0}, "26": {"avg": 3.6303030303030304, "std_dev": 2.9326260653755414, "variance": 8.600295639320029, "max": 17, "min": 1}, "27": {"avg": 3.720496894409938, "std_dev": 3.1169118934536466, "variance": 9.715139751552796, "max": 16, "min": 1}, "28": {"avg": 4.061224489795919, "std_dev": 3.896300475382338, "variance": 15.181157394464634, "max": 22, "min": 1}, "29": {"avg": 3.7, "std_dev": 2.73528079112352, "variance": 7.481761006289308, "max": 14, "min": 0}, "30": {"avg": 4.625, "std_dev": 4.148806867666517, "variance": 17.212598425196852, "max": 22, "min": 1}, "31": {"avg": 4.389705882352941, "std_dev": 3.8087089172786275, "variance": 14.506263616557733, "max": 24, "min": 1}, "32": {"avg": 4.02013422818792, "std_dev": 3.509581091999516, "variance": 12.317159441320515, "max": 18, "min": 1}, "33": {"avg": 4.402985074626866, "std_dev": 3.9262360306273756, "variance": 15.41532936819661, "max": 18, "min": 0}, "34": {"avg": 3.933774834437086, "std_dev": 3.746409613077896, "variance": 14.035584988962471, "max": 26, "min": 0}, "35": {"avg": 4.13103448275862, "std_dev": 3.7550987048977693, "variance": 14.100766283524905, "max": 20, "min": 1}, "36": {"avg": 4.462686567164179, "std_dev": 3.8165778404611905, "variance": 14.566266412299404, "max": 18, "min": 1}, "37": {"avg": 4.214285714285714, "std_dev": 3.899429425677251, "variance": 15.205549845837615, "max": 20, "min": 1}, "38": {"avg": 3.6956521739130435, "std_dev": 2.8832348982108393, "variance": 8.31304347826087, "max": 15, "min": 0}, "39": {"avg": 4.572519083969466, "std_dev": 4.0421443934760575, "variance": 16.338931297709923, "max": 24, "min": 1}, "40": {"avg": 3.832258064516129, "std_dev": 3.120563042017261, "variance": 9.737913699204022, "max": 20, "min": 0}, "41": {"avg": 4.006711409395973, "std_dev": 3.5230834243317855, "variance": 12.41211681480138, "max": 21, "min": 1}, "42": {"avg": 3.608433734939759, "std_dev": 3.101854960924613, "variance": 9.621504198612634, "max": 17, "min": 0}, "43": {"avg": 3.9276315789473686, "std_dev": 3.2634885119057087, "variance": 10.650357267340537, "max": 17, "min": 1}, "44": {"avg": 3.7884615384615383, "std_dev": 3.137719770757339, "variance": 9.845285359801489, "max": 22, "min": 0}, "45": {"avg": 3.5476190476190474, "std_dev": 3.0065985790728567, "variance": 9.03963501568292, "max": 18, "min": 1}, "46": {"avg": 3.9276315789473686, "std_dev": 3.5845547511551943, "variance": 12.849032764029278, "max": 29, "min": 0}, "47": {"avg": 3.8451612903225807, "std_dev": 2.9894662154032257, "variance": 8.936908253037284, "max": 16, "min": 1}, "48": {"avg": 3.9133333333333336, "std_dev": 3.7719143425595263, "variance": 14.227337807606263, "max": 35, "min": 1}, "49": {"avg": 3.8896103896103895, "std_dev": 3.8899261352122987, "variance": 15.13152533740769, "max": 26, "min": 1}, "50": {"avg": 4.159722222222222, "std_dev": 3.7708176376703313, "variance": 14.219065656565657, "max": 28, "min": 0}, "51": {"avg": 3.9084967320261437, "std_dev": 3.2774337624768957, "variance": 10.74157206742346, "max": 20, "min": 0}, "52": {"avg": 3.9932885906040267, "std_dev": 3.720826419927945, "variance": 13.84454924723381, "max": 20, "min": 0}, "53": {"avg": 4.152777777777778, "std_dev": 3.6648384931728137, "variance": 13.43104118104118, "max": 21, "min": 1}, "54": {"avg": 3.5207100591715976, "std_dev": 2.8889954535980347, "variance": 8.346294730910115, "max": 16, "min": 1}, "55": {"avg": 4.53030303030303, "std_dev": 4.559093578620283, "variance": 20.7853342586167, "max": 26, "min": 0}, "56": {"avg": 3.778481012658228, "std_dev": 3.183603329885425, "variance": 10.135330162057567, "max": 19, "min": 0}, "57": {"avg": 3.8645161290322583, "std_dev": 3.043147335556889, "variance": 9.260745705906995, "max": 19, "min": 1}, "58": {"avg": 4.397058823529412, "std_dev": 4.195728713054646, "variance": 17.604139433551197, "max": 28, "min": 1}, "59": {"avg": 3.895424836601307, "std_dev": 3.2142024440319856, "variance": 10.33109735122119, "max": 22, "min": 1}, "60": {"avg": 3.9407894736842106, "std_dev": 3.428037016019477, "variance": 11.751437783199721, "max": 26, "min": 1}, "61": {"avg": 3.5939393939393938, "std_dev": 3.1271762562682524, "variance": 9.779231337767923, "max": 19, "min": 1}, "62": {"avg": 4, "std_dev": 3.739851131594209, "variance": 13.986486486486486, "max": 20, "min": 1}, "63": {"avg": 4.061224489795919, "std_dev": 3.466521863889048, "variance": 12.0167738328208, "max": 19, "min": 1}, "64": {"avg": 3.433526011560694, "std_dev": 2.853481705530317, "variance": 8.142357843796209, "max": 18, "min": 1}, "65": {"avg": 4.507575757575758, "std_dev": 4.409386608292875, "variance": 19.44269026139255, "max": 30, "min": 1}, "66": {"avg": 4.082191780821918, "std_dev": 3.1194757501974446, "variance": 9.73112895606991, "max": 18, "min": 1}, "67": {"avg": 4.458646616541353, "std_dev": 3.9990742834028565, "variance": 15.992595124174072, "max": 24, "min": 1}, "68": {"avg": 3.8152866242038215, "std_dev": 2.846098670404615, "variance": 8.100277641678916, "max": 13, "min": 1}, "69": {"avg": 3.826923076923077, "std_dev": 2.9820180686552855,