{"2": {"avg": 4, "std_dev": 2.6457513110645907, "variance": 7, "max": 7, "min": 2}, "5": {"avg": 3.3333333333333335, "std_dev": 2.081665999466133, "variance": 4.333333333333334, "max": 5, "min": 1}, "6": {"avg": 3, "std_dev": 0.0, "variance": 0, "max": 3, "min": 3}, "9": {"avg": 3.5, "std_dev": 1.9148542155126762, "variance": 3.6666666666666665, "max": 5, "min": 1}, "11": {"avg": 2.3333333333333335, "std_dev": 1.1547005383792515, "variance": 1.3333333333333333, "max": 3, "min": 1}, "12": {"avg": 3.3333333333333335, "std_dev": 3.2145502536643185, "variance": 10.333333333333334, "max": 7, "min": 1}, "14": {"avg": 6.333333333333333, "std_dev": 2.0816659994661326, "variance": 4.333333333333333, "max": 8, "min": 4}, "15": {"avg": 3.3333333333333335, "std_dev": 2.309401076758503, "variance": 5.333333333333333, "max": 6, "min": 2}, "18": {"avg": 4.333333333333333, "std_dev": 3.444802848737017, "variance": 11.866666666666667, "max": 11, "min": 1}, "19": {"avg": 3.6, "std_dev": 1.949358868961793, "variance": 3.8000000000000003, "max": 5, "min": 1}, "20": {"avg": 4, "std_dev": 2.943920288775949, "variance": 8.666666666666666, "max": 8, "min": 1}, "21": {"avg": 4, "std_dev": 2.9154759474226504, "variance": 8.5, "max": 8, "min": 1}, "22": {"avg": 2.4, "std_dev": 2.1908902300206643, "variance": 4.8, "max": 6, "min": 1}, "24": {"avg": 2.8, "std_dev": 0.8366600265340756, "variance": 0.7, "max": 4, "min": 2}, "25": {"avg": 3.1666666666666665, "std_dev": 1.9407902170679516, "variance": 3.7666666666666666, "max": 7, "min": 2}, "28": {"avg": 4.166666666666667, "std_dev": 3.3115957885386114, "variance": 10.966666666666667, "max": 9, "min": 1}, "30": {"avg": 5.333333333333333, "std_dev": 2.943920288775949, "variance": 8.666666666666666, "max": 10, "min": 2}, "31": {"avg": 5.666666666666667, "std_dev": 2.516611478423583, "variance": 6.333333333333333, "max": 8, "min": 3}, "32": {"avg": 3.6666666666666665, "std_dev": 3.0550504633038935, "variance": 9.333333333333334, "max": 7, "min": 1}, "33": {"avg": 3, "std_dev": 2.5071326821120348, "variance": 6.285714285714286, "max": 8, "min": 1}, "34": {"avg": 5.666666666666667, "std_dev": 4.163331998932266, "variance": 17.333333333333336, "max": 9, "min": 1}, "35": {"avg": 3.1666666666666665, "std_dev": 2.6394443859772205, "variance": 6.966666666666668, "max": 8, "min": 1}, "36": {"avg": 3.25, "std_dev": 2.217355782608345, "variance": 4.916666666666667, "max": 6, "min": 1}, "37": {"avg": 4, "std_dev": 3.605551275463989, "variance": 13, "max": 8, "min": 1}, "38": {"avg": 1.3333333333333333, "std_dev": 0.5773502691896257, "variance": 0.3333333333333333, "max": 2, "min": 1}, "39": {"avg": 4.25, "std_dev": 0.5, "variance": 0.25, "max": 5, "min": 4}, "41": {"avg": 3.3333333333333335, "std_dev": 0.5773502691896257, "variance": 0.3333333333333333, "max": 4, "min": 3}, "42": {"avg": 2.3333333333333335, "std_dev": 2.309401076758503, "variance": 5.333333333333333, "max": 5, "min": 1}, "43": {"avg": 5.666666666666667, "std_dev": 4.163331998932266, "variance": 17.333333333333336, "max": 9, "min": 1}, "45": {"avg": 2.3333333333333335, "std_dev": 2.309401076758503, "variance": 5.333333333333333, "max": 5, "min": 1}, "49": {"avg": 5, "std_dev": 2.0, "variance": 4, "max": 7, "min": 3}, "51": {"avg": 2.5, "std_dev": 2.3804761428476167, "variance": 5.666666666666667, "max": 6, "min": 1}, "52": {"avg": 3.25, "std_dev": 2.217355782608345, "variance": 4.916666666666667, "max": 6, "min": 1}, "55": {"avg": 3, "std_dev": 1.6903085094570331, "variance": 2.857142857142857, "max": 6, "min": 1}, "56": {"avg": 5, "std_dev": 3.3166247903554, "variance": 11, "max": 9, "min": 2}, "57": {"avg": 3.6666666666666665, "std_dev": 3.0550504633038935, "variance": 9.333333333333334, "max": 7, "min": 1}, "58": {"avg": 2.3333333333333335, "std_dev": 1.505545305418162, "variance": 2.2666666666666666, "max": 4, "min": 1}, "61": {"avg": 6, "std_dev": 2.0, "variance": 4, "max": 8, "min": 4}, "62": {"avg": 3, "std_dev": 1.7320508075688772, "variance": 3, "max": 5, "min": 2}, "65": {"avg": 3.5, "std_dev": 4.358898943540674, "variance": 19.0, "max": 10, "min": 1}, "67": {"avg": 2.75, "std_dev": 1.707825127659933, "variance": 2.9166666666666665, "max": 5, "min": 1}, "70": {"avg": 2, "std_dev": 1.0, "variance": 1, "max": 3, "min": 1}, "72": {"avg": 4, "std_dev": 2.309401076758503, "variance": 5.333333333333333, "max": 6, "min": 2}, "74": {"avg": 5.25, "std_dev": 3.774917217635375, "variance": 14.25, "max": 9, "min": 2}, "75": {"avg": 3.5, "std_dev": 3.696845502136472, "variance": 13.666666666666666, "max": 9, "min": 1}, "76": {"avg": 1.75, "std_dev": 0.5, "variance": 0.25, "max": 2, "min": 1}, "78": {"avg": 4, "std_dev": 1.2649110640673518, "variance": 1.6, "max": 5, "min": 2}, "79": {"avg": 3, "std_dev": 2.449489742783178, "variance": 6, "max": 6, "min": 1}, "80": {"avg": 3.2, "std_dev": 2.949576240750525, "variance": 8.7, "max": 8, "min": 1}}