{"avg_ppls": 0.2490096208262592, "avg_pp2ls": 0.2507640067911715, "avg_pp3ls": 0.2511601584606678, "avg_pp4ls": 0.25028296547821166, "avg_pp5ls": 0.24895302773061687, "avg_pp6ls": 0.2500848896434635, "avg_pp7ls": 0.2501414827391058, "avg_pp8ls": 0.25169779286926997, "avg_pp9ls": 0.24943406904357668, "avg_pp10ls": 0.2492642897566497, "std_dev_ppls": 0.027893073115768746, "std_dev_pp2ls": 0.02709270559096682, "std_dev_pp3ls": 0.02695621230784157, "std_dev_pp4ls": 0.02704093769402956, "std_dev_pp5ls": 0.028758282200864207, "std_dev_pp6ls": 0.02836386843217485, "std_dev_pp7ls": 0.028396933712691697, "std_dev_pp8ls": 0.028388035310429632, "std_dev_pp9ls": 0.027811664841786595, "std_dev_pp10ls": 0.02801080509734792, "variance_ppls": 0.0007780235278416212, "variance_pp2ls": 0.0007340146962388046, "variance_pp3ls": 0.0007266373819854292, "variance_pp4ls": 0.0007312123113723888, "variance_pp5ls": 0.0008270387951445431, "variance_pp6ls": 0.0008045090324377248, "variance_pp7ls": 0.0008063858442830062, "variance_pp8ls": 0.0008058805487861997, "variance_pp9ls": 0.0007734887012718686, "variance_pp10ls": 0.0007846052022016123}