{"avg_ppws": 0.2529711375212224, "avg_pp2ws": 0.24770797962648558, "avg_pp3ws": 0.24651952461799662, "avg_pp4ws": 0.24915110356536502, "avg_pp5ws": 0.25314091680814943, "avg_pp6ws": 0.2497453310696095, "avg_pp7ws": 0.2495755517826825, "avg_pp8ws": 0.24490662139219016, "avg_pp9ws": 0.25169779286926997, "avg_pp10ws": 0.2522071307300509, "std_dev_ppws": 0.08367921934730625, "std_dev_pp2ws": 0.08127811677290046, "std_dev_pp3ws": 0.08086863692352472, "std_dev_pp4ws": 0.08112281308208869, "std_dev_pp5ws": 0.08627484660259263, "std_dev_pp6ws": 0.08509160529652456, "std_dev_pp7ws": 0.0851908011380751, "std_dev_pp8ws": 0.08516410593128891, "std_dev_pp9ws": 0.0834349945253598, "std_dev_pp10ws": 0.08403241529204378, "variance_ppws": 0.0070022117505745924, "variance_pp2ws": 0.006606132266149243, "variance_pp3ws": 0.006539736437868865, "variance_pp4ws": 0.0065809108023515, "variance_pp5ws": 0.00744334915630089, "variance_pp6ws": 0.007240581291939526, "variance_pp7ws": 0.007257472598547058, "variance_pp8ws": 0.0072529249390758, "variance_pp9ws": 0.0069613983114468194, "variance_pp10ws": 0.007061446819814513}