{"avg_psfpl": 0.7470288624787776, "avg_psfp2l": 0.7522920203735144, "avg_psfp3l": 0.7534804753820034, "avg_psfp4l": 0.7508488964346349, "avg_psfp5l": 0.7468590831918506, "avg_psfp6l": 0.7502546689303905, "avg_psfp7l": 0.7504244482173175, "avg_psfp8l": 0.7550933786078099, "avg_psfp9l": 0.74830220713073, "avg_psfp10l": 0.747792869269949, "std_dev_psfpl": 0.08367921934730625, "std_dev_psfp2l": 0.08127811677290048, "std_dev_psfp3l": 0.08086863692352472, "std_dev_psfp4l": 0.0811228130820887, "std_dev_psfp5l": 0.08627484660259264, "std_dev_psfp6l": 0.08509160529652457, "std_dev_psfp7l": 0.08519080113807512, "std_dev_psfp8l": 0.08516410593128892, "std_dev_psfp9l": 0.08343499452535981, "std_dev_psfp10l": 0.08403241529204379, "variance_psfpl": 0.007002211750574594, "variance_psfp2l": 0.006606132266149245, "variance_psfp3l": 0.006539736437868867, "variance_psfp4l": 0.006580910802351502, "variance_psfp5l": 0.007443349156300892, "variance_psfp6l": 0.0072405812919395275, "variance_psfp7l": 0.00725747259854706, "variance_psfp8l": 0.0072529249390758015, "variance_psfp9l": 0.00696139831144682, "variance_psfp10l": 0.007061446819814515}