{"avg_pip2ls": 0.2502025037420687, "avg_pip3ls": 0.2507074897180476, "avg_pip4ls": 0.2507414836538116, "avg_pip5ls": 0.2505286980227458, "avg_pip6ls": 0.24934503624469825, "avg_pip7ls": 0.24774694634127373, "avg_pip8ls": 0.24752015575445116, "avg_pip9ls": 0.2379749643780256, "avg_pip10ls": 0.23607485107485107, "std_dev_pip2ls": 0.0436058189413221, "std_dev_pip3ls": 0.05608345484417449, "std_dev_pip4ls": 0.06991087192367089, "std_dev_pip5ls": 0.08699556222874767, "std_dev_pip6ls": 0.10470830952070619, "std_dev_pip7ls": 0.12561271048023837, "std_dev_pip8ls": 0.1540128728001429, "std_dev_pip9ls": 0.1873031466645317, "std_dev_pip10ls": 0.2243467232674783, "variance_pip2ls": 0.0019014674455433652, "variance_pip3ls": 0.003145353907258559, "variance_pip4ls": 0.004887530013127915, "variance_pip5ls": 0.007568227847495908, "variance_pip6ls": 0.01096383008268401, "variance_pip7ls": 0.015778553034192185, "variance_pip8ls": 0.023719964988152997, "variance_pip9ls": 0.035082468750435074, "variance_pip10ls": 0.05033145224085449}