{"avg_psfpw": 0.2529711375212224, "avg_psfp2w": 0.24770797962648558, "avg_psfp3w": 0.24651952461799662, "avg_psfp4w": 0.24915110356536502, "avg_psfp5w": 0.25314091680814943, "avg_psfp6w": 0.2497453310696095, "avg_psfp7w": 0.2495755517826825, "avg_psfp8w": 0.24490662139219016, "avg_psfp9w": 0.25169779286926997, "avg_psfp10w": 0.2522071307300509, "std_dev_psfpw": 0.08367921934730625, "std_dev_psfp2w": 0.08127811677290046, "std_dev_psfp3w": 0.08086863692352472, "std_dev_psfp4w": 0.08112281308208869, "std_dev_psfp5w": 0.08627484660259263, "std_dev_psfp6w": 0.08509160529652456, "std_dev_psfp7w": 0.0851908011380751, "std_dev_psfp8w": 0.08516410593128891, "std_dev_psfp9w": 0.0834349945253598, "std_dev_psfp10w": 0.08403241529204378, "variance_psfpw": 0.0070022117505745924, "variance_psfp2w": 0.006606132266149243, "variance_psfp3w": 0.006539736437868865, "variance_psfp4w": 0.0065809108023515, "variance_psfp5w": 0.00744334915630089, "variance_psfp6w": 0.007240581291939526, "variance_psfp7w": 0.007257472598547058, "variance_psfp8w": 0.0072529249390758, "variance_psfp9w": 0.0069613983114468194, "variance_psfp10w": 0.007061446819814513}