{"avg_psfip2": 0.5634974533106961, "avg_psfip3": 0.4237691001697793, "avg_psfip4": 0.3174872665534805, "avg_psfip5": 0.23794567062818336, "avg_psfip6": 0.17767402376910016, "avg_psfip7": 0.13183361629881155, "avg_psfip8": 0.09847198641765705, "avg_psfip9": 0.07181663837011885, "avg_psfip10": 0.05322580645161291, "std_dev_psfip2": 0.09931906981822658, "std_dev_psfip3": 0.09925087259184853, "std_dev_psfip4": 0.09308471339696887, "std_dev_psfip5": 0.08737882047607011, "std_dev_psfip6": 0.07958131737907176, "std_dev_psfip7": 0.06944409603029453, "std_dev_psfip8": 0.061908765270403655, "std_dev_psfip9": 0.05672700164728531, "std_dev_psfip10": 0.048072913861967666, "variance_psfip2": 0.009864277629557765, "variance_psfip3": 0.009850735710243351, "variance_psfip4": 0.008664763868195835, "variance_psfip5": 0.007635058267789288, "variance_psfip6": 0.006333186075788549, "variance_psfip7": 0.004822482473464768, "variance_psfip8": 0.0038326952173059377, "variance_psfip9": 0.00321795271589111, "variance_psfip10": 0.0023110050471801626}