{"avg_pip2lrns": 0.24878513158711146, "avg_psfip2lrn": 0.3202886247877759, "std_dev_pip2lrns": 0.09290979386308852, "std_dev_psfip2lrn": 0.20765556800000545, "variance_pip2lrns": 0.008632229795681602, "variance_psfip2lrn": 0.043120834921404894}