{"avg_prns": 0.24898940259100333, "avg_psfrn": 0.38446519524617995, "avg_draws_per_round": 8.816666666666666, "std_dev_prns": 0.09118261599288252, "std_dev_psfrn": 0.30317300615443754, "std_dev_draws_per_round": 1.3838250436425947, "variance_prns": 0.008314269459305475, "variance_psfrn": 0.09191387166071861, "variance_draws_per_round": 1.9149717514124294}