{"2": 3.7974683544303796, "6": 3.7560975609756095, "7": 4.328571428571428, "12": 3.4269662921348316, "14": 4.0131578947368425, "16": 3.961038961038961, "22": 3.5813953488372094, "28": 4.219178082191781, "29": 3.6951219512195124, "33": 3.8987341772151898, "37": 4.78125, "39": 3.588235294117647, "45": 3.802469135802469, "46": 3.8375, "55": 4.219178082191781, "59": 3.231578947368421, "62": 4.575757575757576, "66": 3.602409638554217, "74": 3.528735632183908, "78": 4.371428571428571, "1": 3.5, "4": 3.8734177215189876, "9": 4.434782608695652, "11": 3.710843373493976, "18": 3.7195121951219514, "20": 3.8461538461538463, "25": 3.528735632183908, "26": 4.873015873015873, "43": 4.208333333333333, "44": 3.347826086956522, "54": 4.08, "58": 3.7195121951219514, "63": 3.973684210526316, "68": 3.802469135802469, "79": 4.357142857142857, "8": 3.5232558139534884, "10": 3.85, "13": 3.3369565217391304, "17": 4.723076923076923, "19": 3.8125, "21": 4.094594594594595, "23": 4.205479452054795, "27": 3.674698795180723, "30": 3.948717948717949, "31": 3.623529411764706, "36": 3.987012987012987, "47": 4.723076923076923, "52": 3.3369565217391304, "65": 5.066666666666666, "71": 3.6951219512195124, "77": 4.208333333333333, "80": 4.205479452054795, "32": 4.094594594594595, "38": 4.052631578947368, "42": 3.825, "50": 4.582089552238806, "51": 3.5172413793103448, "64": 3.96, "67": 3.7435897435897436, "70": 3.682926829268293, "72": 4.0131578947368425, "75": 4.3768115942028984, "76": 4.630769230769231, "5": 4.295774647887324, "15": 4.3, "34": 3.707317073170732, "40": 4.485294117647059, "49": 4.5, "53": 3.623529411764706, "69": 3.710843373493976, "57": 4.676923076923077, "61": 4.1066666666666665, "73": 4.178082191780822, "60": 4.0, "35": 4.054794520547945, "56": 3.5, "48": 4.052631578947368, "24": 4.309859154929577, "3": 3.8987341772151898, "41": 3.9740259740259742, "avg_over_all": 3.988255595708352}