{"1_mean": 3.5, "1_std_dev": 2.7874925905782666, "1_variance": 7.7701149425287355, "2_mean": 3.7974683544303796, "2_std_dev": 3.2280014728313096, "2_variance": 10.419993508601104, "3_mean": 3.8987341772151898, "3_std_dev": 3.326640473313691, "3_variance": 11.066536838688739, "4_mean": 3.8734177215189876, "4_std_dev": 3.981904867592107, "4_variance": 15.855566374553717, "5_mean": 4.295774647887324, "5_std_dev": 3.716351383498848, "5_variance": 13.811267605633804, "6_mean": 3.7560975609756095, "6_std_dev": 3.536619630398134, "6_variance": 12.507678410117434, "7_mean": 4.328571428571428, "7_std_dev": 3.343700235209484, "7_variance": 11.180331262939958, "8_mean": 3.5232558139534884, "8_std_dev": 2.6952103232828613, "8_variance": 7.264158686730506, "9_mean": 4.434782608695652, "9_std_dev": 3.9163242853380247, "9_variance": 15.337595907928389, "10_mean": 3.85, "10_std_dev": 2.895216482581684, "10_variance": 8.382278481012658, "11_mean": 3.710843373493976, "11_std_dev": 3.066459468228941, "11_variance": 9.40317367029092, "12_mean": 3.4269662921348316, "12_std_dev": 3.078103166094924, "12_variance": 9.474719101123595, "13_mean": 3.3369565217391304, "13_std_dev": 2.726657874197647, "13_variance": 7.434663162924032, "14_mean": 4.0131578947368425, "14_std_dev": 3.0484681226374732, "14_variance": 9.293157894736842, "15_mean": 4.3, "15_std_dev": 3.6528726039747905, "15_variance": 13.343478260869565, "16_mean": 3.961038961038961, "16_std_dev": 3.0150567701801956, "16_variance": 9.090567327409433, "17_mean": 4.723076923076923, "17_std_dev": 4.001982681698584, "17_variance": 16.015865384615385, "18_mean": 3.7195121951219514, "18_std_dev": 3.2404632737070953, "18_variance": 10.500602228244505, "19_mean": 3.8125, "19_std_dev": 3.0815652360119636, "19_variance": 9.496044303797468, "20_mean": 3.8461538461538463, "20_std_dev": 3.0666912796359864, "20_variance": 9.404595404595405, "21_mean": 4.094594594594595, "21_std_dev": 3.7165638826298966, "21_variance": 13.812847093669012, "22_mean": 3.5813953488372094, "22_std_dev": 3.0504198988840088, "22_variance": 9.305061559507525, "23_mean": 4.205479452054795, "23_std_dev": 3.3704553933555768, "23_variance": 11.359969558599696, "24_mean": 4.309859154929577, "24_std_dev": 3.864089429961012, "24_variance": 14.93118712273642, "25_mean": 3.528735632183908, "25_std_dev": 2.7569745823822225, "25_variance": 7.60090884790163, "26_mean": 4.873015873015873, "26_std_dev": 4.824306948360774, "26_variance": 23.273937532002044, "27_mean": 3.674698795180723, "27_std_dev": 3.5238159531371522, "27_variance": 12.417278871583896, "28_mean": 4.219178082191781, "28_std_dev": 3.7052761755759467, "28_variance": 13.729071537290714, "29_mean": 3.6951219512195124, "29_std_dev": 2.7293060864145224, "29_variance": 7.449111713339356, "30_mean": 3.948717948717949, "30_std_dev": 3.286720371819118, "30_variance": 10.802530802530802, "31_mean": 3.623529411764706, "31_std_dev": 3.154650650752206, "31_variance": 9.951820728291317, "32_mean": 4.094594594594595, "32_std_dev": 3.3276299473156192, "32_variance": 11.073121066271751, "33_mean": 3.8987341772151898, "33_std_dev": 3.7811778680006536, "33_variance": 14.297306069457969, "34_mean": 3.707317073170732, "34_std_dev": 2.8479483838350825, "34_variance": 8.11080999698886, "35_mean": 4.054794520547945, "35_std_dev": 3.7708325449682567, "35_variance": 14.21917808219178, "36_mean": 3.987012987012987, "36_std_dev": 3.6831533489571653, "36_variance": 13.565618591934381, "37_mean": 4.78125, "37_std_dev": 4.661455423648999, "37_variance": 21.729166666666668, "38_mean": 4.052631578947368, "38_std_dev": 3.915421601282482, "38_variance": 15.330526315789474, "39_mean": 3.588235294117647, "39_std_dev": 3.3212666747688258, "39_variance": 11.030812324929974, "40_mean": 4.485294117647059, "40_std_dev": 3.842001371560057, "40_variance": 14.76097453906936, "41_mean": 3.9740259740259742, "41_std_dev": 3.688438644046478, "41_variance": 13.60457963089542, "42_mean": 3.825, "42_std_dev": 2.524688224892609, "42_variance": 6.374050632911392, "43_mean": 4.208333333333333, "43_std_dev": 3.3732063569785593, "43_variance": 11.378521126760564, "44_mean": 3.347826086956522, "44_std_dev": 2.8067218476118083, "44_variance": 7.8776875298614435, "45_mean": 3.802469135802469, "45_std_dev": 3.4907726690749277, "45_variance": 12.185493827160496, "46_mean": 3.8375, "46_std_dev": 3.3164100996962196, "46_variance": 10.998575949367089, "47_mean": 4.723076923076923, "47_std_dev": 4.098428404231966, "47_variance": 16.797115384615385, "48_mean": 4.052631578947368, "48_std_dev": 3.8397733851261076, "48_variance": 14.743859649122808, "49_mean": 4.5, "49_std_dev": 3.7714560314306893, "49_variance": 14.223880597014926, "50_mean": 4.582089552238806, "50_std_dev": 3.834252539584923, "50_variance": 14.701492537313433, "51_mean": 3.5172413793103448, "51_std_dev": 3.0911052774707266, "51_variance": 9.554931836407377, "52_mean": 3.3369565217391304, "52_std_dev": 2.4145946986043905, "52_variance": 5.830267558528428, "53_mean": 3.623529411764706, "53_std_dev": 2.729802324032148, "53_variance": 7.451820728291318, "54_mean": 4.08, "54_std_dev": 2.9120439557122073, "54_variance": 8.48, "55_mean": 4.219178082191781, "55_std_dev": 3.0057656417036696, "55_variance": 9.034627092846272, "56_mean": 3.5, "56_std_dev": 2.373222262672836, "56_variance": 5.632183908045977, "57_mean": 4.676923076923077, "57_std_dev": 3.9493183442988467, "57_variance": 15.597115384615384, "58_mean": 3.7195121951219514, "58_std_dev": 3.1359106431111585, "58_variance": 9.833935561577839, "59_mean": 3.231578947368421, "59_std_dev": 2.574228376761138, "59_variance": 6.626651735722285, "60_mean": 4, "60_std_dev": 3.5251477510406093, "60_variance": 12.426666666666666, "61_mean": 4.1066666666666665, "61_std_dev": 3.139001964531614, "61_variance": 9.853333333333333, "62_mean": 4.575757575757576, "62_std_dev": 4.136370040211236, "62_variance": 17.10955710955711, "63_mean": 3.973684210526316, "63_std_dev": 3.0374273509469663, "63_variance": 9.225964912280704, "64_mean": 3.96, "64_std_dev": 3.814765055993938, "64_variance": 14.55243243243243, "65_mean": 5.066666666666666, "65_std_dev": 4.69715624991954, "65_variance": 22.06327683615819, "66_mean": 3.602409638554217, "66_std_dev": 3.5197691132569577, "66_variance": 12.388774610637672, "67_mean": 3.7435897435897436, "67_std_dev": 2.92519684068894, "67_variance": 8.556776556776557, "68_mean": 3.802469135802469, "68_std_dev": 3.7663634751787427, "68_variance": 14.185493827160496, "69_mean": 3.710843373493976, "69_std_dev": 3.179699788260151, "69_variance": 10.110490743461652, "70_mean": 3.682926829268293, "70_std_dev": 2.8840902401101225, "70_variance": 8.317976513098463, "71_mean": 3.6951219512195124, "71_std_dev": 3.5335745004706482, "71_variance": 12.486148750376392, "72_mean": 4.0131578947368425, "72_std_dev": 3.820971677650007, "72_variance": 14.599824561403508, "73_mean": 4.178082191780822, "73_std_dev": 3.8706246472394286, "73_variance": 14.981735159817351, "74_mean": 3.528735632183908, "74_std_dev": 2.8766868881671486, "74_variance": 8.275327452552792, "75_mean": 4.3768115942028984, "75_std_dev": 4.589314472949996, "75_variance": 21.0618073316283, "76_mean": 4.630769230769231, "76_std_dev": 3.3983876267339577, "76_variance": 11.54903846153846, "77_mean": 4.208333333333333, "77_std_dev": 4.272207926047173, "77_variance": 18.251760563380284, "78_mean": 4.371428571428571, "78_std_dev": 3.575972264958378, "78_variance": 12.787577639751554, "79_mean": 4.357142857142857, "79_std_dev": 3.844950440817091, "79_variance": 14.783643892339544, "80_mean": 4.205479452054795, "80_std_dev": 4.058457917696179, "80_variance": 16.471080669710805}