{"4_mean": 4.5, "4_std_dev": 3.0, "4_variance": 9.0, "5_mean": 4.666666666666667, "5_std_dev": 4.618802153517006, "5_variance": 21.333333333333332, "12_mean": 3, "12_std_dev": 2.0, "12_variance": 4, "15_mean": 2.6666666666666665, "15_std_dev": 2.886751345948129, "15_variance": 8.333333333333334, "17_mean": 2.6666666666666665, "17_std_dev": 1.1547005383792515, "17_variance": 1.3333333333333333, "31_mean": 4, "31_std_dev": 5.196152422706632, "31_variance": 27, "35_mean": 1.5, "35_std_dev": 0.5773502691896257, "35_variance": 0.3333333333333333, "36_mean": 3.3333333333333335, "36_std_dev": 0.5773502691896257, "36_variance": 0.3333333333333333, "37_mean": 5, "37_std_dev": 3.605551275463989, "37_variance": 13, "45_mean": 3, "45_std_dev": 2.6457513110645907, "45_variance": 7, "46_mean": 3.6666666666666665, "46_std_dev": 1.5275252316519468, "46_variance": 2.3333333333333335, "47_mean": 4.666666666666667, "47_std_dev": 3.7859388972001824, "47_variance": 14.333333333333332, "49_mean": 3, "49_std_dev": 2.6457513110645907, "49_variance": 7, "50_mean": 3, "50_std_dev": 2.0, "50_variance": 4, "57_mean": 2, "57_std_dev": 1.0, "57_variance": 1, "62_mean": 3, "62_std_dev": 1.7320508075688772, "62_variance": 3, "68_mean": 2.6666666666666665, "68_std_dev": 0.5773502691896257, "68_variance": 0.3333333333333333, "75_mean": 3.6666666666666665, "75_std_dev": 2.886751345948129, "75_variance": 8.333333333333334, "78_mean": 3.6666666666666665, "78_std_dev": 1.5275252316519468, "78_variance": 2.3333333333333335, "80_mean": 1, "80_std_dev": 0.0, "80_variance": 0}