{"avg_pip2ls": 0.24790652391707826, "avg_pip3ls": 0.24762560415715634, "avg_pip4ls": 0.2493083254150765, "avg_pip5ls": 0.2493859476442391, "avg_pip6ls": 0.24696329653682075, "avg_pip7ls": 0.24949813477744784, "avg_pip8ls": 0.2529008649814019, "avg_pip9ls": 0.2604018371635821, "avg_pip10ls": 0.257554379776602, "std_dev_pip2ls": 0.04440706985675916, "std_dev_pip3ls": 0.0591836274997709, "std_dev_pip4ls": 0.07258180101669913, "std_dev_pip5ls": 0.09308820441550844, "std_dev_pip6ls": 0.11621219412594971, "std_dev_pip7ls": 0.13828171931042899, "std_dev_pip8ls": 0.16259889930078075, "std_dev_pip9ls": 0.19277524209017816, "std_dev_pip10ls": 0.23105743566547737, "variance_pip2ls": 0.001971987853263088, "variance_pip3ls": 0.0035027017640316387, "variance_pip4ls": 0.005268117838827707, "variance_pip5ls": 0.008665413801303486, "variance_pip6ls": 0.013505274063567422, "variance_pip7ls": 0.01912183389544827, "variance_pip8ls": 0.026438402053825437, "variance_pip9ls": 0.0371622939629268, "variance_pip10ls": 0.053387538576306216}