{"avg_ppws": 0.24731543624161073, "avg_pp2ws": 0.25855704697986576, "avg_pp3ws": 0.2481543624161074, "avg_pp4ws": 0.2417785234899329, "avg_pp5ws": 0.24748322147651006, "avg_pp6ws": 0.2516778523489933, "avg_pp7ws": 0.24479865771812082, "avg_pp8ws": 0.24932885906040267, "avg_pp9ws": 0.24748322147651006, "avg_pp10ws": 0.25855704697986576, "std_dev_ppws": 0.08313820283733088, "std_dev_pp2ws": 0.08450050365839862, "std_dev_pp3ws": 0.08802901456422009, "std_dev_pp4ws": 0.08463344179381133, "std_dev_pp5ws": 0.07999605243011658, "std_dev_pp6ws": 0.08496703804986981, "std_dev_pp7ws": 0.08941331259702151, "std_dev_pp8ws": 0.08557324568153094, "std_dev_pp9ws": 0.08319407386519477, "std_dev_pp10ws": 0.08369979082317293, "variance_ppws": 0.006911960771021173, "variance_pp2ws": 0.007140335118523038, "variance_pp3ws": 0.007749107405147673, "variance_pp4ws": 0.0071628194698664495, "variance_pp5ws": 0.0063993684044019615, "variance_pp6ws": 0.0072193975549680245, "variance_pp7ws": 0.007994740469572685, "variance_pp8ws": 0.007322780376471652, "variance_pp9ws": 0.006921253926287483, "variance_pp10ws": 0.007005654983842903}