{"avg_ppls": 0.25089485458612976, "avg_pp2ls": 0.2471476510067114, "avg_pp3ls": 0.2506152125279642, "avg_pp4ls": 0.25274049217002237, "avg_pp5ls": 0.25083892617449666, "avg_pp6ls": 0.2494407158836689, "avg_pp7ls": 0.2517337807606264, "avg_pp8ls": 0.25022371364653245, "avg_pp9ls": 0.25083892617449666, "avg_pp10ls": 0.2471476510067114, "std_dev_ppls": 0.02771273427911029, "std_dev_pp2ls": 0.028166834552799534, "std_dev_pp3ls": 0.029343004854740028, "std_dev_pp4ls": 0.028211147264603772, "std_dev_pp5ls": 0.026665350810038856, "std_dev_pp6ls": 0.028322346016623267, "std_dev_pp7ls": 0.029804437532340498, "std_dev_pp8ls": 0.028524415227176973, "std_dev_pp9ls": 0.02773135795506492, "std_dev_pp10ls": 0.02789993027439097, "variance_ppls": 0.0007679956412245746, "variance_pp2ls": 0.0007933705687247817, "variance_pp3ls": 0.0008610119339052968, "variance_pp4ls": 0.0007958688299851608, "variance_pp5ls": 0.0007110409338224399, "variance_pp6ls": 0.0008021552838853358, "variance_pp7ls": 0.0008883044966191869, "variance_pp8ls": 0.0008136422640524055, "variance_pp9ls": 0.0007690282140319424, "variance_pp10ls": 0.0007784061093158779}