{"avg_psfip2": 0.5570469798657718, "avg_psfip3": 0.4186241610738255, "avg_psfip4": 0.31644295302013425, "avg_psfip5": 0.23825503355704697, "avg_psfip6": 0.1766778523489933, "avg_psfip7": 0.1343959731543624, "avg_psfip8": 0.10302013422818793, "avg_psfip9": 0.08070469798657719, "avg_psfip10": 0.05805369127516779, "std_dev_psfip2": 0.10183834391088346, "std_dev_psfip3": 0.10459374520251735, "std_dev_psfip4": 0.09551260833443023, "std_dev_psfip5": 0.09611813398963123, "std_dev_psfip6": 0.08819955705519351, "std_dev_psfip7": 0.0786018667192032, "std_dev_psfip8": 0.06956531410538767, "std_dev_psfip9": 0.06294008731046709, "std_dev_psfip10": 0.05240579622437867, "variance_psfip2": 0.010371048290511376, "variance_psfip3": 0.01093985153548912, "variance_psfip4": 0.009122658350846271, "variance_psfip5": 0.009238695681648703, "variance_psfip6": 0.007779161864732335, "variance_psfip7": 0.006178253451743385, "variance_psfip8": 0.004839332926581249, "variance_psfip9": 0.003961454590649221, "variance_psfip10": 0.002746367477911102}