{"avg_psfpl": 0.7526845637583892, "avg_psfp2l": 0.7414429530201342, "avg_psfp3l": 0.7518456375838927, "avg_psfp4l": 0.7582214765100671, "avg_psfp5l": 0.75251677852349, "avg_psfp6l": 0.7483221476510067, "avg_psfp7l": 0.7552013422818792, "avg_psfp8l": 0.7506711409395973, "avg_psfp9l": 0.75251677852349, "avg_psfp10l": 0.7414429530201342, "std_dev_psfpl": 0.0831382028373309, "std_dev_psfp2l": 0.08450050365839862, "std_dev_psfp3l": 0.0880290145642201, "std_dev_psfp4l": 0.08463344179381133, "std_dev_psfp5l": 0.0799960524301166, "std_dev_psfp6l": 0.08496703804986983, "std_dev_psfp7l": 0.08941331259702151, "std_dev_psfp8l": 0.08557324568153094, "std_dev_psfp9l": 0.08319407386519477, "std_dev_psfp10l": 0.08369979082317293, "variance_psfpl": 0.006911960771021175, "variance_psfp2l": 0.007140335118523039, "variance_psfp3l": 0.007749107405147674, "variance_psfp4l": 0.00716281946986645, "variance_psfp5l": 0.006399368404401962, "variance_psfp6l": 0.007219397554968026, "variance_psfp7l": 0.007994740469572686, "variance_psfp8l": 0.0073227803764716526, "variance_psfp9l": 0.006921253926287484, "variance_psfp10l": 0.007005654983842904}