{"avg_psfpw": 0.24731543624161073, "avg_psfp2w": 0.25855704697986576, "avg_psfp3w": 0.2481543624161074, "avg_psfp4w": 0.2417785234899329, "avg_psfp5w": 0.24748322147651006, "avg_psfp6w": 0.2516778523489933, "avg_psfp7w": 0.24479865771812082, "avg_psfp8w": 0.24932885906040267, "avg_psfp9w": 0.24748322147651006, "avg_psfp10w": 0.25855704697986576, "std_dev_psfpw": 0.08313820283733088, "std_dev_psfp2w": 0.08450050365839862, "std_dev_psfp3w": 0.08802901456422009, "std_dev_psfp4w": 0.08463344179381133, "std_dev_psfp5w": 0.07999605243011658, "std_dev_psfp6w": 0.08496703804986981, "std_dev_psfp7w": 0.08941331259702151, "std_dev_psfp8w": 0.08557324568153094, "std_dev_psfp9w": 0.08319407386519477, "std_dev_psfp10w": 0.08369979082317293, "variance_psfpw": 0.006911960771021173, "variance_psfp2w": 0.007140335118523038, "variance_psfp3w": 0.007749107405147673, "variance_psfp4w": 0.0071628194698664495, "variance_psfp5w": 0.0063993684044019615, "variance_psfp6w": 0.0072193975549680245, "variance_psfp7w": 0.007994740469572685, "variance_psfp8w": 0.007322780376471652, "variance_psfp9w": 0.006921253926287483, "variance_psfp10w": 0.007005654983842903}