{"avg_pip2lrns": 0.24814583308062033, "avg_psfip2lrn": 0.32365771812080535, "std_dev_pip2lrns": 0.10025639254434303, "std_dev_psfip2lrn": 0.20869736347006068, "variance_pip2lrns": 0.0100513442460054, "variance_psfip2lrn": 0.04355458951935462}