{"avg_prns": 0.24846486185785666, "avg_psfrn": 0.38926174496644295, "avg_draws_per_round": 8.8, "std_dev_prns": 0.09825921755599833, "std_dev_psfrn": 0.3039063163279361, "std_dev_draws_per_round": 1.2148506364839742, "variance_prns": 0.009654873834717009, "variance_psfrn": 0.09235904910401554, "variance_draws_per_round": 1.4758620689655173}