{"5": 3.881057268722467, "8": 3.9298245614035086, "17": 3.720833333333333, "21": 3.942982456140351, "23": 3.9251101321585904, "25": 4.129032258064516, "29": 3.977777777777778, "33": 4.068181818181818, "34": 4.162037037037037, "47": 4.211267605633803, "51": 3.94273127753304, "54": 3.878787878787879, "55": 3.825531914893617, "60": 4.45273631840796, "62": 4.553299492385787, "63": 4.220657276995305, "66": 3.805084745762712, "71": 3.777310924369748, "75": 3.977777777777778, "80": 3.674897119341564, "6": 4.41871921182266, "7": 3.9342105263157894, "9": 3.8620689655172415, "10": 3.8085106382978724, "11": 3.815450643776824, "15": 3.9646017699115044, "16": 4.04524886877828, "19": 3.809322033898305, "20": 4.013392857142857, "28": 3.6530612244897958, "31": 3.947136563876652, "32": 3.6653061224489796, "35": 4.0, "45": 4.260663507109005, "46": 4.068181818181818, "52": 4.385365853658537, "3": 4.027027027027027, "4": 4.242857142857143, "36": 3.8917748917748916, "37": 3.9690265486725664, "40": 3.596, "41": 3.716666666666667, "44": 3.93859649122807, "48": 4.177570093457944, "50": 3.788135593220339, "64": 3.986666666666667, "69": 3.764705882352941, "70": 4.152777777777778, "72": 3.960352422907489, "59": 4.095890410958904, "68": 3.690082644628099, "74": 4.067873303167421, "78": 3.639676113360324, "1": 4.342995169082125, "2": 4.1336405529953915, "24": 4.067873303167421, "30": 4.031390134529148, "38": 3.9955555555555557, "53": 3.7375, "13": 3.9555555555555557, "27": 4.260663507109005, "39": 4.2559241706161135, "58": 3.951541850220264, "65": 3.832618025751073, "18": 4.022421524663677, "76": 3.7605042016806722, "77": 4.072727272727272, "12": 3.9559471365638768, "49": 4.215962441314554, "57": 4.100456621004566, "61": 3.5657370517928286, "73": 4.776595744680851, "22": 4.081818181818182, "56": 3.921397379912664, "67": 3.805084745762712, "79": 4.276190476190476, "42": 4.157407407407407, "43": 3.933628318584071, "14": 3.7615062761506275, "26": 4.2274881516587675, "avg_over_all": 3.995174625164423}