{"1": {"avg": 4.342995169082125, "std_dev": 3.8469804972963524, "variance": 14.79925894657849, "max": 23, "min": 1}, "2": {"avg": 4.1336405529953915, "std_dev": 3.603704642167206, "variance": 12.98668714797747, "max": 22, "min": 1}, "3": {"avg": 4.027027027027027, "std_dev": 3.3267310588215233, "variance": 11.067139537727773, "max": 17, "min": 1}, "4": {"avg": 4.242857142857143, "std_dev": 3.8355016800138317, "variance": 14.711073137388926, "max": 26, "min": 1}, "5": {"avg": 3.881057268722467, "std_dev": 3.333782928108852, "variance": 11.11410861175003, "max": 17, "min": 0}, "6": {"avg": 4.41871921182266, "std_dev": 3.775513122948955, "variance": 14.254499341559772, "max": 22, "min": 1}, "7": {"avg": 3.9342105263157894, "std_dev": 3.4539214500037776, "variance": 11.929573382796198, "max": 21, "min": 1}, "8": {"avg": 3.9298245614035086, "std_dev": 3.8649430773443667, "variance": 14.937784991112142, "max": 28, "min": 0}, "9": {"avg": 3.8620689655172415, "std_dev": 3.2457672782657103, "variance": 10.535005224660397, "max": 20, "min": 1}, "10": {"avg": 3.8085106382978724, "std_dev": 3.3463738371246463, "variance": 11.198217857792327, "max": 21, "min": 1}, "11": {"avg": 3.815450643776824, "std_dev": 3.4247227283201234, "variance": 11.72872576587243, "max": 20, "min": 1}, "12": {"avg": 3.9559471365638768, "std_dev": 3.1423171311860463, "variance": 9.874156952945304, "max": 18, "min": 1}, "13": {"avg": 3.9555555555555557, "std_dev": 3.5162604143588827, "variance": 12.364087301587302, "max": 19, "min": 1}, "14": {"avg": 3.7615062761506275, "std_dev": 2.879517537889093, "variance": 8.291621251010865, "max": 16, "min": 1}, "15": {"avg": 3.9646017699115044, "std_dev": 3.1281636886406994, "variance": 9.785408062930188, "max": 21, "min": 1}, "16": {"avg": 4.04524886877828, "std_dev": 3.312200251489125, "variance": 10.970670505964623, "max": 18, "min": 1}, "17": {"avg": 3.720833333333333, "std_dev": 3.5062978803379616, "variance": 12.294124825662482, "max": 33, "min": 0}, "18": {"avg": 4.022421524663677, "std_dev": 3.47765576290989, "variance": 12.094089605300368, "max": 18, "min": 1}, "19": {"avg": 3.809322033898305, "std_dev": 3.488839038459413, "variance": 12.1719978362784, "max": 20, "min": 1}, "20": {"avg": 4.013392857142857, "std_dev": 3.25518546062859, "variance": 10.596232383087765, "max": 17, "min": 1}, "21": {"avg": 3.942982456140351, "std_dev": 3.325418573189776, "variance": 11.058408686915527, "max": 17, "min": 0}, "22": {"avg": 4.081818181818182, "std_dev": 3.7565937601928647, "variance": 14.111996679119967, "max": 22, "min": 1}, "23": {"avg": 3.9251101321585904, "std_dev": 3.485575124422687, "variance": 12.149233947994231, "max": 21, "min": 0}, "24": {"avg": 4.067873303167421, "std_dev": 3.559865868548528, "variance": 12.672645002056766, "max": 18, "min": 1}, "25": {"avg": 4.129032258064516, "std_dev": 3.7665604070398935, "variance": 14.186977299880526, "max": 30, "min": 0}, "26": {"avg": 4.2274881516587675, "std_dev": 3.8588676902751438, "variance": 14.890859851049424, "max": 26, "min": 1}, "27": {"avg": 4.260663507109005, "std_dev": 3.434186329851384, "variance": 11.793635748138119, "max": 23, "min": 1}, "28": {"avg": 3.6530612244897958, "std_dev": 2.983225097766026, "variance": 8.899631983941116, "max": 18, "min": 1}, "29": {"avg": 3.977777777777778, "std_dev": 3.654063839026699, "variance": 13.35218253968254, "max": 26, "min": 0}, "30": {"avg": 4.031390134529148, "std_dev": 3.391019053468045, "variance": 11.499010220983315, "max": 19, "min": 1}, "31": {"avg": 3.947136563876652, "std_dev": 3.288062101591552, "variance": 10.811352383922653, "max": 22, "min": 1}, "32": {"avg": 3.6653061224489796, "std_dev": 3.111688107316744, "variance": 9.68260287721646, "max": 26, "min": 1}, "33": {"avg": 4.068181818181818, "std_dev": 3.315920688504672, "variance": 10.9953300124533, "max": 20, "min": 0}, "34": {"avg": 4.162037037037037, "std_dev": 3.6173539755833115, "variance": 13.085249784668388, "max": 24, "min": 0}, "35": {"avg": 4, "std_dev": 3.5409203029619647, "variance": 12.538116591928251, "max": 27, "min": 1}, "36": {"avg": 3.8917748917748916, "std_dev": 3.195305232949532, "variance": 10.209975531714662, "max": 22, "min": 1}, "37": {"avg": 3.9690265486725664, "std_dev": 2.9924224195574083, "variance": 8.954591937069813, "max": 14, "min": 1}, "38": {"avg": 3.9955555555555557, "std_dev": 3.5171744160641043, "variance": 12.370515873015874, "max": 22, "min": 1}, "39": {"avg": 4.2559241706161135, "std_dev": 3.222081621432782, "variance": 10.381809975174905, "max": 15, "min": 1}, "40": {"avg": 3.596, "std_dev": 2.9779618916487918, "variance": 8.868257028112449, "max": 18, "min": 1}, "41": {"avg": 3.716666666666667, "std_dev": 3.433000891137302, "variance": 11.78549511854951, "max": 21, "min": 1}, "42": {"avg": 4.157407407407407, "std_dev": 3.156866379849477, "variance": 9.965805340223945, "max": 16, "min": 1}, "43": {"avg": 3.933628318584071, "std_dev": 3.4396410825541803, "variance": 11.831130776794494, "max": 20, "min": 1}, "44": {"avg": 3.93859649122807, "std_dev": 3.6093004867791607, "variance": 13.027050003864288, "max": 29, "min": 1}, "45": {"avg": 4.260663507109005, "std_dev": 3.8164203541495123, "variance": 14.56506431956669, "max": 27, "min": 1}, "46": {"avg": 4.068181818181818, "std_dev": 3.576928398842248, "variance": 12.794416770444167, "max": 24, "min": 1}, "47": {"avg": 4.211267605633803, "std_dev": 4.254571879303796, "variance": 18.101381876162634, "max": 34, "min": 0}, "48": {"avg": 4.177570093457944, "std_dev": 3.7298770489425195, "variance": 13.91198280022816, "max": 24, "min": 1}, "49": {"avg": 4.215962441314554, "std_dev": 3.6212591157618577, "variance": 13.113517583488353, "max": 25, "min": 1}, "50": {"avg": 3.788135593220339, "std_dev": 3.292419907852179, "variance": 10.84002884962135, "max": 22, "min": 1}, "51": {"avg": 3.94273127753304, "std_dev": 3.4231483636418845, "variance": 11.717944719504112, "max": 26, "min": 0}, "52": {"avg": 4.385365853658537, "std_dev": 3.710449009323413, "variance": 13.767431850789096, "max": 22, "min": 1}, "53": {"avg": 3.7375, "std_dev": 3.065848118578686, "variance": 9.399424686192468, "max": 22, "min": 1}, "54": {"avg": 3.878787878787879, "std_dev": 3.436761658638437, "variance": 11.81133069828722, "max": 19, "min": 0}, "55": {"avg": 3.825531914893617, "std_dev": 3.038110361110139, "variance": 9.23011456628478, "max": 18, "min": 0}, "56": {"avg": 3.921397379912664, "std_dev": 3.169609772344298, "variance": 10.046426108940473, "max": 15, "min": 1}, "57": {"avg": 4.100456621004566, "std_dev": 3.475860367610871, "variance": 12.08160529512798, "max": 19, "min": 1}, "58": {"avg": 3.951541850220264, "std_dev": 3.5301902480461447, "variance": 12.462243187400102, "max": 21, "min": 1}, "59": {"avg": 4.095890410958904, "std_dev": 3.6491712653306596, "variance": 13.316450923714967, "max": 20, "min": 1}, "60": {"avg": 4.45273631840796, "std_dev": 3.8313189602438973, "variance": 14.679004975124377, "max": 19, "min": 0}, "61": {"avg": 3.5657370517928286, "std_dev": 2.854936313577183, "variance": 8.150661354581674, "max": 24, "min": 1}, "62": {"avg": 4.553299492385787, "std_dev": 3.9722830243013654, "variance": 15.779032425152803, "max": 25, "min": 0}, "63": {"avg": 4.220657276995305, "std_dev": 3.738270402697617, "variance": 13.974665603685004, "max": 20, "min": 0}, "64": {"avg": 3.986666666666667, "std_dev": 3.2807338029340762, "variance": 10.763214285714287, "max": 19, "min": 1}, "65": {"avg": 3.832618025751073, "std_dev": 3.4205717049656483, "variance": 11.700310788811603, "max": 23, "min": 1}, "66": {"avg": 3.805084745762712, "std_dev": 3.183089559174194, "variance": 10.132059141723763, "max": 17, "min": 0}, "67": {"avg": 3.805084745762712, "std_dev": 3.1045840495060153, "variance": 9.638442120447168, "max": 15, "min": 1}, "68": {"avg": 3.690082644628099, "std_dev": 3.283149610120765, "variance": 10.779071362436131, "max": 18, "min": 1}, "69": {"avg": 3.764705882352941, "std_dev": 3.5666194618579157,