{"1": {"avg": 4, "std_dev": 2.6457513110645907, "variance": 7, "max": 9, "min": 1}, "2": {"avg": 3.5, "std_dev": 1.9148542155126762, "variance": 3.6666666666666665, "max": 5, "min": 1}, "4": {"avg": 4.166666666666667, "std_dev": 4.167333280008532, "variance": 17.366666666666667, "max": 10, "min": 1}, "5": {"avg": 2.2, "std_dev": 1.3038404810405297, "variance": 1.7, "max": 4, "min": 1}, "6": {"avg": 5.142857142857143, "std_dev": 2.6095064302514777, "variance": 6.809523809523809, "max": 10, "min": 2}, "7": {"avg": 4.833333333333333, "std_dev": 2.0412414523193148, "variance": 4.166666666666666, "max": 7, "min": 3}, "8": {"avg": 3.857142857142857, "std_dev": 2.734262327610589, "variance": 7.476190476190476, "max": 7, "min": 1}, "9": {"avg": 1.6666666666666667, "std_dev": 0.5773502691896257, "variance": 0.3333333333333333, "max": 2, "min": 1}, "10": {"avg": 5.8, "std_dev": 3.898717737923586, "variance": 15.200000000000001, "max": 11, "min": 3}, "11": {"avg": 2.8333333333333335, "std_dev": 1.9407902170679516, "variance": 3.7666666666666666, "max": 6, "min": 1}, "12": {"avg": 3, "std_dev": 2.0, "variance": 4, "max": 5, "min": 1}, "13": {"avg": 2.5714285714285716, "std_dev": 1.2724180205607036, "variance": 1.619047619047619, "max": 5, "min": 1}, "14": {"avg": 3.8, "std_dev": 2.4899799195977463, "variance": 6.2, "max": 8, "min": 2}, "15": {"avg": 2, "std_dev": 1.0, "variance": 1, "max": 3, "min": 1}, "17": {"avg": 4.25, "std_dev": 3.304037933599835, "variance": 10.916666666666666, "max": 8, "min": 1}, "18": {"avg": 3.142857142857143, "std_dev": 1.2149857925879117, "variance": 1.4761904761904763, "max": 4, "min": 1}, "19": {"avg": 4.4, "std_dev": 2.3021728866442674, "variance": 5.3, "max": 7, "min": 2}, "20": {"avg": 1.6, "std_dev": 0.8944271909999159, "variance": 0.7999999999999999, "max": 3, "min": 1}, "21": {"avg": 3.6666666666666665, "std_dev": 2.309401076758503, "variance": 5.333333333333333, "max": 5, "min": 1}, "22": {"avg": 3.857142857142857, "std_dev": 2.340126166724879, "variance": 5.476190476190475, "max": 8, "min": 1}, "23": {"avg": 5.5, "std_dev": 3.696845502136472, "variance": 13.666666666666666, "max": 9, "min": 1}, "24": {"avg": 3.6666666666666665, "std_dev": 2.5166114784235836, "variance": 6.333333333333334, "max": 6, "min": 1}, "25": {"avg": 3.2, "std_dev": 2.3874672772626644, "variance": 5.7, "max": 7, "min": 1}, "26": {"avg": 5.333333333333333, "std_dev": 3.2145502536643185, "variance": 10.333333333333334, "max": 9, "min": 3}, "27": {"avg": 1.25, "std_dev": 0.5, "variance": 0.25, "max": 2, "min": 1}, "29": {"avg": 3.2, "std_dev": 3.03315017762062, "variance": 9.2, "max": 7, "min": 1}, "30": {"avg": 3.25, "std_dev": 1.5, "variance": 2.25, "max": 4, "min": 1}, "34": {"avg": 1.25, "std_dev": 0.5, "variance": 0.25, "max": 2, "min": 1}, "35": {"avg": 2.5, "std_dev": 1.9148542155126762, "variance": 3.6666666666666665, "max": 5, "min": 1}, "36": {"avg": 7.666666666666667, "std_dev": 2.8867513459481287, "variance": 8.333333333333332, "max": 11, "min": 6}, "37": {"avg": 2.5, "std_dev": 1.9148542155126762, "variance": 3.6666666666666665, "max": 5, "min": 1}, "38": {"avg": 3.75, "std_dev": 1.707825127659933, "variance": 2.9166666666666665, "max": 6, "min": 2}, "40": {"avg": 3.4, "std_dev": 2.3021728866442674, "variance": 5.3, "max": 7, "min": 1}, "41": {"avg": 3.8333333333333335, "std_dev": 2.041241452319315, "variance": 4.166666666666667, "max": 7, "min": 1}, "42": {"avg": 3.8, "std_dev": 2.16794833886788, "variance": 4.7, "max": 6, "min": 1}, "43": {"avg": 2.2857142857142856, "std_dev": 1.7994708216848747, "variance": 3.238095238095238, "max": 6, "min": 1}, "44": {"avg": 3.6666666666666665, "std_dev": 2.081665999466133, "variance": 4.333333333333334, "max": 6, "min": 2}, "45": {"avg": 5, "std_dev": 3.7416573867739413, "variance": 14, "max": 12, "min": 1}, "46": {"avg": 3.75, "std_dev": 1.707825127659933, "variance": 2.9166666666666665, "max": 6, "min": 2}, "47": {"avg": 3.4285714285714284, "std_dev": 2.5071326821120348, "variance": 6.285714285714286, "max": 8, "min": 1}, "48": {"avg": 4.8, "std_dev": 3.1144823004794877, "variance": 9.700000000000001, "max": 8, "min": 1}, "49": {"avg": 3.5, "std_dev": 2.0816659994661326, "variance": 4.333333333333333, "max": 6, "min": 1}, "50": {"avg": 2.4, "std_dev": 2.073644135332772, "variance": 4.3, "max": 6, "min": 1}, "51": {"avg": 3.6666666666666665, "std_dev": 2.250925735484551, "variance": 5.066666666666667, "max": 8, "min": 2}, "52": {"avg": 2.2857142857142856, "std_dev": 1.7043362064926932, "variance": 2.9047619047619047, "max": 6, "min": 1}, "54": {"avg": 3.2, "std_dev": 2.04939015319192, "variance": 4.2, "max": 5, "min": 1}, "55": {"avg": 2.3333333333333335, "std_dev": 2.309401076758503, "variance": 5.333333333333333, "max": 5, "min": 1}, "56": {"avg": 2.3333333333333335, "std_dev": 1.3662601021279464, "variance": 1.8666666666666667, "max": 4, "min": 1}, "57": {"avg": 2.25, "std_dev": 1.2583057392117916, "variance": 1.5833333333333333, "max": 4, "min": 1}, "58": {"avg": 4.428571428571429, "std_dev": 3.4572215654165053, "variance": 11.952380952380953, "max": 9, "min": 1}, "59": {"avg": 3.3333333333333335, "std_dev": 2.250925735484551, "variance": 5.066666666666666, "max": 7, "min": 1}, "60": {"avg": 3.2, "std_dev": 1.7888543819998317, "variance": 3.2, "max": 5, "min": 1}, "62": {"avg": 4.166666666666667, "std_dev": 2.714160398109638, "variance": 7.366666666666667, "max": 7, "min": 1}, "63": {"avg": 2.8, "std_dev": 2.949576240750525, "variance": 8.7, "max": 8, "min": 1}, "64": {"avg": 2.5, "std_dev": 1.9148542155126762, "variance": 3.6666666666666665, "max": 5, "min": 1}, "65": {"avg": 5.4, "std_dev": 4.33589667773576, "variance": 18.8, "max": 11, "min": 1}, "66": {"avg": 1.8, "std_dev": 1.0954451150103321, "variance": 1.2, "max": 3, "min": 1}, "67": {"avg": 2.6, "std_dev": 1.5165750888103102, "variance": 2.3000000000000003, "max": 5, "min": 1}, "68": {"avg": 2.8, "std_dev": 2.949576240750525, "variance": 8.7, "max": 8, "min": 1}, "69": {"avg": 4.75, "std_dev": 1.707825127659933, "variance": 2.9166666666666665, "max": 7, "min": 3}, "70": {"avg": 4.333333333333333, "std_dev": 3.0767948691238205, "variance": 9.466666666666667, "max": 10, "min": 1}, "71": {"avg": 2.5, "std_dev": 1.9148542155126762, "variance": 3.6666666666666665, "max": 5, "min": 1}, "72": {"avg": 3, "std_dev": 1.0, "variance": 1, "max": 4, "min": 2}, "73": {"avg": 4.2, "std_dev": 3.5839146815241634, "variance": 12.844444444444445, "max": 9, "min": 1}, "74": {"avg": 3.8, "std_dev": 3.1144823004794877, "variance": 9.700000000000001, "max": 9, "min": 1}, "75": {"avg": 3, "std_dev": 1.8973665961010275, "variance": 3.6, "max": 6, "min": 1}, "76": {"avg": 6.333333333333333, "std_dev": 5.131601439446884, "variance": 26.333333333333332, "max": 12, "min": 2}, "77": {"avg": 3.25, "std_dev": 3.304037933599835, "variance": 10.916666666666666, "max": 8, "min": 1}, "78": {"avg": 2.4285714285714284, "std_dev": 1.9023794624226837, "variance": 3.619047619047619, "max": 5, "min": 1}, "79": {"avg": 2.75, "std_dev": 2.8722813232690143, "variance": 8.25, "max": 7, "min": 1}, "80": {"avg": 5, "std_dev": 6.082762530298219, "variance": 37, "max": 12, "min": 1}}