{"avg_psfpl": 0.7487064116985377, "avg_psfp2l": 0.753037120359955, "avg_psfp3l": 0.7538245219347581, "avg_psfp4l": 0.7455568053993251, "avg_psfp5l": 0.7564116985376828, "avg_psfp6l": 0.7491001124859392, "avg_psfp7l": 0.7510686164229471, "avg_psfp8l": 0.7502249718785152, "avg_psfp9l": 0.7510123734533183, "avg_psfp10l": 0.7487626546681665, "std_dev_psfpl": 0.08480244911269069, "std_dev_psfp2l": 0.08901867259725689, "std_dev_psfp3l": 0.08593023454412516, "std_dev_psfp4l": 0.08476218308700482, "std_dev_psfp5l": 0.08408525621915267, "std_dev_psfp6l": 0.08568273824330205, "std_dev_psfp7l": 0.08360194196846671, "std_dev_psfp8l": 0.08260916205229489, "std_dev_psfp9l": 0.08465675837531894, "std_dev_psfp10l": 0.08031917551311743, "variance_psfpl": 0.0071914553755104945, "variance_psfp2l": 0.007924324070977614, "variance_psfp3l": 0.007384005208808359, "variance_psfp4l": 0.007184627681674926, "variance_psfp5l": 0.007070330313440551, "variance_psfp6l": 0.007341531632870216, "variance_psfp7l": 0.006989284700898875, "variance_psfp8l": 0.006824273654982317, "variance_psfp9l": 0.007166766738617133, "variance_psfp10l": 0.006451169955106964}