{"avg_psfpw": 0.2512935883014623, "avg_psfp2w": 0.24696287964004499, "avg_psfp3w": 0.24617547806524184, "avg_psfp4w": 0.25444319460067494, "avg_psfp5w": 0.24358830146231722, "avg_psfp6w": 0.2508998875140607, "avg_psfp7w": 0.24893138357705286, "avg_psfp8w": 0.2497750281214848, "avg_psfp9w": 0.24898762654668166, "avg_psfp10w": 0.2512373453318335, "std_dev_psfpw": 0.08480244911269068, "std_dev_psfp2w": 0.08901867259725689, "std_dev_psfp3w": 0.08593023454412514, "std_dev_psfp4w": 0.08476218308700481, "std_dev_psfp5w": 0.08408525621915265, "std_dev_psfp6w": 0.08568273824330205, "std_dev_psfp7w": 0.0836019419684667, "std_dev_psfp8w": 0.08260916205229488, "std_dev_psfp9w": 0.08465675837531893, "std_dev_psfp10w": 0.08031917551311743, "variance_psfpw": 0.007191455375510493, "variance_psfp2w": 0.007924324070977614, "variance_psfp3w": 0.007384005208808358, "variance_psfp4w": 0.0071846276816749256, "variance_psfp5w": 0.007070330313440549, "variance_psfp6w": 0.0073415316328702155, "variance_psfp7w": 0.006989284700898874, "variance_psfp8w": 0.006824273654982316, "variance_psfp9w": 0.007166766738617132, "variance_psfp10w": 0.006451169955106963}