{"avg_ppls": 0.24956880389951255, "avg_pp2ls": 0.25101237345331834, "avg_pp3ls": 0.2512748406449194, "avg_pp4ls": 0.24851893513310835, "avg_pp5ls": 0.2521372328458943, "avg_pp6ls": 0.24970003749531308, "avg_pp7ls": 0.2503562054743157, "avg_pp8ls": 0.2500749906261717, "avg_pp9ls": 0.2503374578177728, "avg_pp10ls": 0.2495875515560555, "std_dev_ppls": 0.02826748303756356, "std_dev_pp2ls": 0.02967289086575229, "std_dev_pp3ls": 0.028643411514708377, "std_dev_pp4ls": 0.0282540610290016, "std_dev_pp5ls": 0.028028418739717544, "std_dev_pp6ls": 0.028560912747767345, "std_dev_pp7ls": 0.027867313989488898, "std_dev_pp8ls": 0.027536387350764954, "std_dev_pp9ls": 0.02821891945843964, "std_dev_pp10ls": 0.026773058504372473, "variance_ppls": 0.0007990505972789435, "variance_pp2ls": 0.0008804804523308457, "variance_pp3ls": 0.0008204450232009284, "variance_pp4ls": 0.000798291964630547, "variance_pp5ls": 0.0007855922570489496, "variance_pp6ls": 0.0008157257369855792, "variance_pp7ls": 0.0007765871889887636, "variance_pp8ls": 0.0007582526283313682, "variance_pp9ls": 0.0007963074154019033, "variance_pp10ls": 0.0007167966616785512}