{"avg_psfip2": 0.5631608548931384, "avg_psfip3": 0.4233970753655793, "avg_psfip4": 0.3142857142857143, "avg_psfip5": 0.2371766029246344, "avg_psfip6": 0.17902137232845894, "avg_psfip7": 0.13436445444319461, "avg_psfip8": 0.10140607424071992, "avg_psfip9": 0.07688413948256469, "avg_psfip10": 0.05551181102362205, "std_dev_psfip2": 0.10184678696691689, "std_dev_psfip3": 0.10216320647475122, "std_dev_psfip4": 0.0975693991207676, "std_dev_psfip5": 0.08743603371894756, "std_dev_psfip6": 0.07956277334953545, "std_dev_psfip7": 0.07203341564388559, "std_dev_psfip8": 0.06559449554608171, "std_dev_psfip9": 0.05785650416968934, "std_dev_psfip10": 0.049638242281824535, "variance_psfip2": 0.01037276801548455, "variance_psfip3": 0.010437320757202648, "variance_psfip4": 0.009519787644787645, "variance_psfip5": 0.0076450599925009365, "variance_psfip6": 0.0063302349030695485, "variance_psfip7": 0.00518881296932478, "variance_psfip8": 0.004302637845944933, "variance_psfip9": 0.00334737507473728, "variance_psfip10": 0.0024639550968291127}