{"avg_ppws": 0.2512935883014623, "avg_pp2ws": 0.24696287964004499, "avg_pp3ws": 0.24617547806524184, "avg_pp4ws": 0.25444319460067494, "avg_pp5ws": 0.24358830146231722, "avg_pp6ws": 0.2508998875140607, "avg_pp7ws": 0.24893138357705286, "avg_pp8ws": 0.2497750281214848, "avg_pp9ws": 0.24898762654668166, "avg_pp10ws": 0.2512373453318335, "std_dev_ppws": 0.08480244911269068, "std_dev_pp2ws": 0.08901867259725689, "std_dev_pp3ws": 0.08593023454412514, "std_dev_pp4ws": 0.08476218308700481, "std_dev_pp5ws": 0.08408525621915265, "std_dev_pp6ws": 0.08568273824330205, "std_dev_pp7ws": 0.0836019419684667, "std_dev_pp8ws": 0.08260916205229488, "std_dev_pp9ws": 0.08465675837531893, "std_dev_pp10ws": 0.08031917551311743, "variance_ppws": 0.007191455375510493, "variance_pp2ws": 0.007924324070977614, "variance_pp3ws": 0.007384005208808358, "variance_pp4ws": 0.0071846276816749256, "variance_pp5ws": 0.007070330313440549, "variance_pp6ws": 0.0073415316328702155, "variance_pp7ws": 0.006989284700898874, "variance_pp8ws": 0.006824273654982316, "variance_pp9ws": 0.007166766738617132, "variance_pp10ws": 0.006451169955106963}