{"avg_pip2ls": 0.25013703681751215, "avg_pip3ls": 0.2509736979455567, "avg_pip4ls": 0.24862695248139574, "avg_pip5ls": 0.25019562215245694, "avg_pip6ls": 0.2511368587304432, "avg_pip7ls": 0.25258859627110036, "avg_pip8ls": 0.25572346975609067, "avg_pip9ls": 0.2603284697034697, "avg_pip10ls": 0.2515649130031916, "std_dev_pip2ls": 0.04421476715474729, "std_dev_pip3ls": 0.05853502892911013, "std_dev_pip4ls": 0.07331154962973697, "std_dev_pip5ls": 0.08742363863125578, "std_dev_pip6ls": 0.10425028497655701, "std_dev_pip7ls": 0.12979053865179438, "std_dev_pip8ls": 0.16105236906533443, "std_dev_pip9ls": 0.19405825302547716, "std_dev_pip10ls": 0.23161521628624496, "variance_pip2ls": 0.00195494563454852, "variance_pip3ls": 0.0034263496117317603, "variance_pip4ls": 0.005374583309113387, "variance_pip5ls": 0.0076428925915283975, "variance_pip6ls": 0.01086812191769335, "variance_pip7ls": 0.01684558392352293, "variance_pip8ls": 0.02593786558155669, "variance_pip9ls": 0.037658605567300114, "variance_pip10ls": 0.053645608415324036}