{"avg_pip2lrns": 0.25226005329961776, "avg_psfip2lrn": 0.3217097862767154, "std_dev_pip2lrns": 0.0996543953404867, "std_dev_psfip2lrn": 0.2064855019801507, "variance_pip2lrns": 0.009930998510678019, "variance_psfip2lrn": 0.042636262527994816}