{"avg_prns": 0.25274646398046513, "avg_psfrn": 0.3868391451068616, "avg_draws_per_round": 8.822222222222223, "std_dev_prns": 0.09807739242353723, "std_dev_psfrn": 0.3026460223798281, "std_dev_draws_per_round": 1.1952882946660996, "variance_prns": 0.009619174904600519, "variance_psfrn": 0.0915946148623314, "variance_draws_per_round": 1.4287141073657927}