{"1": 4.172701949860724, "2": 3.704714640198511, "3": 3.6715686274509802, "4": 4.087431693989071, "5": 3.6724137931034484, "6": 4.121546961325967, "7": 4.3304347826086955, "8": 4.240793201133145, "9": 3.8935064935064934, "10": 4.05420054200542, "11": 3.9138381201044385, "12": 4.107438016528926, "13": 3.9656084656084656, "14": 3.890625, "15": 3.7613065326633164, "16": 4.070652173913044, "17": 4.045945945945946, "18": 3.955145118733509, "19": 3.763819095477387, "20": 3.853470437017995, "21": 3.997333333333333, "22": 3.8578811369509043, "23": 4.101369863013699, "24": 4.057065217391305, "25": 3.728855721393035, "26": 4.107142857142857, "27": 3.9236842105263157, "28": 4.008021390374331, "29": 4.059782608695652, "30": 4.070652173913044, "31": 4.307471264367816, "32": 3.7989821882951653, "33": 4.237960339943343, "34": 3.944591029023747, "35": 3.5437352245862885, "36": 3.818877551020408, "37": 3.848329048843188, "38": 4.202247191011236, "39": 4.035230352303523, "40": 4.14404432132964, "41": 3.815856777493606, "42": 4.234463276836158, "43": 4.110192837465565, "44": 3.792405063291139, "45": 4.231638418079096, "46": 3.944736842105263, "47": 3.8091603053435112, "48": 4.104109589041096, "49": 4.051351351351351, "50": 3.978723404255319, "51": 3.955145118733509, "52": 3.770780856423174, "53": 4.170391061452514, "54": 3.986666666666667, "55": 3.8045685279187818, "56": 4.0161725067385445, "57": 3.754385964912281, "58": 4.455357142857143, "59": 4.219718309859155, "60": 3.7766497461928936, "61": 3.9291338582677167, "62": 4.179775280898877, "63": 4.36734693877551, "64": 3.9186351706036744, "65": 4.035040431266847, "66": 4.059620596205962, "67": 4.149584487534626, "68": 4.214084507042253, "69": 4.024324324324325, "70": 4.035040431266847, "71": 3.9867021276595747, "72": 4.095890410958904, "73": 3.7103960396039604, "74": 3.833759590792839, "75": 3.924083769633508, "76": 4.016129032258065, "77": 4.040431266846361, "78": 3.9681697612732094, "79": 3.913612565445026, "80": 4.36734693877551, "avg_over_all": 3.9977749988885583}