{"1": {"avg": 4.172701949860724, "std_dev": 3.8021210190261185, "variance": 14.456124243320211, "max": 23, "min": 0}, "2": {"avg": 3.704714640198511, "std_dev": 2.9824782852268696, "variance": 8.895176721849808, "max": 18, "min": 1}, "3": {"avg": 3.6715686274509802, "std_dev": 3.267737533810403, "variance": 10.678108589873295, "max": 20, "min": 1}, "4": {"avg": 4.087431693989071, "std_dev": 3.814608612319817, "variance": 14.55123886518452, "max": 39, "min": 0}, "5": {"avg": 3.6724137931034484, "std_dev": 3.116436329172247, "variance": 9.71217539378459, "max": 23, "min": 1}, "6": {"avg": 4.121546961325967, "std_dev": 3.5636872551276384, "variance": 12.699866852359161, "max": 24, "min": 0}, "7": {"avg": 4.3304347826086955, "std_dev": 3.7557438316556166, "variance": 14.105611729019213, "max": 28, "min": 0}, "8": {"avg": 4.240793201133145, "std_dev": 3.820002892187031, "variance": 14.592422096317282, "max": 23, "min": 1}, "9": {"avg": 3.8935064935064934, "std_dev": 3.3372244604711714, "variance": 11.137067099567101, "max": 23, "min": 1}, "10": {"avg": 4.05420054200542, "std_dev": 3.5343485306008766, "variance": 12.491619535760575, "max": 23, "min": 1}, "11": {"avg": 3.9138381201044385, "std_dev": 3.060539535111025, "variance": 9.36690224597761, "max": 18, "min": 1}, "12": {"avg": 4.107438016528926, "std_dev": 3.5142998789379427, "variance": 12.350303639103238, "max": 21, "min": 1}, "13": {"avg": 3.9656084656084656, "std_dev": 3.3482854831290774, "variance": 11.211015676532918, "max": 19, "min": 0}, "14": {"avg": 3.890625, "std_dev": 3.3543573820443155, "variance": 11.251713446475195, "max": 27, "min": 1}, "15": {"avg": 3.7613065326633164, "std_dev": 3.1560282251098792, "variance": 9.960514157690215, "max": 27, "min": 0}, "16": {"avg": 4.070652173913044, "std_dev": 3.52421094555492, "variance": 12.420062788769105, "max": 21, "min": 1}, "17": {"avg": 4.045945945945946, "std_dev": 3.1956181546023568, "variance": 10.211975390024172, "max": 24, "min": 1}, "18": {"avg": 3.955145118733509, "std_dev": 3.669637132637783, "variance": 13.466236685234048, "max": 28, "min": 1}, "19": {"avg": 3.763819095477387, "std_dev": 3.052768077408686, "variance": 9.319392934445526, "max": 21, "min": 1}, "20": {"avg": 3.853470437017995, "std_dev": 2.8685316365290636, "variance": 8.228473749768108, "max": 16, "min": 0}, "21": {"avg": 3.997333333333333, "std_dev": 3.4660296960401884, "variance": 12.013361853832441, "max": 28, "min": 1}, "22": {"avg": 3.8578811369509043, "std_dev": 3.419383736303084, "variance": 11.69218513609404, "max": 32, "min": 1}, "23": {"avg": 4.101369863013699, "std_dev": 3.8032841920888014, "variance": 14.464970645792565, "max": 30, "min": 1}, "24": {"avg": 4.057065217391305, "std_dev": 3.3472106531406185, "variance": 11.203819156498046, "max": 20, "min": 1}, "25": {"avg": 3.728855721393035, "std_dev": 3.180146200952249, "variance": 10.113329859431024, "max": 19, "min": 0}, "26": {"avg": 4.107142857142857, "std_dev": 3.6184488361085907, "variance": 13.093171979535615, "max": 21, "min": 1}, "27": {"avg": 3.9236842105263157, "std_dev": 3.41531041485678, "variance": 11.66434522982919, "max": 21, "min": 0}, "28": {"avg": 4.008021390374331, "std_dev": 3.436507960026682, "variance": 11.809586959326747, "max": 28, "min": 0}, "29": {"avg": 4.059782608695652, "std_dev": 3.6039203535129785, "variance": 12.98824191446511, "max": 24, "min": 1}, "30": {"avg": 4.070652173913044, "std_dev": 3.43017664779682, "variance": 11.76611183509063, "max": 18, "min": 1}, "31": {"avg": 4.307471264367816, "std_dev": 4.088396659695644, "variance": 16.7149872470105, "max": 37, "min": 1}, "32": {"avg": 3.7989821882951653, "std_dev": 3.0934095485218274, "variance": 9.569182634886015, "max": 20, "min": 1}, "33": {"avg": 4.237960339943343, "std_dev": 3.4608243120501156, "variance": 11.977304918877158, "max": 32, "min": 1}, "34": {"avg": 3.944591029023747, "std_dev": 3.5619373821434372, "variance": 12.687397914310843, "max": 26, "min": 0}, "35": {"avg": 3.5437352245862885, "std_dev": 2.7420461875498674, "variance": 7.5188172946567615, "max": 20, "min": 1}, "36": {"avg": 3.818877551020408, "std_dev": 3.1379780358960216, "variance": 9.846906153765854, "max": 19, "min": 1}, "37": {"avg": 3.848329048843188, "std_dev": 3.4282225466839424, "variance": 11.752709829592135, "max": 27, "min": 1}, "38": {"avg": 4.202247191011236, "std_dev": 3.4695610804303705, "variance": 12.03785409083716, "max": 20, "min": 1}, "39": {"avg": 4.035230352303523, "std_dev": 3.8137843543762315, "variance": 14.54495110168493, "max": 34, "min": 0}, "40": {"avg": 4.14404432132964, "std_dev": 3.738875980562897, "variance": 13.979193598030163, "max": 22, "min": 0}, "41": {"avg": 3.815856777493606, "std_dev": 3.3331057696602446, "variance": 11.10959407174241, "max": 27, "min": 1}, "42": {"avg": 4.234463276836158, "std_dev": 3.4318701069036575, "variance": 11.77773243065892, "max": 19, "min": 1}, "43": {"avg": 4.110192837465565, "std_dev": 3.29556553153715, "variance": 10.860752172655738, "max": 16, "min": 0}, "44": {"avg": 3.792405063291139, "std_dev": 3.154634498682671, "variance": 9.951718820278867, "max": 19, "min": 1}, "45": {"avg": 4.231638418079096, "std_dev": 3.6902005019026065, "variance": 13.61757974424225, "max": 26, "min": 1}, "46": {"avg": 3.944736842105263, "std_dev": 3.617547192203736, "variance": 13.086647687821136, "max": 33, "min": 0}, "47": {"avg": 3.8091603053435112, "std_dev": 3.243001500445182, "variance": 10.517058731889703, "max": 20, "min": 1}, "48": {"avg": 4.104109589041096, "std_dev": 3.6757461063716983, "variance": 13.511109438506699, "max": 24, "min": 1}, "49": {"avg": 4.051351351351351, "std_dev": 3.54453827126108, "variance": 12.563751556434484, "max": 29, "min": 1}, "50": {"avg": 3.978723404255319, "std_dev": 3.4732615938467375, "variance": 12.063546099290779, "max": 21, "min": 1}, "51": {"avg": 3.955145118733509, "std_dev": 3.323094380536554, "variance": 11.042956261953625, "max": 21, "min": 1}, "52": {"avg": 3.770780856423174, "std_dev": 3.175084926063145, "variance": 10.081164287713406, "max": 20, "min": 0}, "53": {"avg": 4.170391061452514, "std_dev": 3.466771496442667, "variance": 12.01850460854733, "max": 25, "min": 1}, "54": {"avg": 3.986666666666667, "std_dev": 3.480631409516477, "variance": 12.114795008912656, "max": 21, "min": 0}, "55": {"avg": 3.8045685279187818, "std_dev": 2.99955542789462, "variance": 8.997332765012077, "max": 18, "min": 1}, "56": {"avg": 4.0161725067385445, "std_dev": 3.53969878278699, "variance": 12.529467472863699, "max": 27, "min": 1}, "57": {"avg": 3.754385964912281, "std_dev": 3.3241652991516424, "variance": 11.050074936083929, "max": 19, "min": 1}, "58": {"avg": 4.455357142857143, "std_dev": 3.6114785317790643, "variance": 13.042777185501066, "max": 22, "min": 1}, "59": {"avg": 4.219718309859155, "std_dev": 3.7623101043848655, "variance": 14.154977321556458, "max": 32, "min": 1}, "60": {"avg": 3.7766497461928936, "std_dev": 3.3779501958828635, "variance": 11.410547525865075, "max": 21, "min": 1}, "61": {"avg": 3.9291338582677167, "std_dev": 3.5015359840824547, "variance": 12.260754247824284, "max": 29, "min": 0}, "62": {"avg": 4.179775280898877, "std_dev": 3.4780982265172926, "variance": 12.097167273302738, "max": 19, "min": 1}, "63": {"avg": 4.36734693877551, "std_dev": 3.990381082841472, "variance": 15.92314118629908, "max": 21, "min": 1}, "64": {"avg": 3.9186351706036744, "std_dev": 3.231619151890432, "variance": 10.443362342865036, "max": 20, "min": 1}, "65": {"avg": 4.035040431266847, "std_dev": 3.4891896660095623, "variance": 12.174444525387921, "max": 30, "min": 1}, "66": {"avg": 4.059620596205962, "std_dev": 3.3152678538269154, "variance": 10.991000942618122, "max": 18, "min": 1}, "67": {"avg": 4.149584487534626, "std_dev": 3.717795956116238, "variance": 13.822006771314252, "max": 28, "min": 1}, "68": {"avg": 4.214084507042253, "std_dev": 4.032260296680142, "variance": 16.25912310018302, "max": 29, "min": 1}, "69": {"avg": 4.024324324324325,