{"1": {"avg": 5.1, "std_dev": 2.6012817353502227, "variance": 6.766666666666667, "max": 9, "min": 2}, "2": {"avg": 2.5, "std_dev": 1.378404875209022, "variance": 1.9, "max": 5, "min": 1}, "3": {"avg": 2.5, "std_dev": 1.2692955176439846, "variance": 1.6111111111111112, "max": 5, "min": 1}, "4": {"avg": 3.727272727272727, "std_dev": 2.866737137963964, "variance": 8.218181818181819, "max": 10, "min": 1}, "5": {"avg": 3.5, "std_dev": 2.8809720581775866, "variance": 8.3, "max": 8, "min": 1}, "6": {"avg": 2.4444444444444446, "std_dev": 1.6666666666666667, "variance": 2.7777777777777777, "max": 5, "min": 1}, "7": {"avg": 2.75, "std_dev": 2.6049403612586386, "variance": 6.785714285714286, "max": 9, "min": 1}, "8": {"avg": 5.090909090909091, "std_dev": 3.6729972898042127, "variance": 13.49090909090909, "max": 11, "min": 1}, "9": {"avg": 4.166666666666667, "std_dev": 3.125166662222459, "variance": 9.766666666666666, "max": 10, "min": 1}, "10": {"avg": 4.714285714285714, "std_dev": 3.638419332360584, "variance": 13.238095238095237, "max": 12, "min": 1}, "11": {"avg": 4.8, "std_dev": 1.9235384061671346, "variance": 3.7, "max": 8, "min": 3}, "12": {"avg": 2.857142857142857, "std_dev": 2.4784787961282104, "variance": 6.142857142857142, "max": 7, "min": 1}, "13": {"avg": 3.7, "std_dev": 2.3118054512532935, "variance": 5.344444444444445, "max": 9, "min": 1}, "14": {"avg": 6.25, "std_dev": 4.031128874149275, "variance": 16.25, "max": 11, "min": 2}, "15": {"avg": 3.142857142857143, "std_dev": 2.1157009420498154, "variance": 4.476190476190476, "max": 6, "min": 1}, "16": {"avg": 4.555555555555555, "std_dev": 3.0046260628866577, "variance": 9.027777777777779, "max": 10, "min": 1}, "17": {"avg": 2, "std_dev": 0.6324555320336759, "variance": 0.4, "max": 3, "min": 1}, "18": {"avg": 3.6666666666666665, "std_dev": 3.614784456460256, "variance": 13.066666666666668, "max": 10, "min": 1}, "19": {"avg": 3, "std_dev": 2.2038926600773587, "variance": 4.857142857142857, "max": 7, "min": 1}, "20": {"avg": 2, "std_dev": 1.0, "variance": 1, "max": 3, "min": 1}, "21": {"avg": 3, "std_dev": 2.886751345948129, "variance": 8.333333333333334, "max": 9, "min": 1}, "22": {"avg": 3.8333333333333335, "std_dev": 2.136976056643281, "variance": 4.566666666666666, "max": 6, "min": 1}, "23": {"avg": 4.6, "std_dev": 3.272783388968954, "variance": 10.71111111111111, "max": 9, "min": 1}, "24": {"avg": 4.5, "std_dev": 2.516611478423583, "variance": 6.333333333333333, "max": 8, "min": 2}, "25": {"avg": 3.2222222222222223, "std_dev": 2.386303510546059, "variance": 5.694444444444445, "max": 8, "min": 1}, "26": {"avg": 3.923076923076923, "std_dev": 2.1000610491736684, "variance": 4.41025641025641, "max": 8, "min": 1}, "27": {"avg": 3.2222222222222223, "std_dev": 0.97182531580755, "variance": 0.9444444444444444, "max": 5, "min": 2}, "28": {"avg": 2.8333333333333335, "std_dev": 1.7224014243685084, "variance": 2.966666666666667, "max": 5, "min": 1}, "29": {"avg": 2.6666666666666665, "std_dev": 2.229281716090851, "variance": 4.96969696969697, "max": 8, "min": 1}, "30": {"avg": 3.6666666666666665, "std_dev": 1.505545305418162, "variance": 2.2666666666666666, "max": 5, "min": 2}, "31": {"avg": 3, "std_dev": 1.954016841836789, "variance": 3.8181818181818183, "max": 7, "min": 1}, "32": {"avg": 3.142857142857143, "std_dev": 1.864454471471609, "variance": 3.4761904761904763, "max": 7, "min": 2}, "33": {"avg": 5.5, "std_dev": 4.654746681256314, "variance": 21.666666666666668, "max": 12, "min": 1}, "34": {"avg": 4, "std_dev": 2.3979157616563596, "variance": 5.75, "max": 7, "min": 1}, "35": {"avg": 5.333333333333333, "std_dev": 2.8867513459481287, "variance": 8.333333333333332, "max": 7, "min": 2}, "36": {"avg": 3, "std_dev": 2.260776661041756, "variance": 5.111111111111111, "max": 8, "min": 1}, "37": {"avg": 3.3333333333333335, "std_dev": 1.632993161855452, "variance": 2.6666666666666665, "max": 6, "min": 2}, "38": {"avg": 2.4, "std_dev": 1.5165750888103102, "variance": 2.3000000000000003, "max": 4, "min": 1}, "39": {"avg": 3.8181818181818183, "std_dev": 2.7502066038093145, "variance": 7.5636363636363635, "max": 9, "min": 1}, "40": {"avg": 3.8181818181818183, "std_dev": 2.1362669223756576, "variance": 4.5636363636363635, "max": 8, "min": 1}, "41": {"avg": 2.142857142857143, "std_dev": 1.0690449676496976, "variance": 1.1428571428571428, "max": 4, "min": 1}, "42": {"avg": 2.2, "std_dev": 1.6431676725154984, "variance": 2.7, "max": 5, "min": 1}, "43": {"avg": 2.5, "std_dev": 2.258317958127243, "variance": 5.1, "max": 7, "min": 1}, "44": {"avg": 2.75, "std_dev": 2.0615528128088303, "variance": 4.25, "max": 5, "min": 1}, "45": {"avg": 3.769230769230769, "std_dev": 2.27866357593825, "variance": 5.1923076923076925, "max": 7, "min": 1}, "46": {"avg": 2.7777777777777777, "std_dev": 1.7873008824606014, "variance": 3.1944444444444446, "max": 6, "min": 1}, "47": {"avg": 3, "std_dev": 2.7838821814150108, "variance": 7.75, "max": 9, "min": 1}, "48": {"avg": 4.090909090909091, "std_dev": 3.4483197489370228, "variance": 11.89090909090909, "max": 10, "min": 1}, "49": {"avg": 1.375, "std_dev": 0.7440238091428449, "variance": 0.5535714285714286, "max": 3, "min": 1}, "50": {"avg": 3.111111111111111, "std_dev": 1.964971020425266, "variance": 3.861111111111111, "max": 6, "min": 1}, "51": {"avg": 2.5, "std_dev": 2.073644135332772, "variance": 4.3, "max": 6, "min": 1}, "52": {"avg": 3.142857142857143, "std_dev": 2.6726124191242437, "variance": 7.142857142857143, "max": 7, "min": 1}, "53": {"avg": 2.5714285714285716, "std_dev": 1.2724180205607036, "variance": 1.619047619047619, "max": 4, "min": 1}, "54": {"avg": 3.142857142857143, "std_dev": 2.410295378065479, "variance": 5.809523809523809, "max": 6, "min": 1}, "56": {"avg": 3.4285714285714284, "std_dev": 2.1491969707422394, "variance": 4.619047619047619, "max": 7, "min": 1}, "57": {"avg": 4.111111111111111, "std_dev": 3.2956199888808646, "variance": 10.86111111111111, "max": 10, "min": 1}, "58": {"avg": 3.875, "std_dev": 2.03100960115899, "variance": 4.125, "max": 7, "min": 1}, "59": {"avg": 3.5, "std_dev": 2.467976720090587, "variance": 6.090909090909091, "max": 8, "min": 1}, "60": {"avg": 4.285714285714286, "std_dev": 2.2146697055682827, "variance": 4.904761904761904, "max": 8, "min": 1}, "61": {"avg": 2.6666666666666665, "std_dev": 1.505545305418162, "variance": 2.2666666666666666, "max": 5, "min": 1}, "62": {"avg": 3.1, "std_dev": 2.0789954839350235, "variance": 4.322222222222222, "max": 7, "min": 1}, "63": {"avg": 4.3076923076923075, "std_dev": 2.626296993379823, "variance": 6.897435897435898, "max": 9, "min": 1}, "64": {"avg": 1.8, "std_dev": 1.3038404810405297, "variance": 1.7000000000000002, "max": 4, "min": 1}, "65": {"avg": 2, "std_dev": 0.8944271909999159, "variance": 0.8, "max": 3, "min": 1}, "66": {"avg": 2.8, "std_dev": 2.16794833886788, "variance": 4.7, "max": 6, "min": 1}, "67": {"avg": 2.875, "std_dev": 2.100170061141308, "variance": 4.410714285714286, "max": 6, "min": 1}, "68": {"avg": 3.769230769230769, "std_dev": 3.269909431820351, "variance": 10.692307692307692, "max": 10, "min": 1}, "69": {"avg": 2.8181818181818183, "std_dev": 2.0404990476930793, "variance": 4.163636363636364, "max": 7, "min": 1}, "70": {"avg": 3, "std_dev": 2.160246899469287, "variance": 4.666666666666667, "max": 6, "min": 1}, "71": {"avg": 4.333333333333333, "std_dev": 3.5023801430836525, "variance": 12.266666666666666, "max": 10, "min": 1}, "72": {"avg": 2, "std_dev": 1.5491933384829668, "variance": 2.4, "max": 5, "min": 1}, "73": {"avg": 3, "std_dev": 1.4142135623730951, "variance": 2, "max": 4, "min": 1}, "74": {"avg": 3.3333333333333335, "std_dev": 3.141125063837266, "variance": 9.866666666666667, "max": 9, "min": 1}, "75": {"avg": 3.857142857142857, "std_dev": 2.6726124191242437, "variance": 7.142857142857142, "max": 8, "min": 1}, "76": {"avg": 3, "std_dev": 1.7320508075688772, "variance": 3, "max": 7, "min": 1}, "77": {"avg": 2.4285714285714284, "std_dev": 1.8126539343499315,