{"avg_psfip2": 0.5664875755540631, "avg_psfip3": 0.42280053727333783, "avg_psfip4": 0.31746138347884484, "avg_psfip5": 0.23791134989926124, "avg_psfip6": 0.17820685023505708, "avg_psfip7": 0.1331430490261921, "avg_psfip8": 0.09959704499664204, "avg_psfip9": 0.07337139019476159, "avg_psfip10": 0.05567494963062458, "std_dev_psfip2": 0.09608509480480144, "std_dev_psfip3": 0.09960750176725293, "std_dev_psfip4": 0.09458100879225158, "std_dev_psfip5": 0.08680563312556261, "std_dev_psfip6": 0.08046952392676206, "std_dev_psfip7": 0.07254906816797357, "std_dev_psfip8": 0.06384182311274374, "std_dev_psfip9": 0.05636070719337689, "std_dev_psfip10": 0.04955817340076926, "variance_psfip2": 0.00923234544364768, "variance_psfip3": 0.009921654408313295, "variance_psfip4": 0.00894556722415997, "variance_psfip5": 0.007535217942329773, "variance_psfip6": 0.006475344280999732, "variance_psfip7": 0.005263367292041277, "variance_psfip8": 0.004075778378358861, "variance_psfip9": 0.0031765293153375655, "variance_psfip10": 0.0024560125508207137}