{"avg_psfpw": 0.2505708529214238, "avg_psfp2w": 0.2456346541302888, "avg_psfp3w": 0.25033579583613164, "avg_psfp4w": 0.2493619879113499, "avg_psfp5w": 0.2513767629281397, "avg_psfp6w": 0.2512088650100739, "avg_psfp7w": 0.2529214237743452, "avg_psfp8w": 0.24640698455339155, "avg_psfp9w": 0.25114170584284756, "avg_psfp10w": 0.24711215580926796, "std_dev_psfpw": 0.08433011958506707, "std_dev_psfp2w": 0.08468642845152692, "std_dev_psfp3w": 0.08422173795328773, "std_dev_psfp4w": 0.08715135567531668, "std_dev_psfp5w": 0.08416125409509063, "std_dev_psfp6w": 0.08168185086093764, "std_dev_psfp7w": 0.08416170993035735, "std_dev_psfp8w": 0.08506906336960034, "std_dev_psfp9w": 0.0811462700137345, "std_dev_psfp10w": 0.08469022565339532, "variance_psfpw": 0.007111569069231713, "variance_psfp2w": 0.007171791163875589, "variance_psfp3w": 0.007093301143872267, "variance_psfp4w": 0.007595358796045552, "variance_psfp5w": 0.007083116690858409, "variance_psfp6w": 0.006671924760068459, "variance_psfp7w": 0.007083193418401612, "variance_psfp8w": 0.007236745542581078, "variance_psfp9w": 0.0065847171371419076, "variance_psfp10w": 0.007172434321223019}