{"avg_psfpl": 0.7494291470785762, "avg_psfp2l": 0.7543653458697113, "avg_psfp3l": 0.7496642041638684, "avg_psfp4l": 0.7506380120886501, "avg_psfp5l": 0.7486232370718603, "avg_psfp6l": 0.7487911349899261, "avg_psfp7l": 0.7470785762256548, "avg_psfp8l": 0.7535930154466085, "avg_psfp9l": 0.7488582941571524, "avg_psfp10l": 0.7528878441907321, "std_dev_psfpl": 0.08433011958506709, "std_dev_psfp2l": 0.08468642845152693, "std_dev_psfp3l": 0.08422173795328775, "std_dev_psfp4l": 0.08715135567531668, "std_dev_psfp5l": 0.08416125409509063, "std_dev_psfp6l": 0.08168185086093764, "std_dev_psfp7l": 0.08416170993035736, "std_dev_psfp8l": 0.08506906336960035, "std_dev_psfp9l": 0.08114627001373452, "std_dev_psfp10l": 0.08469022565339533, "variance_psfpl": 0.007111569069231715, "variance_psfp2l": 0.0071717911638755905, "variance_psfp3l": 0.007093301143872269, "variance_psfp4l": 0.007595358796045553, "variance_psfp5l": 0.007083116690858411, "variance_psfp6l": 0.00667192476006846, "variance_psfp7l": 0.007083193418401613, "variance_psfp8l": 0.007236745542581079, "variance_psfp9l": 0.006584717137141909, "variance_psfp10l": 0.0071724343212230205}