{"avg_pip2ls": 0.25175964803410045, "avg_pip3ls": 0.2511160954952781, "avg_pip4ls": 0.25180422671665537, "avg_pip5ls": 0.25217035760350237, "avg_pip6ls": 0.25253153637063175, "avg_pip7ls": 0.2519237464273248, "avg_pip8ls": 0.2533392601727054, "avg_pip9ls": 0.2486456252081252, "avg_pip10ls": 0.2524284593034593, "std_dev_pip2ls": 0.04204647622553497, "std_dev_pip3ls": 0.05731737600033621, "std_dev_pip4ls": 0.07126915800202283, "std_dev_pip5ls": 0.08636910597748863, "std_dev_pip6ls": 0.10585486022885171, "std_dev_pip7ls": 0.12870879207361757, "std_dev_pip8ls": 0.1556926127575444, "std_dev_pip9ls": 0.18788514921558852, "std_dev_pip10ls": 0.22955881771776065, "variance_pip2ls": 0.0017679061629844776, "variance_pip3ls": 0.0032852815915639173, "variance_pip4ls": 0.005079292882317295, "variance_pip5ls": 0.007459622467350663, "variance_pip6ls": 0.011205251434069733, "variance_pip7ls": 0.016565953157049725, "variance_pip8ls": 0.024240189667270675, "variance_pip9ls": 0.03530082929576397, "variance_pip10ls": 0.05269725079197607}