{"avg_ppls": 0.24980971569285873, "avg_pp2ls": 0.2514551152899037, "avg_pp3ls": 0.2498880680546228, "avg_pp4ls": 0.2502126706962167, "avg_pp5ls": 0.24954107902395345, "avg_pp6ls": 0.24959704499664204, "avg_pp7ls": 0.24902619207521826, "avg_pp8ls": 0.25119767181553615, "avg_pp9ls": 0.2496194313857175, "avg_pp10ls": 0.250962614730244, "std_dev_ppls": 0.02811003986168902, "std_dev_pp2ls": 0.028228809483842304, "std_dev_pp3ls": 0.028073912651095906, "std_dev_pp4ls": 0.02905045189177222, "std_dev_pp5ls": 0.028053751365030206, "std_dev_pp6ls": 0.027227283620312542, "std_dev_pp7ls": 0.028053903310119113, "std_dev_pp8ls": 0.02835635445653344, "std_dev_pp9ls": 0.02704875667124483, "std_dev_pp10ls": 0.028230075217798436, "variance_ppls": 0.0007901743410257457, "variance_pp2ls": 0.0007968656848750652, "variance_pp3ls": 0.0007881445715413628, "variance_pp4ls": 0.0008439287551161723, "variance_pp5ls": 0.0007870129656509341, "variance_pp6ls": 0.0007413249733409397, "variance_pp7ls": 0.0007870214909335121, "variance_pp8ls": 0.0008040828380645639, "variance_pp9ls": 0.0007316352374602118, "variance_pp10ls": 0.0007969371468025575}