{"avg_ppws": 0.2505708529214238, "avg_pp2ws": 0.2456346541302888, "avg_pp3ws": 0.25033579583613164, "avg_pp4ws": 0.2493619879113499, "avg_pp5ws": 0.2513767629281397, "avg_pp6ws": 0.2512088650100739, "avg_pp7ws": 0.2529214237743452, "avg_pp8ws": 0.24640698455339155, "avg_pp9ws": 0.25114170584284756, "avg_pp10ws": 0.24711215580926796, "std_dev_ppws": 0.08433011958506707, "std_dev_pp2ws": 0.08468642845152692, "std_dev_pp3ws": 0.08422173795328773, "std_dev_pp4ws": 0.08715135567531668, "std_dev_pp5ws": 0.08416125409509063, "std_dev_pp6ws": 0.08168185086093764, "std_dev_pp7ws": 0.08416170993035735, "std_dev_pp8ws": 0.08506906336960034, "std_dev_pp9ws": 0.0811462700137345, "std_dev_pp10ws": 0.08469022565339532, "variance_ppws": 0.007111569069231713, "variance_pp2ws": 0.007171791163875589, "variance_pp3ws": 0.007093301143872267, "variance_pp4ws": 0.007595358796045552, "variance_pp5ws": 0.007083116690858409, "variance_pp6ws": 0.006671924760068459, "variance_pp7ws": 0.007083193418401612, "variance_pp8ws": 0.007236745542581078, "variance_pp9ws": 0.0065847171371419076, "variance_pp10ws": 0.007172434321223019}