{"avg_pip2lrns": 0.24948683784564096, "avg_psfip2lrn": 0.31984553391537945, "std_dev_pip2lrns": 0.09428296919462936, "std_dev_psfip2lrn": 0.20578995527985902, "variance_pip2lrns": 0.008889278280155429, "variance_psfip2lrn": 0.04234950569408638}