{"avg_prns": 0.24912531699924959, "avg_psfrn": 0.38270651443922094, "avg_draws_per_round": 8.893333333333333, "std_dev_prns": 0.09292932076904546, "std_dev_psfrn": 0.30120969451825563, "std_dev_draws_per_round": 1.2378085564300179, "variance_prns": 0.008635858658596144, "variance_psfrn": 0.09072728007178087, "variance_draws_per_round": 1.5321700223713646}