{"1": 3.8540772532188843, "2": 4.2559241706161135, "3": 4.377450980392157, "4": 4.1720930232558135, "5": 3.8706896551724137, "6": 4.266666666666667, "7": 4.392156862745098, "8": 3.5657370517928286, "9": 3.5697211155378485, "10": 3.8119658119658117, "11": 4.226415094339623, "12": 4.022421524663677, "13": 4.387254901960785, "14": 3.4367816091954024, "15": 4.018018018018018, "16": 3.9557522123893807, "17": 4.385365853658537, "18": 4.081818181818182, "19": 4.004484304932736, "20": 4.576530612244898, "21": 3.9955555555555557, "22": 4.260663507109005, "23": 4.105022831050229, "24": 3.9690265486725664, "25": 4.288461538461538, "26": 3.5393700787401574, "27": 3.8540772532188843, "28": 3.6844262295081966, "29": 3.541501976284585, "30": 3.925764192139738, "31": 4.191588785046729, "32": 4.124423963133641, "33": 3.773109243697479, "34": 3.7489539748953975, "35": 4.235849056603773, "36": 3.9342105263157894, "37": 3.8170212765957445, "38": 4.077981651376147, "39": 3.6762295081967213, "40": 4.1336405529953915, "41": 4.119815668202765, "42": 4.45, "43": 4.380487804878049, "44": 3.951111111111111, "45": 4.260663507109005, "46": 3.9417040358744395, "47": 3.9342105263157894, "48": 3.908695652173913, "49": 4.068181818181818, "50": 3.7405857740585775, "51": 4.036199095022624, "52": 3.8874458874458875, "53": 4.067873303167421, "54": 3.625, "55": 3.605691056910569, "56": 3.9251101321585904, "57": 3.8162393162393164, "58": 3.7932489451476794, "59": 4.1336405529953915, "60": 3.662551440329218, "61": 4.081818181818182, "62": 4.318840579710145, "63": 3.7615062761506275, "64": 4.240566037735849, "65": 4.072727272727272, "66": 4.576530612244898, "67": 4.220657276995305, "68": 3.97787610619469, "69": 3.9910714285714284, "70": 3.960352422907489, "71": 3.596, "72": 4.173708920187793, "73": 4.330097087378641, "74": 3.725, "75": 3.9955555555555557, "76": 4.031531531531532, "77": 3.9557522123893807, "78": 3.991111111111111, "79": 3.782978723404255, "80": 3.596, "avg_over_all": 3.997454251476481}