{"1": {"avg": 3.8540772532188843, "std_dev": 3.173868673413439, "variance": 10.073442356075182, "max": 18, "min": 1}, "2": {"avg": 4.2559241706161135, "std_dev": 3.4532111314010394, "variance": 11.924667118032048, "max": 23, "min": 1}, "3": {"avg": 4.377450980392157, "std_dev": 4.154608263744182, "variance": 17.260769825171447, "max": 29, "min": 1}, "4": {"avg": 4.1720930232558135, "std_dev": 3.6701833195063807, "variance": 13.470245598782874, "max": 26, "min": 0}, "5": {"avg": 3.8706896551724137, "std_dev": 3.212610898690663, "variance": 10.32086878638603, "max": 17, "min": 1}, "6": {"avg": 4.266666666666667, "std_dev": 3.77796853507194, "variance": 14.273046251993621, "max": 19, "min": 0}, "7": {"avg": 4.392156862745098, "std_dev": 3.999154745040539, "variance": 15.993238674780258, "max": 29, "min": 1}, "8": {"avg": 3.5657370517928286, "std_dev": 2.7347141266651023, "variance": 7.478661354581674, "max": 16, "min": 1}, "9": {"avg": 3.5697211155378485, "std_dev": 2.9417884903426263, "variance": 8.65411952191235, "max": 20, "min": 1}, "10": {"avg": 3.8119658119658117, "std_dev": 3.3544068098601967, "variance": 11.25204504603646, "max": 17, "min": 1}, "11": {"avg": 4.226415094339623, "std_dev": 3.8706160496917374, "variance": 14.981668604131272, "max": 28, "min": 1}, "12": {"avg": 4.022421524663677, "std_dev": 3.5785194308557386, "variance": 12.80580131701208, "max": 22, "min": 1}, "13": {"avg": 4.387254901960785, "std_dev": 4.1322991028713805, "variance": 17.075895875591616, "max": 29, "min": 1}, "14": {"avg": 3.4367816091954024, "std_dev": 2.7736444343635434, "variance": 7.693103448275862, "max": 18, "min": 1}, "15": {"avg": 4.018018018018018, "std_dev": 3.658454491536311, "variance": 13.384289266642208, "max": 24, "min": 1}, "16": {"avg": 3.9557522123893807, "std_dev": 3.3569546530706758, "variance": 11.26914454277286, "max": 19, "min": 1}, "17": {"avg": 4.385365853658537, "std_dev": 3.5248112851452253, "variance": 12.424294595887135, "max": 20, "min": 0}, "18": {"avg": 4.081818181818182, "std_dev": 3.659308061902599, "variance": 13.390535491905355, "max": 19, "min": 1}, "19": {"avg": 4.004484304932736, "std_dev": 3.687692896585524, "variance": 13.599078899527331, "max": 29, "min": 1}, "20": {"avg": 4.576530612244898, "std_dev": 3.8959887595375196, "variance": 15.1787284144427, "max": 27, "min": 1}, "21": {"avg": 3.9955555555555557, "std_dev": 3.7086984838949157, "variance": 13.754444444444445, "max": 26, "min": 0}, "22": {"avg": 4.260663507109005, "std_dev": 3.6688284798835697, "variance": 13.460302414804785, "max": 22, "min": 1}, "23": {"avg": 4.105022831050229, "std_dev": 3.57012609630431, "variance": 12.74580034351305, "max": 19, "min": 1}, "24": {"avg": 3.9690265486725664, "std_dev": 3.172649216062331, "variance": 10.065703048180923, "max": 18, "min": 0}, "25": {"avg": 4.288461538461538, "std_dev": 3.6927218583520807, "variance": 13.636194723151243, "max": 21, "min": 1}, "26": {"avg": 3.5393700787401574, "std_dev": 2.9855424353459417, "variance": 8.913463633251377, "max": 18, "min": 0}, "27": {"avg": 3.8540772532188843, "std_dev": 3.4932438650776683, "variance": 12.202752700902767, "max": 27, "min": 0}, "28": {"avg": 3.6844262295081966, "std_dev": 2.9149118669466465, "variance": 8.496711192066384, "max": 17, "min": 1}, "29": {"avg": 3.541501976284585, "std_dev": 3.2236811190527743, "variance": 10.392119957337348, "max": 21, "min": 1}, "30": {"avg": 3.925764192139738, "std_dev": 3.423178213955804, "variance": 11.718149084501647, "max": 21, "min": 1}, "31": {"avg": 4.191588785046729, "std_dev": 3.782306758086657, "variance": 14.305844412268, "max": 24, "min": 1}, "32": {"avg": 4.124423963133641, "std_dev": 3.7771489793249753, "variance": 14.266854412015702, "max": 28, "min": 1}, "33": {"avg": 3.773109243697479, "std_dev": 3.3056325152031345, "variance": 10.927206325568202, "max": 20, "min": 1}, "34": {"avg": 3.7489539748953975, "std_dev": 3.2674465388782434, "variance": 10.676206884427412, "max": 19, "min": 1}, "35": {"avg": 4.235849056603773, "std_dev": 3.3487689944300394, "variance": 11.214253778055978, "max": 17, "min": 1}, "36": {"avg": 3.9342105263157894, "std_dev": 3.3791360089432874, "variance": 11.418560166937167, "max": 20, "min": 1}, "37": {"avg": 3.8170212765957445, "std_dev": 3.124983360566721, "variance": 9.765521003818877, "max": 17, "min": 0}, "38": {"avg": 4.077981651376147, "std_dev": 3.385843605561362, "variance": 11.463936921320762, "max": 19, "min": 1}, "39": {"avg": 3.6762295081967213, "std_dev": 3.119975553314811, "variance": 9.73424745328206, "max": 16, "min": 1}, "40": {"avg": 4.1336405529953915, "std_dev": 3.661059111055725, "variance": 13.403353814644136, "max": 25, "min": 1}, "41": {"avg": 4.119815668202765, "std_dev": 3.508511339260048, "variance": 12.309651817716334, "max": 19, "min": 1}, "42": {"avg": 4.45, "std_dev": 3.3755699314055168, "variance": 11.394472361809045, "max": 17, "min": 1}, "43": {"avg": 4.380487804878049, "std_dev": 3.745796304787327, "variance": 14.030989956958393, "max": 21, "min": 0}, "44": {"avg": 3.951111111111111, "std_dev": 3.2254998382187536, "variance": 10.403849206349207, "max": 16, "min": 0}, "45": {"avg": 4.260663507109005, "std_dev": 3.428635371404034, "variance": 11.755540510042879, "max": 18, "min": 1}, "46": {"avg": 3.9417040358744395, "std_dev": 3.5906799730367815, "variance": 12.892982668767424, "max": 24, "min": 1}, "47": {"avg": 3.9342105263157894, "std_dev": 3.57426752786774, "variance": 12.775388360769766, "max": 21, "min": 1}, "48": {"avg": 3.908695652173913, "std_dev": 3.1352918619813277, "variance": 9.830055059806341, "max": 17, "min": 1}, "49": {"avg": 4.068181818181818, "std_dev": 3.6326633830376345, "variance": 13.196243254462432, "max": 18, "min": 0}, "50": {"avg": 3.7405857740585775, "std_dev": 3.108619298199976, "variance": 9.66351394114131, "max": 18, "min": 0}, "51": {"avg": 4.036199095022624, "std_dev": 3.8291409001117036, "variance": 14.662320032908267, "max": 36, "min": 0}, "52": {"avg": 3.8874458874458875, "std_dev": 3.183567586620526, "variance": 10.13510257858084, "max": 17, "min": 1}, "53": {"avg": 4.067873303167421, "std_dev": 3.224890343768218, "variance": 10.399917729329495, "max": 18, "min": 0}, "54": {"avg": 3.625, "std_dev": 3.105516184023321, "variance": 9.64423076923077, "max": 18, "min": 1}, "55": {"avg": 3.605691056910569, "std_dev": 2.840488627497055, "variance": 8.068375642940103, "max": 16, "min": 1}, "56": {"avg": 3.9251101321585904, "std_dev": 3.443428313434758, "variance": 11.857198549764142, "max": 26, "min": 1}, "57": {"avg": 3.8162393162393164, "std_dev": 2.833807468145334, "variance": 8.030464766516268, "max": 16, "min": 1}, "58": {"avg": 3.7932489451476794, "std_dev": 3.240938605357392, "variance": 10.503683043695917, "max": 21, "min": 0}, "59": {"avg": 4.1336405529953915, "std_dev": 4.0501054078436205, "variance": 16.403353814644138, "max": 26, "min": 1}, "60": {"avg": 3.662551440329218, "std_dev": 3.07370157906332, "variance": 9.447641397136348, "max": 18, "min": 0}, "61": {"avg": 4.081818181818182, "std_dev": 3.3844441836946615, "variance": 11.454462432544624, "max": 21, "min": 1}, "62": {"avg": 4.318840579710145, "std_dev": 3.8559980522967288, "variance": 14.868720979316167, "max": 20, "min": 0}, "63": {"avg": 3.7615062761506275, "std_dev": 3.375272076017772, "variance": 11.39246158714532, "max": 18, "min": 1}, "64": {"avg": 4.240566037735849, "std_dev": 4.312843780967573, "variance": 18.60062147903067, "max": 28, "min": 1}, "65": {"avg": 4.072727272727272, "std_dev": 3.3137573782354495, "variance": 10.98098796180988, "max": 24, "min": 1}, "66": {"avg": 4.576530612244898, "std_dev": 4.191476112801586, "variance": 17.56847200418629, "max": 35, "min": 1}, "67": {"avg": 4.220657276995305, "std_dev": 3.4713307681346373, "variance": 12.05013730179821, "max": 20, "min": 1}, "68": {"avg": 3.97787610619469, "std_dev": 3.673865285457976, "variance": 13.497286135693216, "max": 27, "min": 1}, "69": {"avg": 3.9910714285714284,