{"1": {"avg": 3.5, "std_dev": 3.3166247903554, "variance": 11.0, "max": 8, "min": 1}, "2": {"avg": 5.75, "std_dev": 2.6299556396765835, "variance": 6.916666666666667, "max": 8, "min": 2}, "3": {"avg": 4.833333333333333, "std_dev": 2.228601953392904, "variance": 4.966666666666667, "max": 7, "min": 1}, "4": {"avg": 3.3333333333333335, "std_dev": 1.505545305418162, "variance": 2.2666666666666666, "max": 5, "min": 1}, "5": {"avg": 3.6666666666666665, "std_dev": 3.785938897200183, "variance": 14.333333333333336, "max": 8, "min": 1}, "6": {"avg": 3, "std_dev": 2.160246899469287, "variance": 4.666666666666667, "max": 8, "min": 1}, "7": {"avg": 3.375, "std_dev": 2.445841952609133, "variance": 5.982142857142857, "max": 8, "min": 1}, "8": {"avg": 1.6666666666666667, "std_dev": 1.1547005383792515, "variance": 1.3333333333333333, "max": 3, "min": 1}, "9": {"avg": 3, "std_dev": 3.366501646120693, "variance": 11.333333333333334, "max": 8, "min": 1}, "10": {"avg": 3, "std_dev": 1.6733200530681511, "variance": 2.8, "max": 6, "min": 1}, "11": {"avg": 3.7142857142857144, "std_dev": 2.751622897751175, "variance": 7.571428571428572, "max": 9, "min": 1}, "12": {"avg": 2.875, "std_dev": 3.226563851175781, "variance": 10.410714285714286, "max": 10, "min": 1}, "13": {"avg": 1.6666666666666667, "std_dev": 1.2110601416389966, "variance": 1.4666666666666663, "max": 4, "min": 1}, "14": {"avg": 1.6666666666666667, "std_dev": 0.5773502691896257, "variance": 0.3333333333333333, "max": 2, "min": 1}, "15": {"avg": 4.8, "std_dev": 4.43846820423443, "variance": 19.7, "max": 11, "min": 1}, "16": {"avg": 1.8571428571428572, "std_dev": 1.2149857925879117, "variance": 1.4761904761904763, "max": 4, "min": 1}, "17": {"avg": 3.6, "std_dev": 1.8165902124584952, "variance": 3.3000000000000003, "max": 6, "min": 2}, "18": {"avg": 4, "std_dev": 3.4641016151377544, "variance": 12, "max": 9, "min": 1}, "19": {"avg": 2.5, "std_dev": 1.9148542155126762, "variance": 3.6666666666666665, "max": 5, "min": 1}, "20": {"avg": 2.8333333333333335, "std_dev": 3.5449494589721113, "variance": 12.566666666666665, "max": 10, "min": 1}, "21": {"avg": 3, "std_dev": 1.5811388300841898, "variance": 2.5, "max": 5, "min": 1}, "23": {"avg": 3.125, "std_dev": 2.2320714274285347, "variance": 4.982142857142857, "max": 6, "min": 1}, "24": {"avg": 4, "std_dev": 2.6457513110645907, "variance": 7, "max": 6, "min": 1}, "25": {"avg": 2.5714285714285716, "std_dev": 1.2724180205607036, "variance": 1.619047619047619, "max": 4, "min": 1}, "26": {"avg": 3, "std_dev": 1.0, "variance": 1, "max": 4, "min": 2}, "27": {"avg": 2.1666666666666665, "std_dev": 1.4719601443879744, "variance": 2.1666666666666665, "max": 5, "min": 1}, "28": {"avg": 2, "std_dev": 0.0, "variance": 0, "max": 2, "min": 2}, "29": {"avg": 5, "std_dev": 3.605551275463989, "variance": 13, "max": 8, "min": 1}, "30": {"avg": 4.25, "std_dev": 2.5, "variance": 6.25, "max": 7, "min": 1}, "31": {"avg": 3.6, "std_dev": 2.792848008753788, "variance": 7.8, "max": 7, "min": 1}, "32": {"avg": 4.142857142857143, "std_dev": 2.193062655175134, "variance": 4.809523809523809, "max": 7, "min": 1}, "33": {"avg": 3.8, "std_dev": 3.1144823004794877, "variance": 9.700000000000001, "max": 9, "min": 1}, "34": {"avg": 4.666666666666667, "std_dev": 3.0550504633038935, "variance": 9.333333333333334, "max": 8, "min": 2}, "35": {"avg": 3, "std_dev": 2.160246899469287, "variance": 4.666666666666667, "max": 6, "min": 1}, "38": {"avg": 3.6666666666666665, "std_dev": 1.7511900715418263, "variance": 3.066666666666667, "max": 6, "min": 1}, "39": {"avg": 1.4, "std_dev": 0.8944271909999159, "variance": 0.8, "max": 3, "min": 1}, "40": {"avg": 2.3333333333333335, "std_dev": 0.816496580927726, "variance": 0.6666666666666666, "max": 3, "min": 1}, "42": {"avg": 2.75, "std_dev": 2.362907813126304, "variance": 5.583333333333333, "max": 6, "min": 1}, "43": {"avg": 4.625, "std_dev": 2.1339098923270936, "variance": 4.553571428571429, "max": 8, "min": 2}, "44": {"avg": 1.6666666666666667, "std_dev": 0.5773502691896257, "variance": 0.3333333333333333, "max": 2, "min": 1}, "45": {"avg": 3.8, "std_dev": 1.9235384061671346, "variance": 3.7, "max": 7, "min": 2}, "46": {"avg": 3, "std_dev": 2.345207879911715, "variance": 5.5, "max": 7, "min": 1}, "47": {"avg": 4.2, "std_dev": 2.9495762407505253, "variance": 8.700000000000001, "max": 7, "min": 1}, "48": {"avg": 2.6666666666666665, "std_dev": 1.5275252316519468, "variance": 2.3333333333333335, "max": 4, "min": 1}, "49": {"avg": 2.8333333333333335, "std_dev": 1.7224014243685084, "variance": 2.966666666666667, "max": 6, "min": 1}, "51": {"avg": 2.6, "std_dev": 1.3416407864998738, "variance": 1.8, "max": 4, "min": 1}, "52": {"avg": 2.3333333333333335, "std_dev": 2.309401076758503, "variance": 5.333333333333333, "max": 5, "min": 1}, "53": {"avg": 4.333333333333333, "std_dev": 3.0550504633038935, "variance": 9.333333333333334, "max": 7, "min": 1}, "55": {"avg": 2, "std_dev": 1.7320508075688772, "variance": 3, "max": 4, "min": 1}, "56": {"avg": 3.2, "std_dev": 2.280350850198276, "variance": 5.2, "max": 6, "min": 1}, "57": {"avg": 1.5, "std_dev": 0.5773502691896257, "variance": 0.3333333333333333, "max": 2, "min": 1}, "58": {"avg": 3.3333333333333335, "std_dev": 2.943920288775949, "variance": 8.666666666666666, "max": 8, "min": 1}, "59": {"avg": 3.2, "std_dev": 3.3466401061363023, "variance": 11.200000000000001, "max": 9, "min": 1}, "60": {"avg": 1.8, "std_dev": 0.8366600265340756, "variance": 0.7000000000000001, "max": 3, "min": 1}, "61": {"avg": 2.8333333333333335, "std_dev": 2.857738033247041, "variance": 8.166666666666666, "max": 7, "min": 1}, "62": {"avg": 3.8333333333333335, "std_dev": 1.4719601443879744, "variance": 2.1666666666666665, "max": 6, "min": 2}, "63": {"avg": 2.3333333333333335, "std_dev": 1.7511900715418263, "variance": 3.066666666666667, "max": 5, "min": 1}, "64": {"avg": 5.166666666666667, "std_dev": 1.9407902170679516, "variance": 3.7666666666666666, "max": 9, "min": 4}, "65": {"avg": 4.666666666666667, "std_dev": 3.0550504633038935, "variance": 9.333333333333334, "max": 8, "min": 2}, "66": {"avg": 4.4, "std_dev": 3.9115214431215892, "variance": 15.299999999999999, "max": 10, "min": 1}, "67": {"avg": 4.166666666666667, "std_dev": 2.041241452319315, "variance": 4.166666666666667, "max": 7, "min": 1}, "68": {"avg": 3.8, "std_dev": 2.588435821108957, "variance": 6.7, "max": 7, "min": 1}, "69": {"avg": 2, "std_dev": 1.0, "variance": 1, "max": 3, "min": 1}, "70": {"avg": 4, "std_dev": 2.8284271247461903, "variance": 8, "max": 7, "min": 1}, "71": {"avg": 5.6, "std_dev": 1.3416407864998738, "variance": 1.8, "max": 7, "min": 4}, "72": {"avg": 3, "std_dev": 3.366501646120693, "variance": 11.333333333333334, "max": 8, "min": 1}, "73": {"avg": 3.857142857142857, "std_dev": 2.4784787961282104, "variance": 6.142857142857142, "max": 7, "min": 1}, "74": {"avg": 3, "std_dev": 3.366501646120693, "variance": 11.333333333333334, "max": 8, "min": 1}, "75": {"avg": 3.111111111111111, "std_dev": 1.0540925533894598, "variance": 1.1111111111111112, "max": 5, "min": 2}, "76": {"avg": 1.6666666666666667, "std_dev": 0.5163977794943222, "variance": 0.26666666666666666, "max": 2, "min": 1}, "78": {"avg": 3.8333333333333335, "std_dev": 2.3166067138525404, "variance": 5.366666666666666, "max": 8, "min": 2}}