{"avg_psfip2": 0.561586051743532, "avg_psfip3": 0.41946006749156356, "avg_psfip4": 0.3170978627671541, "avg_psfip5": 0.2376265466816648, "avg_psfip6": 0.178458942632171, "avg_psfip7": 0.13267716535433072, "avg_psfip8": 0.0999437570303712, "avg_psfip9": 0.07395950506186727, "avg_psfip10": 0.05562429696287964, "std_dev_psfip2": 0.09850037537680346, "std_dev_psfip3": 0.09968046263474363, "std_dev_psfip4": 0.09708657141454062, "std_dev_psfip5": 0.09256658191417069, "std_dev_psfip6": 0.08325439110924303, "std_dev_psfip7": 0.07476109356392972, "std_dev_psfip8": 0.06526537294184565, "std_dev_psfip9": 0.056847180773692926, "std_dev_psfip10": 0.049964835778757447, "variance_psfip2": 0.009702323949371192, "variance_psfip3": 0.009936194631076522, "variance_psfip4": 0.009425802349030697, "variance_psfip5": 0.008568572087272873, "variance_psfip6": 0.006931293638970804, "variance_psfip7": 0.005589221110874654, "variance_psfip8": 0.004259568905238197, "variance_psfip9": 0.0032316019619169226, "variance_psfip10": 0.0024964848143982}