{"avg_ppls": 0.25020622422197225, "avg_pp2ls": 0.24940007499062616, "avg_pp3ls": 0.2500374953130859, "avg_pp4ls": 0.2504311961004874, "avg_pp5ls": 0.24850018747656544, "avg_pp6ls": 0.2497562804649419, "avg_pp7ls": 0.2490063742032246, "avg_pp8ls": 0.24940007499062616, "avg_pp9ls": 0.25009373828271464, "avg_pp10ls": 0.24945631796025497, "std_dev_ppls": 0.027722527026932033, "std_dev_pp2ls": 0.02847939818738259, "std_dev_pp3ls": 0.02835361566797445, "std_dev_pp4ls": 0.028465977210350688, "std_dev_pp5ls": 0.02853400551421993, "std_dev_pp6ls": 0.027767321035361156, "std_dev_pp7ls": 0.028131236211998745, "std_dev_pp8ls": 0.027756268759504134, "std_dev_pp9ls": 0.029967929338291295, "std_dev_pp10ls": 0.027920358509700382, "variance_ppls": 0.0007685385047589769, "variance_pp2ls": 0.0008110761211154909, "variance_pp3ls": 0.0008039275214472062, "variance_pp4ls": 0.0008103118585402047, "variance_pp5ls": 0.0008141894706855334, "variance_pp6ls": 0.0007710241174808102, "variance_pp7ls": 0.0007913664508152695, "variance_pp8ls": 0.0007704104554498252, "variance_pp9ls": 0.0008980767888248201, "variance_pp10ls": 0.0007795464193101985}