{"avg_ppws": 0.24938132733408325, "avg_pp2ws": 0.2517997750281215, "avg_pp3ws": 0.24988751406074242, "avg_pp4ws": 0.2487064116985377, "avg_pp5ws": 0.2544994375703037, "avg_pp6ws": 0.25073115860517436, "avg_pp7ws": 0.2529808773903262, "avg_pp8ws": 0.2517997750281215, "avg_pp9ws": 0.24971878515185603, "avg_pp10ws": 0.2516310461192351, "std_dev_ppws": 0.08316758108079611, "std_dev_pp2ws": 0.0854381945621478, "std_dev_pp3ws": 0.08506084700392336, "std_dev_pp4ws": 0.08539793163105208, "std_dev_pp5ws": 0.08560201654265981, "std_dev_pp6ws": 0.08330196310608348, "std_dev_pp7ws": 0.08439370863599624, "std_dev_pp8ws": 0.08326880627851242, "std_dev_pp9ws": 0.08990378801487389, "std_dev_pp10ws": 0.08376107552910116, "variance_ppws": 0.006916846542830794, "variance_pp2ws": 0.0072996850900394206, "variance_pp3ws": 0.007235347693024858, "variance_pp4ws": 0.007292806726861845, "variance_pp5ws": 0.007327705236169803, "variance_pp6ws": 0.006939217057327293, "variance_pp7ws": 0.0071222980573374265, "variance_pp8ws": 0.00693369409904843, "variance_pp9ws": 0.008082691099423382, "variance_pp10ws": 0.007015917773791789}