{"avg_psfpl": 0.7506186726659168, "avg_psfp2l": 0.7482002249718785, "avg_psfp3l": 0.7501124859392576, "avg_psfp4l": 0.7512935883014623, "avg_psfp5l": 0.7455005624296963, "avg_psfp6l": 0.7492688413948256, "avg_psfp7l": 0.7470191226096738, "avg_psfp8l": 0.7482002249718785, "avg_psfp9l": 0.750281214848144, "avg_psfp10l": 0.7483689538807649, "std_dev_psfpl": 0.08316758108079611, "std_dev_psfp2l": 0.0854381945621478, "std_dev_psfp3l": 0.08506084700392337, "std_dev_psfp4l": 0.08539793163105208, "std_dev_psfp5l": 0.08560201654265981, "std_dev_psfp6l": 0.08330196310608348, "std_dev_psfp7l": 0.08439370863599625, "std_dev_psfp8l": 0.08326880627851242, "std_dev_psfp9l": 0.0899037880148739, "std_dev_psfp10l": 0.08376107552910117, "variance_psfpl": 0.006916846542830795, "variance_psfp2l": 0.007299685090039421, "variance_psfp3l": 0.007235347693024859, "variance_psfp4l": 0.007292806726861846, "variance_psfp5l": 0.007327705236169804, "variance_psfp6l": 0.006939217057327294, "variance_psfp7l": 0.007122298057337428, "variance_psfp8l": 0.006933694099048431, "variance_psfp9l": 0.008082691099423384, "variance_psfp10l": 0.00701591777379179}