{"avg_pip2ls": 0.24975005401055128, "avg_pip3ls": 0.24862684088311696, "avg_pip4ls": 0.2504121360260554, "avg_pip5ls": 0.25068289241313024, "avg_pip6ls": 0.25183745310602773, "avg_pip7ls": 0.25020808108690795, "avg_pip8ls": 0.252306149865501, "avg_pip9ls": 0.24671859206808475, "avg_pip10ls": 0.2478809092704309, "std_dev_pip2ls": 0.04334456741784215, "std_dev_pip3ls": 0.0571117417017232, "std_dev_pip4ls": 0.0736422431096949, "std_dev_pip5ls": 0.09331833780332405, "std_dev_pip6ls": 0.11203930199807435, "std_dev_pip7ls": 0.1316307745817146, "std_dev_pip8ls": 0.15908865331992247, "std_dev_pip9ls": 0.18922390329690145, "std_dev_pip10ls": 0.22674836780151433, "variance_pip2ls": 0.0018787515246398634, "variance_pip3ls": 0.0032617510402043488, "variance_pip4ls": 0.0054231799702274056, "variance_pip5ls": 0.008708312170375298, "variance_pip6ls": 0.012552805192215707, "variance_pip7ls": 0.01732666081698216, "variance_pip8ls": 0.025309199615146483, "variance_pip9ls": 0.03580568557891511, "variance_pip10ls": 0.05141482230065082}