{"avg_pip2lrns": 0.2460020951795145, "avg_psfip2lrn": 0.3170416197975253, "std_dev_pip2lrns": 0.09531606332973304, "std_dev_psfip2lrn": 0.20542835783498517, "variance_pip2lrns": 0.00908515192867768, "variance_psfip2lrn": 0.04220081020277871}