{"avg_prns": 0.24616987930553458, "avg_psfrn": 0.3813273340832396, "avg_draws_per_round": 8.92134831460674, "std_dev_prns": 0.09333053387922316, "std_dev_psfrn": 0.3022718664468292, "std_dev_draws_per_round": 1.4633765368700908, "variance_prns": 0.008710588554180823, "variance_psfrn": 0.09136828124524975, "variance_draws_per_round": 2.1414708886619}