{"4": 3.908735332464146, "5": 4.069199457259159, "11": 4.165507649513213, "14": 4.056833558863329, "21": 3.973474801061008, "22": 4.05277401894452, "24": 4.0845839017735335, "25": 4.001336898395722, "29": 3.8783958602846056, "30": 4.063772048846675, "33": 3.9433465085639, "37": 3.9304461942257216, "38": 4.231638418079096, "40": 4.009358288770054, "49": 4.069293478260869, "50": 4.274285714285714, "53": 4.074728260869565, "62": 3.8621134020618557, "75": 4.028225806451613, "77": 4.090040927694407, "12": 4.108219178082192, "13": 3.9564643799472297, "17": 3.8998699609882963, "18": 4.020107238605898, "31": 4.070652173913044, "41": 4.182705718270572, "47": 4.104539202200825, "52": 4.212078651685394, "56": 4.0, "61": 4.03364737550471, "67": 3.9460526315789473, "70": 3.90234375, "73": 4.067842605156038, "74": 3.7914032869785084, "76": 4.063685636856369, "6": 4.273894436519258, "8": 3.955145118733509, "10": 4.1195054945054945, "20": 4.04177897574124, "27": 4.037735849056604, "36": 3.989333333333333, "42": 3.938239159001314, "44": 3.9800796812749004, "54": 3.9395532194480944, "57": 4.002670226969292, "65": 4.013404825737266, "71": 3.826309067688378, "80": 4.034993270524899, "3": 3.9433465085639, "7": 3.8045685279187818, "9": 4.080272108843538, "26": 4.062330623306233, "28": 3.852185089974293, "45": 3.8796895213454077, "48": 3.855855855855856, "58": 4.01744966442953, "1": 4.24822695035461, "15": 4.016085790884718, "19": 3.8324808184143224, "43": 3.8286445012787724, "60": 3.9049479166666665, "66": 4.004016064257028, "68": 3.8858625162127107, "69": 3.8808290155440415, "78": 3.929226736566186, "32": 4.136929460580913, "39": 4.04177897574124, "46": 4.113854595336077, "72": 3.9420289855072466, "35": 3.929226736566186, "23": 3.9919678714859437, "79": 3.9138381201044385, "34": 3.8796895213454077, "55": 3.668711656441718, "63": 3.929226736566186, "64": 3.931758530183727, "2": 4.048648648648649, "59": 3.8972691807542263, "51": 4.119669876203576, "16": 4.0120481927710845, "avg_over_all": 3.998287628420294}