{"avg_ppls": 0.2499442399910784, "avg_pp2ls": 0.250451656072265, "avg_pp3ls": 0.24997769599643135, "avg_pp4ls": 0.24887364781978366, "avg_pp5ls": 0.24968216794914688, "avg_pp6ls": 0.2504906880785101, "avg_pp7ls": 0.2502174640347942, "avg_pp8ls": 0.24968216794914688, "avg_pp9ls": 0.2502286160365786, "avg_pp10ls": 0.24969889595182335, "std_dev_ppls": 0.027437620324525822, "std_dev_pp2ls": 0.027685262522184628, "std_dev_pp3ls": 0.028380336512804395, "std_dev_pp4ls": 0.028001688933133418, "std_dev_pp5ls": 0.02833102501028629, "std_dev_pp6ls": 0.02776339849871161, "std_dev_pp7ls": 0.02821360101603479, "std_dev_pp8ls": 0.028090464011402846, "std_dev_pp9ls": 0.02781529862947293, "std_dev_pp10ls": 0.027913031530335645, "variance_ppls": 0.0007528230090728324, "variance_pp2ls": 0.0007664737609222807, "variance_pp3ls": 0.0008054435005800183, "variance_pp4ls": 0.0007840945831079666, "variance_pp5ls": 0.0008026469781334672, "variance_pp6ls": 0.000770806296198262, "variance_pp7ls": 0.0007960072822919994, "variance_pp8ls": 0.0007890741683759184, "variance_pp9ls": 0.0007736908378467587, "variance_pp10ls": 0.0007791373292135119}