{"avg_psfpl": 0.7498327199732352, "avg_psfp2l": 0.7513549682167949, "avg_psfp3l": 0.749933087989294, "avg_psfp4l": 0.7466209434593509, "avg_psfp5l": 0.7490465038474406, "avg_psfp6l": 0.7514720642355303, "avg_psfp7l": 0.7506523921043827, "avg_psfp8l": 0.7490465038474406, "avg_psfp9l": 0.7506858481097357, "avg_psfp10l": 0.74909668785547, "std_dev_psfpl": 0.08231286097357748, "std_dev_psfp2l": 0.0830557875665539, "std_dev_psfp3l": 0.0851410095384132, "std_dev_psfp4l": 0.08400506679940027, "std_dev_psfp5l": 0.08499307503085889, "std_dev_psfp6l": 0.08329019549613484, "std_dev_psfp7l": 0.08464080304810438, "std_dev_psfp8l": 0.08427139203420855, "std_dev_psfp9l": 0.08344589588841882, "std_dev_psfp10l": 0.08373909459100695, "variance_psfpl": 0.0067754070816554955, "variance_psfp2l": 0.00689826384830053, "variance_psfp3l": 0.0072489915052201676, "variance_psfp4l": 0.0070568512479717025, "variance_psfp5l": 0.007223822803201207, "variance_psfp6l": 0.00693725666578436, "variance_psfp7l": 0.007164065540627997, "variance_psfp8l": 0.007101667515383269, "variance_psfp9l": 0.006963217540620832, "variance_psfp10l": 0.00701223596292161}