{"avg_pip2ls": 0.2500497761123754, "avg_pip3ls": 0.24962629565527034, "avg_pip4ls": 0.24986904490147918, "avg_pip5ls": 0.24963263716838338, "avg_pip6ls": 0.24904837758577203, "avg_pip7ls": 0.24861669718792895, "avg_pip8ls": 0.24891517723568576, "avg_pip9ls": 0.24819006852139383, "avg_pip10ls": 0.251773531369491, "std_dev_pip2ls": 0.042952575420759094, "std_dev_pip3ls": 0.057865935534355095, "std_dev_pip4ls": 0.07172782226045607, "std_dev_pip5ls": 0.08944066000704282, "std_dev_pip6ls": 0.10745734173601253, "std_dev_pip7ls": 0.12809989407360448, "std_dev_pip8ls": 0.15458826257373673, "std_dev_pip9ls": 0.18807985201796015, "std_dev_pip10ls": 0.22522349789757873, "variance_pip2ls": 0.0018449237352759983, "variance_pip3ls": 0.0033484664952661393, "variance_pip4ls": 0.0051448804862275765, "variance_pip5ls": 0.007999631662495428, "variance_pip6ls": 0.011547080292970179, "variance_pip7ls": 0.01640958286166869, "variance_pip8ls": 0.023897530925566568, "variance_pip9ls": 0.03537403073509779, "variance_pip10ls": 0.050725624005220654}