{"avg_ppws": 0.2506691201070592, "avg_pp2ws": 0.24755771160923384, "avg_pp3ws": 0.25090331214452993, "avg_pp4ws": 0.24887922382067582, "avg_pp5ws": 0.2506189360990298, "avg_pp6ws": 0.24914687186349949, "avg_pp7ws": 0.25, "avg_pp8ws": 0.2482101037136166, "avg_pp9ws": 0.25157243225158915, "avg_pp10ws": 0.2486283037805286, "std_dev_ppws": 0.08493178174352133, "std_dev_pp2ws": 0.08512564792895126, "std_dev_pp3ws": 0.08378903725104546, "std_dev_pp4ws": 0.08342112925286403, "std_dev_pp5ws": 0.08390637306248516, "std_dev_pp6ws": 0.08174249516917893, "std_dev_pp7ws": 0.08532754435685201, "std_dev_pp8ws": 0.0836198369216089, "std_dev_pp9ws": 0.08492970864848753, "std_dev_pp10ws": 0.08247423849437854, "variance_ppws": 0.007213407550129143, "variance_pp2ws": 0.007246375935323764, "variance_pp3ws": 0.007020602763457084, "variance_pp4ws": 0.006959084805823046, "variance_pp5ws": 0.007040279440500935, "variance_pp6ws": 0.00668183551648324, "variance_pp7ws": 0.007280789825970548, "variance_pp8ws": 0.006992277126796468, "variance_pp9ws": 0.007213055411116978, "variance_pp10ws": 0.006802000015227632}