{"avg_psfpw": 0.2501672800267648, "avg_psfp2w": 0.24864503178320507, "avg_psfp3w": 0.2500669120107059, "avg_psfp4w": 0.2533790565406491, "avg_psfp5w": 0.2509534961525594, "avg_psfp6w": 0.24852793576446972, "avg_psfp7w": 0.24934760789561727, "avg_psfp8w": 0.2509534961525594, "avg_psfp9w": 0.2493141518902643, "avg_psfp10w": 0.25090331214452993, "std_dev_psfpw": 0.08231286097357748, "std_dev_psfp2w": 0.08305578756655389, "std_dev_psfp3w": 0.08514100953841319, "std_dev_psfp4w": 0.08400506679940027, "std_dev_psfp5w": 0.08499307503085887, "std_dev_psfp6w": 0.08329019549613484, "std_dev_psfp7w": 0.08464080304810438, "std_dev_psfp8w": 0.08427139203420855, "std_dev_psfp9w": 0.0834458958884188, "std_dev_psfp10w": 0.08373909459100695, "variance_psfpw": 0.006775407081655495, "variance_psfp2w": 0.006898263848300529, "variance_psfp3w": 0.007248991505220167, "variance_psfp4w": 0.007056851247971702, "variance_psfp5w": 0.0072238228032012065, "variance_psfp6w": 0.006937256665784359, "variance_psfp7w": 0.007164065540627996, "variance_psfp8w": 0.007101667515383268, "variance_psfp9w": 0.00696321754062083, "variance_psfp10w": 0.007012235962921609}