{"avg_psfip2": 0.5642020742723319, "avg_psfip3": 0.4234526597524256, "avg_psfip4": 0.31620943459350953, "avg_psfip5": 0.23715289394446304, "avg_psfip6": 0.17843760455001673, "avg_psfip7": 0.1337571094011375, "avg_psfip8": 0.09969889595182335, "avg_psfip9": 0.07482435597189696, "avg_psfip10": 0.05510204081632653, "std_dev_psfip2": 0.09583812969862093, "std_dev_psfip3": 0.09904322841482391, "std_dev_psfip4": 0.09536997795653449, "std_dev_psfip5": 0.08947577343588745, "std_dev_psfip6": 0.08091429434821144, "std_dev_psfip7": 0.07199794466942484, "std_dev_psfip8": 0.06406763339404488, "std_dev_psfip9": 0.05698538055222417, "std_dev_psfip10": 0.04979776328406787, "variance_psfip2": 0.009184947104129688, "variance_psfip3": 0.009809561094830981, "variance_psfip4": 0.009095432695429874, "variance_psfip5": 0.008005914031950261, "variance_psfip6": 0.006547123029869002, "variance_psfip7": 0.005183704036621562, "variance_psfip8": 0.004104661648713735, "variance_psfip9": 0.003247333596681809, "variance_psfip10": 0.0024798172280960577}