{"avg_pip2lrns": 0.2506977664320401, "avg_psfip2lrn": 0.3049013047842088, "std_dev_pip2lrns": 0.10500496934041387, "std_dev_psfip2lrn": 0.2089334296061749, "variance_pip2lrns": 0.011026043586181256, "variance_psfip2lrn": 0.043653178006998444}