{"avg_prns": 0.24957102065082312, "avg_psfrn": 0.3619939779190365, "avg_draws_per_round": 9.570921985815604, "std_dev_prns": 0.10515123234798013, "std_dev_psfrn": 0.3012538033730381, "std_dev_draws_per_round": 1.5499759615673439, "variance_prns": 0.011056781664298902, "variance_psfrn": 0.09075385404672108, "variance_draws_per_round": 2.402425481436612}