{"1": 3.7022332506203472, "2": 4.013404825737266, "3": 4.0296495956873315, "4": 4.358600583090379, "5": 4.002673796791444, "6": 3.7746835443037976, "7": 4.28080229226361, "8": 3.878238341968912, "9": 3.8903394255874675, "10": 3.984042553191489, "11": 4.084699453551913, "12": 3.9162303664921465, "13": 3.9655172413793105, "14": 3.8556701030927836, "15": 3.765151515151515, "16": 4.002673796791444, "17": 4.057065217391305, "18": 3.7493734335839597, "19": 3.756892230576441, "20": 4.240793201133145, "21": 3.873056994818653, "22": 3.8471502590673574, "23": 4.092896174863388, "24": 4.14404432132964, "25": 3.8081841432225065, "26": 3.905759162303665, "27": 3.9656084656084656, "28": 4.062330623306233, "29": 3.9368421052631577, "30": 4.439169139465875, "31": 3.8435897435897437, "32": 4.0625, "33": 3.9525065963060686, "34": 3.949868073878628, "35": 4.002673796791444, "36": 4.162011173184357, "37": 4.187675070028011, "38": 4.132596685082873, "39": 3.9656084656084656, "40": 3.728855721393035, "41": 4.073369565217392, "42": 4.026954177897574, "43": 4.095890410958904, "44": 3.806122448979592, "45": 4.035040431266847, "46": 3.566666666666667, "47": 4.222535211267606, "48": 4.059620596205962, "49": 3.936675461741425, "50": 4.3198847262247835, "51": 4.196078431372549, "52": 3.997333333333333, "53": 3.8935064935064934, "54": 4.421828908554573, "55": 3.7758186397984885, "56": 3.7054455445544554, "57": 3.835897435897436, "58": 4.4188790560471976, "59": 3.962962962962963, "60": 3.86340206185567, "61": 3.984042553191489, "62": 4.110192837465565, "63": 3.978666666666667, "64": 4.016085790884718, "65": 4.095628415300546, "66": 4.240793201133145, "67": 3.833759590792839, "68": 4.314121037463977, "69": 3.962864721485411, "70": 3.890625, "71": 4.184873949579832, "72": 3.8828125, "73": 3.8808290155440415, "74": 3.8935064935064934, "75": 4.098630136986301, "76": 3.8935064935064934, "77": 3.7506297229219143, "78": 4.235795454545454, "79": 4.152354570637119, "80": 3.7853535353535355, "avg_over_all": 3.997133071684663}