{"1": {"avg": 3.7022332506203472, "std_dev": 2.8937520575084577, "variance": 8.373800970334432, "max": 18, "min": 1}, "2": {"avg": 4.013404825737266, "std_dev": 3.6341173721995945, "variance": 13.206809074922887, "max": 28, "min": 1}, "3": {"avg": 4.0296495956873315, "std_dev": 3.4799323752545006, "variance": 12.10992933634443, "max": 20, "min": 1}, "4": {"avg": 4.358600583090379, "std_dev": 4.067735022262966, "variance": 16.54646821134469, "max": 39, "min": 0}, "5": {"avg": 4.002673796791444, "std_dev": 3.5538738921486033, "variance": 12.630019641295464, "max": 22, "min": 0}, "6": {"avg": 3.7746835443037976, "std_dev": 3.196185399063292, "variance": 10.215601105185375, "max": 18, "min": 1}, "7": {"avg": 4.28080229226361, "std_dev": 4.25295075907013, "variance": 18.08759015907519, "max": 35, "min": 1}, "8": {"avg": 3.878238341968912, "std_dev": 3.464580408647001, "variance": 12.00331740798062, "max": 23, "min": 1}, "9": {"avg": 3.8903394255874675, "std_dev": 3.524556433372566, "variance": 12.422498052027942, "max": 23, "min": 1}, "10": {"avg": 3.984042553191489, "std_dev": 3.5552418596842412, "variance": 12.639744680851063, "max": 23, "min": 0}, "11": {"avg": 4.084699453551913, "std_dev": 3.724180269072329, "variance": 13.869518676547646, "max": 25, "min": 1}, "12": {"avg": 3.9162303664921465, "std_dev": 3.324655122614194, "variance": 11.0533316843248, "max": 24, "min": 1}, "13": {"avg": 3.9655172413793105, "std_dev": 3.402342639496653, "variance": 11.575935436537051, "max": 24, "min": 1}, "14": {"avg": 3.8556701030927836, "std_dev": 3.0710440303106123, "variance": 9.43131143610645, "max": 19, "min": 1}, "15": {"avg": 3.765151515151515, "std_dev": 3.4055647279453587, "variance": 11.597871116225546, "max": 27, "min": 0}, "16": {"avg": 4.002673796791444, "std_dev": 3.268583629684963, "variance": 10.683638944244526, "max": 18, "min": 1}, "17": {"avg": 4.057065217391305, "std_dev": 3.6836044538334813, "variance": 13.56894177230186, "max": 26, "min": 0}, "18": {"avg": 3.7493734335839597, "std_dev": 3.1467209316212816, "variance": 9.901852621503506, "max": 28, "min": 1}, "19": {"avg": 3.756892230576441, "std_dev": 3.133310475935608, "variance": 9.817634538607827, "max": 21, "min": 1}, "20": {"avg": 4.240793201133145, "std_dev": 3.701401983272261, "variance": 13.700376641771827, "max": 24, "min": 1}, "21": {"avg": 3.873056994818653, "std_dev": 3.307127208132328, "variance": 10.937090370769127, "max": 18, "min": 0}, "22": {"avg": 3.8471502590673574, "std_dev": 3.53754697652622, "variance": 12.514238611129803, "max": 32, "min": 1}, "23": {"avg": 4.092896174863388, "std_dev": 3.309116312140297, "variance": 10.950250767273, "max": 19, "min": 1}, "24": {"avg": 4.14404432132964, "std_dev": 3.3691862252259646, "variance": 11.351415820252384, "max": 18, "min": 1}, "25": {"avg": 3.8081841432225065, "std_dev": 3.1907774997927723, "variance": 10.181061053183816, "max": 20, "min": 1}, "26": {"avg": 3.905759162303665, "std_dev": 3.4907479249729896, "variance": 12.185321075703232, "max": 21, "min": 0}, "27": {"avg": 3.9656084656084656, "std_dev": 3.544545220817688, "variance": 12.563800822421513, "max": 24, "min": 0}, "28": {"avg": 4.062330623306233, "std_dev": 3.371703863737, "variance": 11.368386944739013, "max": 28, "min": 1}, "29": {"avg": 3.9368421052631577, "std_dev": 3.2562034202103765, "variance": 10.602860713789752, "max": 20, "min": 1}, "30": {"avg": 4.439169139465875, "std_dev": 3.854111505664102, "variance": 14.854175498092411, "max": 23, "min": 1}, "31": {"avg": 3.8435897435897437, "std_dev": 3.617104103211269, "variance": 13.0834420934678, "max": 30, "min": 1}, "32": {"avg": 4.0625, "std_dev": 3.5363285892303864, "variance": 12.505619891008175, "max": 21, "min": 1}, "33": {"avg": 3.9525065963060686, "std_dev": 3.2436935633868735, "variance": 10.521547933157432, "max": 19, "min": 1}, "34": {"avg": 3.949868073878628, "std_dev": 3.483919026253517, "variance": 12.137691781491254, "max": 21, "min": 1}, "35": {"avg": 4.002673796791444, "std_dev": 3.090674950883597, "variance": 9.552271652019325, "max": 21, "min": 1}, "36": {"avg": 4.162011173184357, "std_dev": 3.560050416646158, "variance": 12.673958969062484, "max": 27, "min": 1}, "37": {"avg": 4.187675070028011, "std_dev": 3.5712749786001674, "variance": 12.754004972775627, "max": 27, "min": 1}, "38": {"avg": 4.132596685082873, "std_dev": 3.435852746739054, "variance": 11.8050840972743, "max": 20, "min": 1}, "39": {"avg": 3.9656084656084656, "std_dev": 3.357778455167419, "variance": 11.2746761539865, "max": 22, "min": 0}, "40": {"avg": 3.728855721393035, "std_dev": 3.093491387037535, "variance": 9.569688961675412, "max": 18, "min": 1}, "41": {"avg": 4.073369565217392, "std_dev": 3.4129976842578835, "variance": 11.648553192749675, "max": 19, "min": 1}, "42": {"avg": 4.026954177897574, "std_dev": 3.554110850991835, "variance": 12.631703941137904, "max": 32, "min": 1}, "43": {"avg": 4.095890410958904, "std_dev": 3.5832500425002616, "variance": 12.839680867078126, "max": 23, "min": 1}, "44": {"avg": 3.806122448979592, "std_dev": 3.4748881032684267, "variance": 12.074847330236443, "max": 24, "min": 1}, "45": {"avg": 4.035040431266847, "std_dev": 3.7425762460931042, "variance": 14.006876957820353, "max": 23, "min": 1}, "46": {"avg": 3.566666666666667, "std_dev": 2.9632326625243914, "variance": 8.780747812251393, "max": 22, "min": 1}, "47": {"avg": 4.222535211267606, "std_dev": 3.7171991910219266, "variance": 13.817569825734067, "max": 28, "min": 1}, "48": {"avg": 4.059620596205962, "std_dev": 3.7629083437532316, "variance": 14.159479203487688, "max": 27, "min": 0}, "49": {"avg": 3.936675461741425, "std_dev": 3.3469879893339156, "variance": 11.202328600745489, "max": 23, "min": 0}, "50": {"avg": 4.3198847262247835, "std_dev": 3.4412882364832424, "variance": 11.842464726557944, "max": 23, "min": 1}, "51": {"avg": 4.196078431372549, "std_dev": 3.910614520304387, "variance": 15.29290592641551, "max": 22, "min": 1}, "52": {"avg": 3.997333333333333, "std_dev": 3.4513414168635324, "variance": 11.911757575757575, "max": 23, "min": 1}, "53": {"avg": 3.8935064935064934, "std_dev": 3.5643758826617087, "variance": 12.704775432900433, "max": 37, "min": 0}, "54": {"avg": 4.421828908554573, "std_dev": 3.896849913551665, "variance": 15.18543924874762, "max": 21, "min": 1}, "55": {"avg": 3.7758186397984885, "std_dev": 3.2047344470511634, "variance": 10.270322876116326, "max": 20, "min": 0}, "56": {"avg": 3.7054455445544554, "std_dev": 3.0398298975370723, "variance": 9.240565805960248, "max": 18, "min": 0}, "57": {"avg": 3.835897435897436, "std_dev": 3.1211598249196784, "variance": 9.741638652692636, "max": 22, "min": 0}, "58": {"avg": 4.4188790560471976, "std_dev": 3.7749247314261556, "variance": 14.250056727932833, "max": 17, "min": 0}, "59": {"avg": 3.962962962962963, "std_dev": 3.5103036971706563, "variance": 12.322232046369978, "max": 32, "min": 1}, "60": {"avg": 3.86340206185567, "std_dev": 3.2871845391638272, "variance": 10.805582194517703, "max": 28, "min": 1}, "61": {"avg": 3.984042553191489, "std_dev": 3.320202506000359, "variance": 11.023744680851063, "max": 19, "min": 1}, "62": {"avg": 4.110192837465565, "std_dev": 3.6229746815043415, "variance": 13.125945542821485, "max": 23, "min": 1}, "63": {"avg": 3.978666666666667, "std_dev": 3.673808633451505, "variance": 13.496869875222817, "max": 21, "min": 1}, "64": {"avg": 4.016085790884718, "std_dev": 3.302778028008779, "variance": 10.908342702297558, "max": 20, "min": 1}, "65": {"avg": 4.095628415300546, "std_dev": 3.802541689796762, "variance": 14.459323302642414, "max": 23, "min": 1}, "66": {"avg": 4.240793201133145, "std_dev": 3.6898711859690376, "variance": 13.615149369044554, "max": 28, "min": 1}, "67": {"avg": 3.833759590792839, "std_dev": 3.094326642049323, "variance": 9.574857367696241, "max": 16, "min": 1}, "68": {"avg": 4.314121037463977, "std_dev": 3.838789250553237, "variance": 14.736302910163083, "max": 26, "min": 1}, "69": {"avg": 3.962864721485411,