{"1": {"avg": 3, "std_dev": 1.7320508075688772, "variance": 3, "max": 4, "min": 1}, "2": {"avg": 3.4545454545454546, "std_dev": 2.2962419891481978, "variance": 5.2727272727272725, "max": 9, "min": 1}, "3": {"avg": 2.6, "std_dev": 1.4298407059684812, "variance": 2.0444444444444447, "max": 5, "min": 1}, "4": {"avg": 4.454545454545454, "std_dev": 2.3393860888547815, "variance": 5.472727272727273, "max": 8, "min": 1}, "5": {"avg": 3.7777777777777777, "std_dev": 2.6352313834736494, "variance": 6.944444444444445, "max": 8, "min": 1}, "6": {"avg": 3.4, "std_dev": 1.140175425099138, "variance": 1.3, "max": 5, "min": 2}, "7": {"avg": 3.6666666666666665, "std_dev": 2.8069178610689485, "variance": 7.87878787878788, "max": 11, "min": 1}, "8": {"avg": 2.6666666666666665, "std_dev": 2.8069178610689485, "variance": 7.87878787878788, "max": 11, "min": 1}, "9": {"avg": 5, "std_dev": 3.521363372331802, "variance": 12.4, "max": 10, "min": 1}, "10": {"avg": 3.4, "std_dev": 3.1692971530679235, "variance": 10.044444444444444, "max": 12, "min": 1}, "11": {"avg": 4.6, "std_dev": 2.270584848790187, "variance": 5.155555555555556, "max": 9, "min": 2}, "12": {"avg": 3.1666666666666665, "std_dev": 2.0816659994661326, "variance": 4.333333333333333, "max": 7, "min": 1}, "13": {"avg": 3.6, "std_dev": 2.8751811537130436, "variance": 8.266666666666667, "max": 10, "min": 1}, "14": {"avg": 4, "std_dev": 3.24037034920393, "variance": 10.5, "max": 8, "min": 1}, "15": {"avg": 3.3333333333333335, "std_dev": 2.179449471770337, "variance": 4.75, "max": 7, "min": 1}, "16": {"avg": 3.5, "std_dev": 1.51657508881031, "variance": 2.3, "max": 5, "min": 1}, "17": {"avg": 4, "std_dev": 2.943920288775949, "variance": 8.666666666666666, "max": 9, "min": 1}, "18": {"avg": 5.4, "std_dev": 3.847076812334269, "variance": 14.8, "max": 10, "min": 1}, "19": {"avg": 3.142857142857143, "std_dev": 2.6726124191242437, "variance": 7.142857142857143, "max": 8, "min": 1}, "20": {"avg": 3.875, "std_dev": 3.044315545875155, "variance": 9.267857142857142, "max": 9, "min": 1}, "21": {"avg": 2.1666666666666665, "std_dev": 1.3291601358251257, "variance": 1.7666666666666666, "max": 4, "min": 1}, "22": {"avg": 4.375, "std_dev": 1.3024701806293193, "variance": 1.6964285714285714, "max": 6, "min": 3}, "23": {"avg": 3.4285714285714284, "std_dev": 2.5727509827123995, "variance": 6.619047619047619, "max": 7, "min": 1}, "24": {"avg": 3, "std_dev": 1.1547005383792515, "variance": 1.3333333333333333, "max": 4, "min": 2}, "25": {"avg": 3.6, "std_dev": 2.4083189157584592, "variance": 5.8, "max": 7, "min": 1}, "26": {"avg": 4.111111111111111, "std_dev": 2.3154073315749675, "variance": 5.361111111111111, "max": 9, "min": 1}, "27": {"avg": 3.4545454545454546, "std_dev": 1.694912172570388, "variance": 2.8727272727272726, "max": 6, "min": 1}, "28": {"avg": 4, "std_dev": 2.516611478423583, "variance": 6.333333333333333, "max": 9, "min": 2}, "29": {"avg": 3.75, "std_dev": 1.2817398889233114, "variance": 1.6428571428571428, "max": 5, "min": 1}, "30": {"avg": 3.4545454545454546, "std_dev": 2.018099916438052, "variance": 4.072727272727273, "max": 7, "min": 1}, "31": {"avg": 2.5555555555555554, "std_dev": 1.8104634152000358, "variance": 3.2777777777777777, "max": 7, "min": 1}, "32": {"avg": 3.1, "std_dev": 2.1317702607092643, "variance": 4.544444444444445, "max": 8, "min": 1}, "33": {"avg": 4.333333333333333, "std_dev": 3.2145502536643185, "variance": 10.333333333333334, "max": 8, "min": 2}, "34": {"avg": 3.2222222222222223, "std_dev": 2.7284509239574835, "variance": 7.444444444444445, "max": 10, "min": 1}, "35": {"avg": 3, "std_dev": 2.898275349237888, "variance": 8.4, "max": 8, "min": 1}, "36": {"avg": 3.5, "std_dev": 2.8106938645110393, "variance": 7.9, "max": 8, "min": 1}, "37": {"avg": 2.5, "std_dev": 1.3093073414159542, "variance": 1.7142857142857142, "max": 4, "min": 1}, "38": {"avg": 2.6666666666666665, "std_dev": 2.8751811537130436, "variance": 8.266666666666667, "max": 8, "min": 1}, "39": {"avg": 1.8333333333333333, "std_dev": 0.752772652709081, "variance": 0.5666666666666667, "max": 3, "min": 1}, "40": {"avg": 4, "std_dev": 1.7320508075688772, "variance": 3, "max": 7, "min": 3}, "41": {"avg": 3.1, "std_dev": 1.5951314818673865, "variance": 2.5444444444444443, "max": 5, "min": 1}, "42": {"avg": 3, "std_dev": 1.4142135623730951, "variance": 2, "max": 5, "min": 1}, "43": {"avg": 4.142857142857143, "std_dev": 3.4364987719368982, "variance": 11.80952380952381, "max": 11, "min": 1}, "44": {"avg": 4.428571428571429, "std_dev": 1.9023794624226837, "variance": 3.619047619047619, "max": 7, "min": 2}, "45": {"avg": 3.1176470588235294, "std_dev": 2.595244519818327, "variance": 6.73529411764706, "max": 10, "min": 1}, "46": {"avg": 3.3333333333333335, "std_dev": 1.0327955589886444, "variance": 1.0666666666666667, "max": 5, "min": 2}, "47": {"avg": 3.888888888888889, "std_dev": 2.8037673068767868, "variance": 7.861111111111111, "max": 9, "min": 1}, "48": {"avg": 2.5454545454545454, "std_dev": 1.916436086262016, "variance": 3.672727272727273, "max": 6, "min": 1}, "49": {"avg": 2.888888888888889, "std_dev": 1.6914819275153699, "variance": 2.861111111111111, "max": 6, "min": 1}, "50": {"avg": 2.142857142857143, "std_dev": 1.864454471471609, "variance": 3.4761904761904763, "max": 6, "min": 1}, "51": {"avg": 3, "std_dev": 2.04939015319192, "variance": 4.2, "max": 7, "min": 1}, "52": {"avg": 4.714285714285714, "std_dev": 2.9277002188455996, "variance": 8.571428571428571, "max": 10, "min": 2}, "53": {"avg": 2.7142857142857144, "std_dev": 1.9760470401187074, "variance": 3.9047619047619047, "max": 7, "min": 1}, "54": {"avg": 3.6923076923076925, "std_dev": 2.780426087988895, "variance": 7.730769230769231, "max": 9, "min": 1}, "55": {"avg": 2.4285714285714284, "std_dev": 2.439750182371333, "variance": 5.9523809523809526, "max": 6, "min": 1}, "56": {"avg": 4.166666666666667, "std_dev": 2.9268868558020253, "variance": 8.566666666666666, "max": 8, "min": 1}, "57": {"avg": 2.25, "std_dev": 1.8929694486000912, "variance": 3.5833333333333335, "max": 5, "min": 1}, "58": {"avg": 4.571428571428571, "std_dev": 2.63673679998231, "variance": 6.9523809523809526, "max": 8, "min": 2}, "59": {"avg": 3.4444444444444446, "std_dev": 3.2058973436118907, "variance": 10.277777777777779, "max": 8, "min": 1}, "60": {"avg": 2.857142857142857, "std_dev": 1.7728105208558367, "variance": 3.142857142857143, "max": 6, "min": 1}, "61": {"avg": 4.285714285714286, "std_dev": 2.811540841738193, "variance": 7.904761904761905, "max": 9, "min": 1}, "62": {"avg": 3.8333333333333335, "std_dev": 3.0605010483034745, "variance": 9.366666666666665, "max": 10, "min": 2}, "63": {"avg": 4, "std_dev": 2.6666666666666665, "variance": 7.111111111111111, "max": 9, "min": 1}, "64": {"avg": 2.5714285714285716, "std_dev": 2.878491668515698, "variance": 8.285714285714286, "max": 9, "min": 1}, "65": {"avg": 3.8181818181818183, "std_dev": 3.1880458534400606, "variance": 10.163636363636364, "max": 9, "min": 1}, "66": {"avg": 3.8333333333333335, "std_dev": 3.2506409624359724, "variance": 10.566666666666666, "max": 10, "min": 1}, "67": {"avg": 2, "std_dev": 2.23606797749979, "variance": 5, "max": 6, "min": 1}, "68": {"avg": 4.25, "std_dev": 2.9640705601780613, "variance": 8.785714285714286, "max": 10, "min": 1}, "69": {"avg": 3.625, "std_dev": 2.8252686345094435, "variance": 7.982142857142857, "max": 8, "min": 1}, "70": {"avg": 4.4, "std_dev": 2.503331114069145, "variance": 6.266666666666667, "max": 9, "min": 1}, "71": {"avg": 3.3333333333333335, "std_dev": 2.6583202716502514, "variance": 7.0666666666666655, "max": 8, "min": 1}, "72": {"avg": 1.6666666666666667, "std_dev": 1.1547005383792515, "variance": 1.3333333333333333, "max": 3, "min": 1}, "73": {"avg": 3.6666666666666665, "std_dev": 2.8047578623950176, "variance": 7.866666666666667, "max": 8, "min": 1}, "74": {"avg": 1.6666666666666667, "std_dev": 0.5773502691896257, "variance": 0.3333333333333333, "max": 2, "min": 1}, "75": {"avg": 2.6666666666666665,