{"avg_psfpl": 0.7515782404298187, "avg_psfp2l": 0.7527871054398926, "avg_psfp3l": 0.7488918737407656, "avg_psfp4l": 0.75, "avg_psfp5l": 0.7480188045668233, "avg_psfp6l": 0.752249832102082, "avg_psfp7l": 0.750402955003358, "avg_psfp8l": 0.7512760241773002, "avg_psfp9l": 0.748757555406313, "avg_psfp10l": 0.7540631296171928, "std_dev_psfpl": 0.08409780186717772, "std_dev_psfp2l": 0.08279774193888212, "std_dev_psfp3l": 0.08316113226222083, "std_dev_psfp4l": 0.08295613557843402, "std_dev_psfp5l": 0.08478568599342953, "std_dev_psfp6l": 0.08350102641849513, "std_dev_psfp7l": 0.08224323936573519, "std_dev_psfp8l": 0.08492792466841097, "std_dev_psfp9l": 0.08584338655045043, "std_dev_psfp10l": 0.08604949058058048, "variance_psfpl": 0.0070724402788910805, "variance_psfp2l": 0.00685546607017772, "variance_psfp3l": 0.006915773919134586, "variance_psfp4l": 0.006881720430107528, "variance_psfp5l": 0.007188612549376432, "variance_psfp6l": 0.006972421412942222, "variance_psfp7l": 0.006763950421369615, "variance_psfp8l": 0.007212752388483287, "variance_psfp9l": 0.007369087014450054, "variance_psfp10l": 0.007404514829177409}