{"avg_ppws": 0.24842175957018134, "avg_pp2ws": 0.24721289456010745, "avg_pp3ws": 0.2511081262592344, "avg_pp4ws": 0.25, "avg_pp5ws": 0.25198119543317665, "avg_pp6ws": 0.24775016789791807, "avg_pp7ws": 0.24959704499664204, "avg_pp8ws": 0.2487239758226998, "avg_pp9ws": 0.25124244459368705, "avg_pp10ws": 0.24593687038280726, "std_dev_ppws": 0.0840978018671777, "std_dev_pp2ws": 0.08279774193888212, "std_dev_pp3ws": 0.08316113226222083, "std_dev_pp4ws": 0.08295613557843401, "std_dev_pp5ws": 0.08478568599342952, "std_dev_pp6ws": 0.08350102641849512, "std_dev_pp7ws": 0.08224323936573519, "std_dev_pp8ws": 0.08492792466841095, "std_dev_pp9ws": 0.08584338655045043, "std_dev_pp10ws": 0.08604949058058048, "variance_ppws": 0.007072440278891079, "variance_pp2ws": 0.006855466070177719, "variance_pp3ws": 0.006915773919134585, "variance_pp4ws": 0.006881720430107526, "variance_pp5ws": 0.00718861254937643, "variance_pp6ws": 0.006972421412942221, "variance_pp7ws": 0.006763950421369613, "variance_pp8ws": 0.007212752388483286, "variance_pp9ws": 0.007369087014450053, "variance_pp10ws": 0.007404514829177408}