{"avg_psfip2": 0.5661182001343184, "avg_psfip3": 0.4223640026863667, "avg_psfip4": 0.3168233713901948, "avg_psfip5": 0.23636668905305575, "avg_psfip6": 0.1762928139691068, "avg_psfip7": 0.13206850235057085, "avg_psfip8": 0.09959704499664204, "avg_psfip9": 0.0729012760241773, "avg_psfip10": 0.056413700470114174, "std_dev_psfip2": 0.09783669187683865, "std_dev_psfip3": 0.10199712305709767, "std_dev_psfip4": 0.09500663016859236, "std_dev_psfip5": 0.08845767694250854, "std_dev_psfip6": 0.08184751891716785, "std_dev_psfip7": 0.07376323014536888, "std_dev_psfip8": 0.06581150904245307, "std_dev_psfip9": 0.05526127145995348, "std_dev_psfip10": 0.048818356821062794, "variance_psfip2": 0.009572018277403466, "variance_psfip3": 0.010403413111924725, "variance_psfip4": 0.009026259775991682, "variance_psfip5": 0.007824760610065208, "variance_psfip6": 0.006699016352896148, "variance_psfip7": 0.005441014121478657, "variance_psfip8": 0.004331154722444883, "variance_psfip9": 0.0030538081233706686, "variance_psfip10": 0.0023832319627086086}