{"avg_psfpw": 0.24842175957018134, "avg_psfp2w": 0.24721289456010745, "avg_psfp3w": 0.2511081262592344, "avg_psfp4w": 0.25, "avg_psfp5w": 0.25198119543317665, "avg_psfp6w": 0.24775016789791807, "avg_psfp7w": 0.24959704499664204, "avg_psfp8w": 0.2487239758226998, "avg_psfp9w": 0.25124244459368705, "avg_psfp10w": 0.24593687038280726, "std_dev_psfpw": 0.0840978018671777, "std_dev_psfp2w": 0.08279774193888212, "std_dev_psfp3w": 0.08316113226222083, "std_dev_psfp4w": 0.08295613557843401, "std_dev_psfp5w": 0.08478568599342952, "std_dev_psfp6w": 0.08350102641849512, "std_dev_psfp7w": 0.08224323936573519, "std_dev_psfp8w": 0.08492792466841095, "std_dev_psfp9w": 0.08584338655045043, "std_dev_psfp10w": 0.08604949058058048, "variance_psfpw": 0.007072440278891079, "variance_psfp2w": 0.006855466070177719, "variance_psfp3w": 0.006915773919134585, "variance_psfp4w": 0.006881720430107526, "variance_psfp5w": 0.00718861254937643, "variance_psfp6w": 0.006972421412942221, "variance_psfp7w": 0.006763950421369613, "variance_psfp8w": 0.007212752388483286, "variance_psfp9w": 0.007369087014450053, "variance_psfp10w": 0.007404514829177408}