{"avg_pip2ls": 0.25182271928976524, "avg_pip3ls": 0.2510173957809172, "avg_pip4ls": 0.25143288931652963, "avg_pip5ls": 0.2503376946269933, "avg_pip6ls": 0.24860785333735055, "avg_pip7ls": 0.247607205977411, "avg_pip8ls": 0.24847019259376546, "avg_pip9ls": 0.2422985858973762, "avg_pip10ls": 0.24825888183896258, "std_dev_pip2ls": 0.04281742999398384, "std_dev_pip3ls": 0.058356633182427294, "std_dev_pip4ls": 0.07171522142146672, "std_dev_pip5ls": 0.08744119255065098, "std_dev_pip6ls": 0.10764663482615976, "std_dev_pip7ls": 0.13026770152272496, "std_dev_pip8ls": 0.15356718166840047, "std_dev_pip9ls": 0.17546979438512905, "std_dev_pip10ls": 0.21462623472735498, "variance_pip2ls": 0.001833332311289707, "variance_pip3ls": 0.0034054966363883743, "variance_pip4ls": 0.005143072983529998, "variance_pip5ls": 0.007645962154680021, "variance_pip6ls": 0.011587797989396591, "variance_pip7ls": 0.01696967406001376, "variance_pip8ls": 0.023582879285575516, "variance_pip9ls": 0.03078964874155947, "variance_pip10ls": 0.046064420633241676}