{"avg_ppls": 0.2505260801432729, "avg_pp2ls": 0.25092903514663084, "avg_pp3ls": 0.2496306245802552, "avg_pp4ls": 0.25, "avg_pp5ls": 0.24933960152227447, "avg_pp6ls": 0.2507499440340273, "avg_pp7ls": 0.25013431833445265, "avg_pp8ls": 0.2504253413924334, "avg_pp9ls": 0.24958585180210432, "avg_pp10ls": 0.25135437653906423, "std_dev_ppls": 0.028032600622392566, "std_dev_pp2ls": 0.027599247312960703, "std_dev_pp3ls": 0.02772037742074027, "std_dev_pp4ls": 0.027652045192811336, "std_dev_pp5ls": 0.028261895331143167, "std_dev_pp6ls": 0.027833675472831703, "std_dev_pp7ls": 0.027414413121911722, "std_dev_pp8ls": 0.02830930822280365, "std_dev_pp9ls": 0.02861446218348347, "std_dev_pp10ls": 0.028683163526860154, "variance_ppls": 0.0007858266976545641, "variance_pp2ls": 0.0007617184522419686, "variance_pp3ls": 0.0007684193243482871, "variance_pp4ls": 0.0007646356033452805, "variance_pp5ls": 0.000798734727708492, "variance_pp6ls": 0.0007747134903269132, "variance_pp7ls": 0.0007515500468188457, "variance_pp8ls": 0.0008014169320536982, "variance_pp9ls": 0.0008187874460500056, "variance_pp10ls": 0.0008227238699086006}