{"avg_pip2lrns": 0.25256772529868615, "avg_psfip2lrn": 0.32458025520483547, "std_dev_pip2lrns": 0.09742433847253644, "std_dev_psfip2lrn": 0.20739902754354972, "variance_pip2lrns": 0.009491501726811343, "variance_psfip2lrn": 0.043014356626010095}