{"avg_prns": 0.2517923409325727, "avg_psfrn": 0.38760913364674277, "avg_draws_per_round": 8.769736842105264, "std_dev_prns": 0.09590555890105644, "std_dev_psfrn": 0.3025361976429637, "std_dev_draws_per_round": 1.0763588038661458, "variance_prns": 0.009197876228124006, "variance_psfrn": 0.09152815088426237, "variance_draws_per_round": 1.1585482746601603}