{"1": 4.036339165545088, "5": 3.9550858652575958, "6": 4.055480378890392, "7": 3.961690885072655, "10": 4.017426273458445, "14": 3.9035202086049545, "16": 4.099863201094391, "19": 4.113259668508287, "25": 4.014725568942437, "28": 4.0917808219178085, "29": 3.8597168597168596, "30": 3.8897535667963683, "33": 4.056833558863329, "35": 4.130853994490358, "36": 4.050271739130435, "40": 3.952443857331572, "61": 3.951187335092348, "74": 3.9906790945406123, "77": 3.9867021276595747, "80": 3.8897535667963683, "3": 4.0228187919463085, "9": 4.052989130434782, "15": 3.799746514575412, "22": 3.8498074454428757, "27": 4.132413793103448, "31": 4.002670226969292, "37": 4.101231190150479, "42": 3.8239795918367347, "46": 4.078911564625851, "48": 3.961690885072655, "55": 3.8783958602846056, "64": 4.176880222841226, "66": 3.8496143958868894, "69": 4.0, "72": 3.926509186351706, "75": 4.057142857142857, "79": 3.7103960396039604, "4": 3.8746770025839794, "8": 4.081743869209809, "17": 3.993333333333333, "38": 4.129476584022038, "41": 4.073469387755102, "47": 4.078911564625851, "50": 3.895968790637191, "56": 4.058186738836265, "12": 4.077551020408163, "20": 3.776796973518285, "34": 4.0, "45": 4.029609690444145, "53": 3.8597168597168596, "60": 3.9163398692810456, "67": 4.306034482758621, "68": 3.962962962962963, "70": 3.8832684824902723, "78": 3.9669312169312168, "18": 3.929226736566186, "23": 4.017426273458445, "26": 4.104252400548697, "32": 4.302593659942363, "39": 4.080491132332878, "44": 3.9959893048128343, "71": 4.132596685082873, "52": 3.926605504587156, "58": 4.020107238605898, "59": 4.031081081081081, "76": 3.9176470588235293, "2": 3.7866161616161618, "43": 3.8645161290322583, "49": 4.098495212038304, "54": 4.326118326118326, "63": 4.020107238605898, "65": 3.994666666666667, "73": 4.002670226969292, "11": 3.972185430463576, "21": 3.8743523316062176, "57": 4.052702702702702, "62": 4.139502762430939, "13": 3.8683870967741933, "51": 3.90612777053455, "24": 4.020107238605898, "avg_over_all": 3.9972764579187627}