{"1_mean": 4.036339165545088, "1_std_dev": 3.3308204720289525, "1_variance": 11.094365016887174, "2_mean": 3.7866161616161618, "2_std_dev": 3.323467134533994, "2_variance": 11.045433794327598, "3_mean": 4.0228187919463085, "3_std_dev": 3.5291817414469486, "3_variance": 12.455123764162517, "4_mean": 3.8746770025839794, "4_std_dev": 3.511732998623769, "4_variance": 12.332268653623087, "5_mean": 3.9550858652575958, "5_std_dev": 3.315921372634718, "5_variance": 10.995334549495713, "6_mean": 4.055480378890392, "6_std_dev": 3.5373970542377537, "6_variance": 12.513177919329937, "7_mean": 3.961690885072655, "7_std_dev": 3.2809150379630605, "7_variance": 10.764403486332151, "8_mean": 4.081743869209809, "8_std_dev": 3.6771287823038263, "8_variance": 13.521276081647219, "9_mean": 4.052989130434782, "9_std_dev": 3.521543690557813, "9_variance": 12.401269964507543, "10_mean": 4.017426273458445, "10_std_dev": 3.485111855049721, "10_variance": 12.146004642208108, "11_mean": 3.972185430463576, "11_std_dev": 3.5309198638504014, "11_variance": 12.467395084933337, "12_mean": 4.077551020408163, "12_std_dev": 3.7158214629058453, "12_variance": 13.807329144191737, "13_mean": 3.8683870967741933, "13_std_dev": 3.2779459369740627, "13_variance": 10.744929565724766, "14_mean": 3.9035202086049545, "14_std_dev": 3.4038184086487093, "14_variance": 11.585979759055832, "15_mean": 3.799746514575412, "15_std_dev": 3.2420069513681544, "15_variance": 10.510609072719435, "16_mean": 4.099863201094391, "16_std_dev": 3.6199050139509943, "16_variance": 13.103712310027548, "17_mean": 3.993333333333333, "17_std_dev": 3.4716026446179553, "17_variance": 12.052024922118381, "18_mean": 3.929226736566186, "18_std_dev": 3.510796666470442, "18_variance": 12.325693233299967, "19_mean": 4.113259668508287, "19_std_dev": 3.5400714817200876, "19_variance": 12.532106095687856, "20_mean": 3.776796973518285, "20_std_dev": 2.9880851492185974, "20_variance": 8.928652858980728, "21_mean": 3.8743523316062176, "21_std_dev": 3.2314144177118247, "21_variance": 10.442039138995852, "22_mean": 3.8498074454428757, "22_std_dev": 3.3825173295529445, "22_variance": 11.441423484725984, "23_mean": 4.017426273458445, "23_std_dev": 3.4346777656160854, "23_variance": 11.797011353617505, "24_mean": 4.020107238605898, "24_std_dev": 3.5849608295709827, "24_variance": 12.85194414955827, "25_mean": 4.014725568942437, "25_std_dev": 3.267526062126788, "25_variance": 10.676726566677793, "26_mean": 4.104252400548697, "26_std_dev": 3.7010684560578224, "26_variance": 13.697907716426235, "27_mean": 4.132413793103448, "27_std_dev": 3.581198654981223, "27_variance": 12.824983806439322, "28_mean": 4.0917808219178085, "28_std_dev": 3.4083836534125385, "28_variance": 11.617079128849804, "29_mean": 3.8597168597168596, "29_std_dev": 3.2327474546112134, "29_variance": 10.45065610529528, "30_mean": 3.8897535667963683, "30_std_dev": 3.2412978507649717, "30_variance": 10.506011757373624, "31_mean": 4.002670226969292, "31_std_dev": 3.438923678843694, "31_variance": 11.826196068911846, "32_mean": 4.302593659942363, "32_std_dev": 3.7571394915979397, "32_variance": 14.116097159324823, "33_mean": 4.056833558863329, "33_std_dev": 3.627584209337813, "33_variance": 13.159367195837048, "34_mean": 4, "34_std_dev": 3.6468431883811117, "34_variance": 13.29946524064171, "35_mean": 4.130853994490358, "35_std_dev": 3.4892087573612, "35_variance": 12.17457775244609, "36_mean": 4.050271739130435, "36_std_dev": 3.5957533428932704, "36_variance": 12.929442102928128, "37_mean": 4.101231190150479, "37_std_dev": 3.2993376030774173, "37_variance": 10.885628619080636, "38_mean": 4.129476584022038, "38_std_dev": 3.5703432079016655, "38_variance": 12.747350622209556, "39_mean": 4.080491132332878, "39_std_dev": 3.3697973506857974, "39_variance": 11.355534184689018, "40_mean": 3.952443857331572, "40_std_dev": 3.2187216848015234, "40_variance": 10.360169284211556, "41_mean": 4.073469387755102, "41_std_dev": 3.4396376490495566, "41_variance": 11.831107156759161, "42_mean": 3.8239795918367347, "42_std_dev": 3.1803413520882695, "42_variance": 10.114571115802642, "43_mean": 3.8645161290322583, "43_std_dev": 3.1669265894037286, "43_variance": 10.029424022672334, "44_mean": 3.9959893048128343, "44_std_dev": 3.2858032965726442, "44_variance": 10.796503303767656, "45_mean": 4.029609690444145, "45_std_dev": 3.5829313442019037, "45_variance": 12.83739701726446, "46_mean": 4.078911564625851, "46_std_dev": 3.476551097429817, "46_variance": 12.086407533040463, "47_mean": 4.078911564625851, "47_std_dev": 3.6084639997750587, "47_variance": 13.021012437672615, "48_mean": 3.961690885072655, "48_std_dev": 3.419112371984588, "48_variance": 11.690329412258077, "49_mean": 4.098495212038304, "49_std_dev": 3.3773841593618794, "49_variance": 11.40672375990855, "50_mean": 3.895968790637191, "50_std_dev": 3.32244527153692, "50_variance": 11.03864258235804, "51_mean": 3.90612777053455, "51_std_dev": 3.502189020692057, "51_variance": 12.26532793665599, "52_mean": 3.926605504587156, "52_std_dev": 3.6309203456930255, "52_variance": 13.18358255676756, "53_mean": 3.8597168597168596, "53_std_dev": 3.266060463410943, "53_variance": 10.667150950656104, "54_mean": 4.326118326118326, "54_std_dev": 3.8234705012383667, "54_variance": 14.618926673839969, "55_mean": 3.8783958602846056, "55_std_dev": 3.2920396237807386, "55_variance": 10.837524884542425, "56_mean": 4.058186738836265, "56_std_dev": 3.532753820061233, "56_variance": 12.480349553157236, "57_mean": 4.052702702702702, "57_std_dev": 3.425002512685307, "57_variance": 11.730642211900669, "58_mean": 4.020107238605898, "58_std_dev": 3.353591361815195, "58_variance": 11.246575022041492, "59_mean": 4.031081081081081, "59_std_dev": 3.5695837942712023, "59_variance": 12.741928464323594, "60_mean": 3.9163398692810456, "60_std_dev": 3.5300960622828677, "60_variance": 12.461578208945008, "61_mean": 3.951187335092348, "61_std_dev": 3.487890720696729, "61_variance": 12.165381679522348, "62_mean": 4.139502762430939, "62_std_dev": 3.447473912531568, "62_variance": 11.885076377585719, "63_mean": 4.020107238605898, "63_std_dev": 3.338749191386063, "63_variance": 11.147246162981089, "64_mean": 4.176880222841226, "64_std_dev": 3.603913921457667, "64_variance": 12.988195553276379, "65_mean": 3.994666666666667, "65_std_dev": 3.580838089626652, "65_variance": 12.822401424121049, "66_mean": 3.8496143958868894, "66_std_dev": 3.279240283897338, "66_variance": 10.753416839535092, "67_mean": 4.306034482758621, "67_std_dev": 3.8346798155801562, "67_variance": 14.704769288017863, "68_mean": 3.962962962962963, "68_std_dev": 3.4381889123929676, "68_variance": 11.821142997301939, "69_mean": 4, "69_std_dev": 3.3038859923735884, "69_variance": 10.91566265060241, "70_mean": 3.8832684824902723, "70_std_dev": 3.297282266065381, "70_variance": 10.872070342109252, "71_mean": 4.132596685082873, "71_std_dev": 3.513512882805139, "71_variance": 12.344772777637681, "72_mean": 3.926509186351706, "72_std_dev": 3.4625620227533154, "72_variance": 11.98933576141353, "73_mean": 4.002670226969292, "73_std_dev": 3.401005407249714, "73_variance": 11.566837780141793, "74_mean": 3.9906790945406123, "74_std_dev": 3.205606495638911, "74_variance": 10.27591300488238, "75_mean": 4.057142857142857, "75_std_dev": 3.2727093826059894, "75_variance": 10.710626702997276, "76_mean": 3.9176470588235293, "76_std_dev": 3.5986129826406295, "76_variance": 12.950015398829688, "77_mean": 3.9867021276595747, "77_std_dev": 3.4633071910294375, "77_variance": 11.994496699436212, "78_mean": 3.9669312169312168, "78_std_dev": 3.382497466834738, "78_variance": 11.441289113143418, "79_mean": 3.7103960396039604, "79_std_dev": 3.1485786162466485, "79_variance": 9.913547302685659, "80_mean": 3.8897535667963683, "80_std_dev": 3.390519450907783, "80_variance": 11.495622146984013}