{"1_mean": 2.1875, "1_std_dev": 1.6418993066973788, "1_variance": 2.6958333333333333, "2_mean": 3.1176470588235294, "2_std_dev": 2.8258262716676446, "2_variance": 7.98529411764706, "3_mean": 2.857142857142857, "3_std_dev": 2.537628901072897, "3_variance": 6.439560439560439, "4_mean": 3.7777777777777777, "4_std_dev": 3.020626260651249, "4_variance": 9.124183006535947, "5_mean": 2.3846153846153846, "5_std_dev": 2.103111248383433, "5_variance": 4.4230769230769225, "6_mean": 4.095238095238095, "6_std_dev": 2.9816901566856657, "6_variance": 8.89047619047619, "7_mean": 3.25, "7_std_dev": 2.3011854652449344, "7_variance": 5.295454545454546, "8_mean": 3.1923076923076925, "8_std_dev": 2.4003204914216063, "8_variance": 5.7615384615384615, "9_mean": 3.2222222222222223, "9_std_dev": 2.462795053820797, "9_variance": 6.065359477124183, "10_mean": 3.9375, "10_std_dev": 2.931865162884087, "10_variance": 8.595833333333333, "11_mean": 3.15, "11_std_dev": 2.3902213066443956, "11_variance": 5.713157894736842, "12_mean": 4.388888888888889, "12_std_dev": 2.973191766611389, "12_variance": 8.839869281045752, "13_mean": 3.2857142857142856, "13_std_dev": 2.643673767508198, "13_variance": 6.989010989010989, "14_mean": 2.466666666666667, "14_std_dev": 1.5522640914238175, "14_variance": 2.40952380952381, "15_mean": 3.6666666666666665, "15_std_dev": 2.8284271247461903, "15_variance": 8.0, "16_mean": 3, "16_std_dev": 2.3380903889000244, "16_variance": 5.466666666666667, "17_mean": 2.5, "17_std_dev": 2.195035721390843, "17_variance": 4.818181818181818, "18_mean": 4.666666666666667, "18_std_dev": 2.806917861068948, "18_variance": 7.878787878787879, "19_mean": 3.3333333333333335, "19_std_dev": 2.6400183654090306, "19_variance": 6.96969696969697, "20_mean": 2.7, "20_std_dev": 1.636391694484477, "20_variance": 2.6777777777777776, "21_mean": 3.2, "21_std_dev": 1.9888578520235065, "21_variance": 3.9555555555555557, "22_mean": 4.3125, "22_std_dev": 3.497022543059548, "22_variance": 12.229166666666666, "23_mean": 2.625, "23_std_dev": 2.473189573539939, "23_variance": 6.116666666666666, "24_mean": 3.9411764705882355, "24_std_dev": 2.680265570687309, "24_variance": 7.1838235294117645, "25_mean": 3.1666666666666665, "25_std_dev": 1.403458930534474, "25_variance": 1.9696969696969697, "26_mean": 4.294117647058823, "26_std_dev": 2.97415336445418, "26_variance": 8.845588235294118, "27_mean": 3.6, "27_std_dev": 3.5003759196616824, "27_variance": 12.25263157894737, "28_mean": 3, "28_std_dev": 1.7974340685458343, "28_variance": 3.230769230769231, "29_mean": 3.4285714285714284, "29_std_dev": 1.741541567969893, "29_variance": 3.032967032967033, "30_mean": 3.1818181818181817, "30_std_dev": 2.7502066038093145, "30_variance": 7.5636363636363635, "31_mean": 3.5294117647058822, "31_std_dev": 2.124783726018472, "31_variance": 4.514705882352941, "32_mean": 3.0952380952380953, "32_std_dev": 2.5080821737886083, "32_variance": 6.290476190476191, "33_mean": 3.611111111111111, "33_std_dev": 2.523743458783328, "33_variance": 6.3692810457516345, "34_mean": 2.7222222222222223, "34_std_dev": 2.244091734403543, "34_variance": 5.0359477124183005, "35_mean": 2.75, "35_std_dev": 2.1134489978863145, "35_variance": 4.466666666666667, "36_mean": 3.3333333333333335, "36_std_dev": 2.534608929251695, "36_variance": 6.424242424242424, "37_mean": 2.1666666666666665, "37_std_dev": 1.5859229221975182, "37_variance": 2.515151515151515, "38_mean": 2.473684210526316, "38_std_dev": 2.4351231101124045, "38_variance": 5.9298245614035086, "39_mean": 2.9, "39_std_dev": 2.3147126683115777, "39_variance": 5.357894736842105, "40_mean": 2.2666666666666666, "40_std_dev": 1.162919151265879, "40_variance": 1.3523809523809525, "41_mean": 3.176470588235294, "41_std_dev": 1.5506165756581742, "41_variance": 2.4044117647058822, "42_mean": 4, "42_std_dev": 2.54195563720897, "42_variance": 6.461538461538462, "43_mean": 2.6666666666666665, "43_std_dev": 2.0579830217101063, "43_variance": 4.235294117647059, "44_mean": 4.090909090909091, "44_std_dev": 2.6250541119963775, "44_variance": 6.890909090909091, "45_mean": 2.9473684210526314, "45_std_dev": 2.197819227490092, "45_variance": 4.830409356725146, "46_mean": 3.2941176470588234, "46_std_dev": 2.4941107103122184, "46_variance": 6.220588235294118, "47_mean": 3.4444444444444446, "47_std_dev": 2.548868773817866, "47_variance": 6.496732026143791, "48_mean": 3.7857142857142856, "48_std_dev": 2.3592231912080863, "48_variance": 5.565934065934066, "49_mean": 2.6875, "49_std_dev": 1.9906029237394383, "49_variance": 3.9625, "50_mean": 2.3846153846153846, "50_std_dev": 1.7097008285302204, "50_variance": 2.9230769230769225, "51_mean": 3.235294117647059, "51_std_dev": 1.855040827202527, "51_variance": 3.4411764705882355, "52_mean": 3.6842105263157894, "52_std_dev": 2.450683160511855, "52_variance": 6.005847953216374, "53_mean": 3.5, "53_std_dev": 2.5495097567963922, "53_variance": 6.5, "54_mean": 4.05, "54_std_dev": 2.762054917705485, "54_variance": 7.628947368421053, "55_mean": 4.090909090909091, "55_std_dev": 2.773248833211526, "55_variance": 7.6909090909090905, "56_mean": 4.333333333333333, "56_std_dev": 2.990180006385608, "56_variance": 8.941176470588236, "57_mean": 2.9473684210526314, "57_std_dev": 2.296704987840099, "57_variance": 5.2748538011695905, "58_mean": 2.176470588235294, "58_std_dev": 1.380004262568012, "58_variance": 1.9044117647058825, "59_mean": 3.263157894736842, "59_std_dev": 3.124137307822538, "59_variance": 9.760233918128653, "60_mean": 2.857142857142857, "60_std_dev": 1.7032612545052803, "60_variance": 2.901098901098901, "61_mean": 4, "61_std_dev": 2.6950246556825492, "61_variance": 7.2631578947368425, "62_mean": 4.571428571428571, "62_std_dev": 1.9100658753958326, "62_variance": 3.6483516483516487, "63_mean": 2.4545454545454546, "63_std_dev": 1.94513490111863, "63_variance": 3.783549783549783, "64_mean": 3.5789473684210527, "64_std_dev": 2.673237518517454, "64_variance": 7.146198830409356, "65_mean": 2.6666666666666665, "65_std_dev": 1.8786728732554485, "65_variance": 3.5294117647058827, "66_mean": 2.625, "66_std_dev": 2.7222627143085005, "66_variance": 7.410714285714286, "67_mean": 3.739130434782609, "67_std_dev": 2.4161839052587903, "67_variance": 5.83794466403162, "68_mean": 4.285714285714286, "68_std_dev": 2.8937218894749326, "68_variance": 8.373626373626374, "69_mean": 3.2142857142857144, "69_std_dev": 1.3114039117603011, "69_variance": 1.7197802197802199, "70_mean": 3.4285714285714284, "70_std_dev": 3.030975616334316, "70_variance": 9.186813186813186, "71_mean": 2.7142857142857144, "71_std_dev": 1.8575654633281302, "71_variance": 3.4505494505494507, "72_mean": 4.166666666666667, "72_std_dev": 2.975389247891877, "72_variance": 8.852941176470589, "73_mean": 3.125, "73_std_dev": 1.746424919657298, "73_variance": 3.05, "74_mean": 2.1875, "74_std_dev": 1.1672617529928753, "74_variance": 1.3625, "75_mean": 3.1666666666666665, "75_std_dev": 1.9462473604038075, "75_variance": 3.787878787878788, "76_mean": 4.181818181818182, "76_std_dev": 2.482667187449088, "76_variance": 6.163636363636364, "77_mean": 3.4166666666666665, "77_std_dev": 2.2343733444579583, "77_variance": 4.992424242424242, "78_mean": 4.111111111111111, "78_std_dev": 3.160210136142083, "78_variance": 9.986928104575163, "79_mean": 2.909090909090909, "79_std_dev": 1.5782614139961386, "79_variance": 2.4909090909090907, "80_mean": 4.615384615384615, "80_std_dev": 3.0697030675746024, "80_variance": 9.423076923076923}