{"avg_ppls": 0.2502230400356864, "avg_pp2ls": 0.2508252481320397, "avg_pp3ls": 0.2500836400133824, "avg_pp4ls": 0.2502397680383629, "avg_pp5ls": 0.2502620720419315, "avg_pp6ls": 0.24934760789561727, "avg_pp7ls": 0.2502676480428237, "avg_pp8ls": 0.2502564960410394, "avg_pp9ls": 0.2501449760231962, "avg_pp10ls": 0.24942009590721534, "std_dev_ppls": 0.028659799723244388, "std_dev_pp2ls": 0.02835850752613925, "std_dev_pp3ls": 0.02839495871234086, "std_dev_pp4ls": 0.028364587256109526, "std_dev_pp5ls": 0.02766755399841048, "std_dev_pp6ls": 0.027818611565525498, "std_dev_pp7ls": 0.028300354152323706, "std_dev_pp8ls": 0.028175354374505936, "std_dev_pp9ls": 0.02784425418656275, "std_dev_pp10ls": 0.028183749230116496, "variance_ppls": 0.0008213841201764791, "variance_pp2ls": 0.0008042049491100964, "variance_pp3ls": 0.0008062736802755422, "variance_pp4ls": 0.0008045498102094509, "variance_pp5ls": 0.0007654935442549597, "variance_pp6ls": 0.000773875149433589, "variance_pp7ls": 0.0008009100451469456, "variance_pp8ls": 0.0007938505941289908, "variance_pp9ls": 0.0007753024912059173, "variance_pp10ls": 0.0007943237206660922}