{"avg_psfpl": 0.7506691201070592, "avg_psfp2l": 0.7524757443961191, "avg_psfp3l": 0.7502509200401473, "avg_psfp4l": 0.7507193041150887, "avg_psfp5l": 0.7507862161257945, "avg_psfp6l": 0.7480428236868518, "avg_psfp7l": 0.750802944128471, "avg_psfp8l": 0.7507694881231181, "avg_psfp9l": 0.7504349280695884, "avg_psfp10l": 0.748260287721646, "std_dev_psfpl": 0.08597939916973318, "std_dev_psfp2l": 0.08507552257841776, "std_dev_psfp3l": 0.08518487613702261, "std_dev_psfp4l": 0.0850937617683286, "std_dev_psfp5l": 0.08300266199523146, "std_dev_psfp6l": 0.08345583469657651, "std_dev_psfp7l": 0.08490106245697114, "std_dev_psfp8l": 0.08452606312351783, "std_dev_psfp9l": 0.08353276255968828, "std_dev_psfp10l": 0.08455124769034951, "variance_psfpl": 0.007392457081588315, "variance_psfp2l": 0.007237844541990871, "variance_psfp3l": 0.007256463122479883, "variance_psfp4l": 0.007240948291885061, "variance_psfp5l": 0.0068894418982946405, "variance_psfp6l": 0.006964876344902305, "variance_psfp7l": 0.0072081904063225136, "variance_psfp8l": 0.00714465534716092, "variance_psfp9l": 0.006977722420853259, "variance_psfp10l": 0.007148913485994834}