{"avg_ppws": 0.24933087989294078, "avg_pp2ws": 0.2475242556038809, "avg_pp3ws": 0.2497490799598528, "avg_pp4ws": 0.24928069588491134, "avg_pp5ws": 0.24921378387420542, "avg_pp6ws": 0.25195717631314823, "avg_pp7ws": 0.24919705587152893, "avg_pp8ws": 0.2492305118768819, "avg_pp9ws": 0.2495650719304115, "avg_pp10ws": 0.25173971227835396, "std_dev_ppws": 0.08597939916973317, "std_dev_pp2ws": 0.08507552257841776, "std_dev_pp3ws": 0.0851848761370226, "std_dev_pp4ws": 0.08509376176832859, "std_dev_pp5ws": 0.08300266199523144, "std_dev_pp6ws": 0.08345583469657651, "std_dev_pp7ws": 0.08490106245697113, "std_dev_pp8ws": 0.08452606312351782, "std_dev_pp9ws": 0.08353276255968826, "std_dev_pp10ws": 0.0845512476903495, "variance_ppws": 0.007392457081588313, "variance_pp2ws": 0.007237844541990869, "variance_pp3ws": 0.0072564631224798825, "variance_pp4ws": 0.007240948291885059, "variance_pp5ws": 0.006889441898294639, "variance_pp6ws": 0.006964876344902303, "variance_pp7ws": 0.007208190406322513, "variance_pp8ws": 0.0071446553471609196, "variance_pp9ws": 0.006977722420853257, "variance_pp10ws": 0.007148913485994832}