{"avg_pip2ls": 0.25063588073645476, "avg_pip3ls": 0.25066907092276397, "avg_pip4ls": 0.2527486717721713, "avg_pip5ls": 0.25372738198644196, "avg_pip6ls": 0.2512740276791411, "avg_pip7ls": 0.2529531353383025, "avg_pip8ls": 0.2530626362704676, "avg_pip9ls": 0.2528986498333232, "avg_pip10ls": 0.2508145925036681, "std_dev_pip2ls": 0.0429774703530515, "std_dev_pip3ls": 0.05664283305886762, "std_dev_pip4ls": 0.0729145601538498, "std_dev_pip5ls": 0.08811448546201679, "std_dev_pip6ls": 0.10702790568429431, "std_dev_pip7ls": 0.1295048197446485, "std_dev_pip8ls": 0.15535546161158637, "std_dev_pip9ls": 0.18723524489227394, "std_dev_pip10ls": 0.2230051451368885, "variance_pip2ls": 0.0018470629579474206, "variance_pip3ls": 0.003208410536934747, "variance_pip4ls": 0.005316533082429381, "variance_pip5ls": 0.007764162548235968, "variance_pip6ls": 0.011454972595166197, "variance_pip7ls": 0.016771498337093897, "variance_pip8ls": 0.024135319452549087, "variance_pip9ls": 0.03505703692986979, "variance_pip10ls": 0.049731294757524705}