{"avg_psfip2": 0.5637336901973904, "avg_psfip3": 0.42258280361324857, "avg_psfip4": 0.319253931080629, "avg_psfip5": 0.23946135831381732, "avg_psfip6": 0.17714954834392774, "avg_psfip7": 0.13352291736366678, "avg_psfip8": 0.0996654399464704, "avg_psfip9": 0.07448979591836735, "avg_psfip10": 0.05531950485112078, "std_dev_psfip2": 0.09876027392608931, "std_dev_psfip3": 0.09980010267535443, "std_dev_psfip4": 0.09697471389996737, "std_dev_psfip5": 0.08864220604051246, "std_dev_psfip6": 0.0811858111228441, "std_dev_psfip7": 0.07284614473852817, "std_dev_psfip8": 0.06465246769949332, "std_dev_psfip9": 0.05699804753336409, "std_dev_psfip10": 0.049951180560422324, "variance_psfip2": 0.009753591705956197, "variance_psfip3": 0.009960060494011286, "variance_psfip4": 0.009404095135980523, "variance_psfip5": 0.007857440691728662, "variance_psfip6": 0.006591135927674117, "variance_psfip7": 0.005306560803266596, "variance_psfip8": 0.004179941579634026, "variance_psfip9": 0.0032487774226156326, "variance_psfip10": 0.002495120439379913}