{"avg_pip2lrns": 0.2528884523007898, "avg_psfip2lrn": 0.3229340916694547, "std_dev_pip2lrns": 0.09657975123768521, "std_dev_psfip2lrn": 0.203377083988963, "variance_pip2lrns": 0.009327648349133157, "variance_psfip2lrn": 0.04136223829185371}