{"avg_prns": 0.25337442878943117, "avg_psfrn": 0.388474406155905, "avg_draws_per_round": 8.73615635179153, "std_dev_prns": 0.09502971903914666, "std_dev_psfrn": 0.3007884792803098, "std_dev_draws_per_round": 1.2441085535922047, "variance_prns": 0.009030647500659152, "variance_psfrn": 0.09047370926776135, "variance_draws_per_round": 1.5478060931212876}