{"2": 4.055555555555555, "3": 3.833759590792839, "4": 3.8997395833333335, "6": 4.081743869209809, "9": 3.926605504587156, "10": 4.025537634408602, "12": 3.9866844207723036, "19": 4.018766756032171, "21": 3.8897535667963683, "36": 4.108516483516484, "38": 4.040431266846361, "40": 3.912532637075718, "44": 4.083106267029973, "46": 4.04177897574124, "49": 3.9774236387782205, "59": 4.04871447902571, "63": 4.135172413793104, "66": 3.8746770025839794, "79": 3.714993804213135, "80": 3.9827357237715804, "11": 3.7759493670886077, "17": 3.9603698811096435, "29": 3.8142493638676847, "30": 4.001335113484646, "32": 4.181311018131102, "39": 4.113854595336077, "45": 4.176880222841226, "48": 3.9343832020997374, "50": 3.74468085106383, "62": 3.998666666666667, "70": 3.8767833981841764, "72": 3.8584298584298584, "78": 3.809402795425667, "14": 3.7944162436548226, "43": 3.9603174603174605, "53": 3.8746770025839794, "54": 4.459821428571429, "57": 4.218002812939522, "73": 3.938239159001314, "76": 4.051351351351351, "1": 3.9138381201044385, "13": 3.9049479166666665, "22": 3.8386683738796417, "23": 4.043184885290149, "31": 3.8597168597168596, "33": 4.200280112044818, "47": 3.9537037037037037, "52": 3.9304461942257216, "67": 4.391495601173021, "75": 4.142265193370166, "20": 4.102599179206567, "25": 3.9787516600265604, "27": 4.153739612188366, "42": 3.8252551020408165, "64": 3.992010652463382, "15": 3.800508259212198, "28": 3.8958333333333335, "34": 4.158333333333333, "37": 4.040485829959514, "51": 3.797211660329531, "60": 3.988031914893617, "77": 3.9446640316205532, "41": 4.058186738836265, "55": 3.8421052631578947, "74": 4.092896174863388, "56": 4.065128900949796, "68": 3.8858625162127107, "69": 4.094262295081967, "16": 4.203366058906031, "26": 4.001335113484646, "58": 4.233380480905233, "24": 4.111111111111111, "71": 4.474626865671642, "7": 4.135172413793104, "8": 4.105769230769231, "18": 3.938239159001314, "35": 4.219718309859155, "5": 3.8646907216494846, "61": 3.7578419071518194, "65": 3.9305373525557012, "avg_over_all": 4.000644413859448}