{"avg_psfpl": 0.7505520240883239, "avg_psfp2l": 0.7512713282034125, "avg_psfp3l": 0.7505185680829709, "avg_psfp4l": 0.7519069923051188, "avg_psfp5l": 0.7516226162596186, "avg_psfp6l": 0.7464369354299096, "avg_psfp7l": 0.7512378721980596, "avg_psfp8l": 0.749581799933088, "avg_psfp9l": 0.7479926396788223, "avg_psfp10l": 0.7484777517564403, "std_dev_psfpl": 0.08632499293002519, "std_dev_psfp2l": 0.08462882370771171, "std_dev_psfp3l": 0.08459228980904633, "std_dev_psfp4l": 0.08535525051090526, "std_dev_psfp5l": 0.08359322988562608, "std_dev_psfp6l": 0.08430071706516093, "std_dev_psfp7l": 0.08405395226791235, "std_dev_psfp8l": 0.08563483940264531, "std_dev_psfp9l": 0.08484168230839516, "std_dev_psfp10l": 0.08403434819686187, "variance_psfpl": 0.0074520044043688985, "variance_psfp2l": 0.0071620378021509485, "variance_psfp3l": 0.0071558554951376835, "variance_psfp4l": 0.0072855187897793924, "variance_psfp5l": 0.0069878280827111285, "variance_psfp6l": 0.0071066108977003144, "variance_psfp7l": 0.007065066891856486, "variance_psfp8l": 0.007333325719516855, "variance_psfp9l": 0.007198111056918653, "variance_psfp10l": 0.0070617716768714206}