{"avg_psfip2": 0.5629809300769488, "avg_psfip3": 0.4202576112412178, "avg_psfip4": 0.31610906657745064, "avg_psfip5": 0.2369354299096688, "avg_psfip6": 0.17684844429575108, "avg_psfip7": 0.13332218133154902, "avg_psfip8": 0.10015055202408833, "avg_psfip9": 0.07582803613248579, "avg_psfip10": 0.05766142522582804, "std_dev_psfip2": 0.09771714896824091, "std_dev_psfip3": 0.09874700551158386, "std_dev_psfip4": 0.09468267379144459, "std_dev_psfip5": 0.08750086734695874, "std_dev_psfip6": 0.07929557744813594, "std_dev_psfip7": 0.07208435937096848, "std_dev_psfip8": 0.06415299299255385, "std_dev_psfip9": 0.05630012450787691, "std_dev_psfip10": 0.049998505206332415, "variance_psfip2": 0.009548641202481386, "variance_psfip3": 0.009750971097504774, "variance_psfip4": 0.008964808716297106, "variance_psfip5": 0.007656401786470069, "variance_psfip6": 0.006287788602833325, "variance_psfip7": 0.005196154865922931, "variance_psfip8": 0.004115606509902664, "variance_psfip9": 0.0031697040196024422, "variance_psfip10": 0.00249985052286765}