{"avg_ppls": 0.2501840080294413, "avg_pp2ls": 0.2504237760678042, "avg_pp3ls": 0.250172856027657, "avg_pp4ls": 0.25063566410170623, "avg_pp5ls": 0.2505408720865395, "avg_pp6ls": 0.24881231180996988, "avg_pp7ls": 0.25041262406601983, "avg_pp8ls": 0.249860599977696, "avg_pp9ls": 0.24933087989294078, "avg_pp10ls": 0.24949258391881343, "std_dev_ppls": 0.02877499764334172, "std_dev_pp2ls": 0.028209607902570565, "std_dev_pp3ls": 0.02819742993634877, "std_dev_pp4ls": 0.028451750170301746, "std_dev_pp5ls": 0.027864409961875353, "std_dev_pp6ls": 0.0281002390217203, "std_dev_pp7ls": 0.02801798408930411, "std_dev_pp8ls": 0.028544946467548432, "std_dev_pp9ls": 0.02828056076946505, "std_dev_pp10ls": 0.028011449398953947, "variance_ppls": 0.0008280004893743216, "variance_pp2ls": 0.0007957819780167717, "variance_pp3ls": 0.0007950950550152978, "variance_pp4ls": 0.0008095020877532655, "variance_pp5ls": 0.0007764253425234583, "variance_pp6ls": 0.0007896234330778124, "variance_pp7ls": 0.0007850074324284982, "variance_pp8ls": 0.0008148139688352057, "variance_pp9ls": 0.0007997901174354056, "variance_pp10ls": 0.0007846412974301575}