{"avg_pip2ls": 0.2503000936201997, "avg_pip3ls": 0.24921685822764614, "avg_pip4ls": 0.24976671616445115, "avg_pip5ls": 0.2496627592410038, "avg_pip6ls": 0.24807032012854696, "avg_pip7ls": 0.24812716750314048, "avg_pip8ls": 0.2497295013108266, "avg_pip9ls": 0.2517385615575964, "avg_pip10ls": 0.2550345688729527, "std_dev_pip2ls": 0.04257246967757274, "std_dev_pip3ls": 0.05621351557276995, "std_dev_pip4ls": 0.07150298273137866, "std_dev_pip5ls": 0.08738253130988709, "std_dev_pip6ls": 0.1044006414316622, "std_dev_pip7ls": 0.12554798732474748, "std_dev_pip8ls": 0.15253512924760976, "std_dev_pip9ls": 0.1828098930878149, "std_dev_pip10ls": 0.2209882260991306, "variance_pip2ls": 0.0018124151744478506, "variance_pip3ls": 0.0031599593330500497, "variance_pip4ls": 0.005112676539483835, "variance_pip5ls": 0.007635706778123397, "variance_pip6ls": 0.010899493931342501, "variance_pip7ls": 0.01576229712129495, "variance_pip8ls": 0.023266965654585012, "variance_pip9ls": 0.03341945701077831, "variance_pip10ls": 0.04883579607444047}