{"avg_psfpw": 0.24944797591167614, "avg_psfp2w": 0.24872867179658747, "avg_psfp3w": 0.2494814319170291, "avg_psfp4w": 0.24809300769488124, "avg_psfp5w": 0.2483773837403814, "avg_psfp6w": 0.2535630645700903, "avg_psfp7w": 0.24876212780194046, "avg_psfp8w": 0.250418200066912, "avg_psfp9w": 0.25200736032117765, "avg_psfp10w": 0.25152224824355973, "std_dev_psfpw": 0.08632499293002519, "std_dev_psfp2w": 0.08462882370771171, "std_dev_psfp3w": 0.08459228980904633, "std_dev_psfp4w": 0.08535525051090526, "std_dev_psfp5w": 0.08359322988562606, "std_dev_psfp6w": 0.08430071706516092, "std_dev_psfp7w": 0.08405395226791233, "std_dev_psfp8w": 0.08563483940264531, "std_dev_psfp9w": 0.08484168230839516, "std_dev_psfp10w": 0.08403434819686185, "variance_psfpw": 0.007452004404368898, "variance_psfp2w": 0.007162037802150948, "variance_psfp3w": 0.007155855495137683, "variance_psfp4w": 0.007285518789779392, "variance_psfp5w": 0.006987828082711128, "variance_psfp6w": 0.007106610897700314, "variance_psfp7w": 0.007065066891856485, "variance_psfp8w": 0.007333325719516854, "variance_psfp9w": 0.007198111056918652, "variance_psfp10w": 0.00706177167687142}