{"avg_pip2lrns": 0.25557659014382067, "avg_psfip2lrn": 0.23656741385078622, "std_dev_pip2lrns": 0.1661987654017109, "std_dev_psfip2lrn": 0.21483094881396766, "variance_pip2lrns": 0.027622029621052945, "variance_psfip2lrn": 0.046152336568309596}