{"avg_prns": 0.2554234117127387, "avg_psfrn": 0.28069588491134156, "avg_draws_per_round": 13.099056603773585, "std_dev_prns": 0.16556271790388144, "std_dev_psfrn": 0.29666043524849883, "std_dev_draws_per_round": 2.509621118399801, "variance_prns": 0.027411013559720223, "variance_psfrn": 0.08800741384182878, "variance_draws_per_round": 6.298198157918269}