{"4": 3.9669312169312168, "7": 4.0969945355191255, "13": 3.9369250985545334, "16": 3.994659546061415, "25": 4.079019073569483, "28": 3.7440699126092385, "29": 3.712515489467162, "32": 3.9202614379084966, "39": 4.05277401894452, "41": 3.90234375, "45": 3.925392670157068, "47": 4.04177897574124, "48": 4.086065573770492, "52": 4.078911564625851, "58": 4.016085790884718, "60": 4.079019073569483, "64": 3.945981554677207, "67": 4.150969529085873, "77": 4.080601092896175, "80": 3.8498074454428757, "1": 4.030913978494624, "3": 3.993333333333333, "5": 3.9774236387782205, "10": 3.8142493638676847, "14": 3.725465838509317, "15": 4.024226110363392, "19": 4.074829931972789, "22": 4.041835357624831, "23": 4.090040927694407, "34": 3.9669312169312168, "38": 4.018766756032171, "44": 3.90612777053455, "50": 3.9564643799472297, "55": 3.8998699609882963, "73": 4.283261802575107, "11": 3.9577278731836194, "12": 3.8584298584298584, "26": 4.067842605156038, "30": 4.142461964038728, "31": 3.953825857519789, "37": 4.052702702702702, "40": 3.7853535353535355, "49": 4.102599179206567, "56": 3.8431876606683804, "57": 3.9800796812749004, "59": 3.910761154855643, "61": 3.8935064935064934, "74": 3.8645161290322583, "21": 4.040431266846361, "24": 4.077551020408163, "27": 3.972185430463576, "63": 3.973474801061008, "69": 3.8399487836107555, "72": 4.121212121212121, "75": 3.9814077025232404, "76": 4.123796423658872, "8": 3.8597168597168596, "17": 4.055480378890392, "43": 3.998666666666667, "46": 4.0472334682861, "51": 3.9656084656084656, "68": 3.9138381201044385, "6": 4.018791946308725, "20": 4.063772048846675, "66": 3.9906417112299466, "78": 4.0653061224489795, "79": 3.932806324110672, "33": 4.115384615384615, "65": 4.262108262108262, "70": 3.9695364238410598, "62": 4.12396694214876, "35": 4.118131868131868, "53": 3.9642857142857144, "36": 4.161111111111111, "71": 3.911227154046997, "42": 4.125171939477304, "18": 4.19327731092437, "2": 4.111111111111111, "9": 4.037735849056604, "54": 3.8091603053435112, "avg_over_all": 3.9977740085245643}