{"3": 3.6463414634146343, "6": 3.9078947368421053, "14": 4.484848484848484, "20": 3.4022988505747125, "21": 3.691358024691358, "26": 3.8701298701298703, "32": 4.484848484848484, "43": 3.2065217391304346, "46": 4.3076923076923075, "50": 4.054794520547945, "52": 3.239130434782609, "57": 4.054794520547945, "59": 4.228571428571429, "60": 4.1911764705882355, "63": 3.7, "66": 4.609375, "67": 4.042253521126761, "72": 4.53030303030303, "78": 3.857142857142857, "80": 3.8076923076923075, "4": 3.675, "9": 3.973333333333333, "15": 4.152777777777778, "16": 4.629032258064516, "17": 3.4651162790697674, "25": 4.650793650793651, "28": 4.983333333333333, "34": 4.462686567164179, "39": 3.986666666666667, "47": 3.9210526315789473, "53": 4.671875, "61": 3.7848101265822787, "64": 4.138888888888889, "70": 3.375, "74": 3.8421052631578947, "79": 3.725, "2": 3.5783132530120483, "11": 3.725, "19": 3.8076923076923075, "23": 3.6341463414634148, "24": 4.028169014084507, "27": 5.155172413793103, "44": 3.6463414634146343, "51": 4.671875, "65": 3.7375, "69": 3.721518987341772, "71": 3.7721518987341773, "1": 3.7375, "10": 3.6463414634146343, "13": 5.157894736842105, "30": 4.2898550724637685, "33": 3.723684210526316, "36": 3.8205128205128207, "38": 3.8205128205128207, "40": 4.447761194029851, "75": 3.5542168674698793, "77": 3.5903614457831323, "8": 3.844155844155844, "22": 3.6296296296296298, "37": 3.5357142857142856, "55": 3.654320987654321, "62": 3.9594594594594597, "76": 3.7051282051282053, "31": 3.303370786516854, "35": 4.569230769230769, "42": 4.083333333333333, "54": 4.211267605633803, "58": 4.257142857142857, "49": 4.619047619047619, "18": 3.691358024691358, "48": 3.7375, "68": 4.634920634920635, "73": 3.7848101265822787, "5": 4.484848484848484, "56": 4.271428571428571, "12": 3.789473684210526, "7": 4.013698630136986, "41": 3.6341463414634148, "45": 3.566265060240964, "29": 3.9594594594594597, "avg_over_all": 3.9870108942700964}