{"avg_psfpw": 0.24740484429065743, "avg_psfp2w": 0.24982698961937716, "avg_psfp3w": 0.24567474048442905, "avg_psfp4w": 0.24653979238754326, "avg_psfp5w": 0.2519031141868512, "avg_psfp6w": 0.2477508650519031, "avg_psfp7w": 0.24705882352941178, "avg_psfp8w": 0.24480968858131488, "avg_psfp9w": 0.2512110726643599, "avg_psfp10w": 0.2486159169550173, "std_dev_psfpw": 0.08509703679268632, "std_dev_psfp2w": 0.08180879107289704, "std_dev_psfp3w": 0.08512844514168837, "std_dev_psfp4w": 0.08603011004688399, "std_dev_psfp5w": 0.08263148796172175, "std_dev_psfp6w": 0.08135224469099163, "std_dev_psfp7w": 0.07761640004248815, "std_dev_psfp8w": 0.08451689781881828, "std_dev_psfp9w": 0.08979289683162495, "std_dev_psfp10w": 0.08089015113922345, "variance_psfpw": 0.007241505670895809, "variance_psfp2w": 0.006692678296808919, "variance_psfp3w": 0.007246852172241445, "variance_psfp4w": 0.007401179834678969, "variance_psfp5w": 0.006827962802768165, "variance_psfp6w": 0.006618187716262975, "variance_psfp7w": 0.006024305555555555, "variance_psfp8w": 0.00714310601691657, "variance_psfp9w": 0.008062764321414841, "variance_psfp10w": 0.006543216551326413}