{"avg_psfip2": 0.5641868512110727, "avg_psfip3": 0.42595155709342564, "avg_psfip4": 0.3176470588235294, "avg_psfip5": 0.23633217993079586, "avg_psfip6": 0.17750865051903114, "avg_psfip7": 0.13633217993079585, "avg_psfip8": 0.1041522491349481, "avg_psfip9": 0.07785467128027682, "avg_psfip10": 0.057439446366782006, "std_dev_psfip2": 0.10461294252230792, "std_dev_psfip3": 0.0994841437986914, "std_dev_psfip4": 0.09709316831442537, "std_dev_psfip5": 0.09267461204559124, "std_dev_psfip6": 0.08130460191750677, "std_dev_psfip7": 0.07285144966162888, "std_dev_psfip8": 0.06495236772473216, "std_dev_psfip9": 0.05707785546081905, "std_dev_psfip10": 0.049353641312506386, "variance_psfip2": 0.0109438677431757, "variance_psfip3": 0.00989709486735871, "variance_psfip4": 0.009427083333333334, "variance_psfip5": 0.008588583717800845, "variance_psfip6": 0.006610438292964245, "variance_psfip7": 0.005307333717800846, "variance_psfip8": 0.004218810073048827, "variance_psfip9": 0.0032578815840061514, "variance_psfip10": 0.0024357819108035373}