{"avg_psfip2": 0.5613583138173303, "avg_psfip3": 0.42213114754098363, "avg_psfip4": 0.3166610906657745, "avg_psfip5": 0.2391267982602877, "avg_psfip6": 0.17960856473737036, "avg_psfip7": 0.13379056540649048, "avg_psfip8": 0.10053529608564737, "avg_psfip9": 0.07502509200401472, "avg_psfip10": 0.05552024088323854, "std_dev_psfip2": 0.10125862094275294, "std_dev_psfip3": 0.10125306710307147, "std_dev_psfip4": 0.09628347691403111, "std_dev_psfip5": 0.08995131239858982, "std_dev_psfip6": 0.08237326889609733, "std_dev_psfip7": 0.07339800200350995, "std_dev_psfip8": 0.06564004599307408, "std_dev_psfip9": 0.05803314359676538, "std_dev_psfip10": 0.049879090842643435, "variance_psfip2": 0.010253308315228124, "variance_psfip3": 0.010252183597779095, "variance_psfip4": 0.009270507926654762, "variance_psfip5": 0.008091238602228698, "variance_psfip6": 0.0067853554286287565, "variance_psfip7": 0.00538726669810725, "variance_psfip8": 0.004308615637972879, "variance_psfip9": 0.0033678457557227907, "variance_psfip10": 0.0024879237032886764}