{"avg_psfpl": 0.7491803278688525, "avg_psfp2l": 0.7495483439277351, "avg_psfp3l": 0.75299431247909, "avg_psfp4l": 0.7500501840080295, "avg_psfp5l": 0.7519906323185012, "avg_psfp6l": 0.7495148879223821, "avg_psfp7l": 0.7511040481766477, "avg_psfp8l": 0.7504182000669121, "avg_psfp9l": 0.7491134158581465, "avg_psfp10l": 0.7488624958179994, "std_dev_psfpl": 0.08393456167555513, "std_dev_psfp2l": 0.08713591351713336, "std_dev_psfp3l": 0.08407441742348129, "std_dev_psfp4l": 0.08446518985547964, "std_dev_psfp5l": 0.08364531107496473, "std_dev_psfp6l": 0.08441426777255603, "std_dev_psfp7l": 0.08475959514739648, "std_dev_psfp8l": 0.08476082037112073, "std_dev_psfp9l": 0.08638033979492697, "std_dev_psfp10l": 0.08233565937762118, "variance_psfpl": 0.007045010643667567, "variance_psfp2l": 0.007592667424465343, "variance_psfp3l": 0.007068507665097774, "variance_psfp4l": 0.007134368297322222, "variance_psfp5l": 0.006996538064827617, "variance_psfp6l": 0.007125768603576793, "variance_psfp7l": 0.007184188969550557, "variance_psfp8l": 0.007184396669985395, "variance_psfp9l": 0.007461563103087045, "variance_psfp10l": 0.006779160805147658}