{"avg_psfpl": 0.7525951557093425, "avg_psfp2l": 0.7501730103806228, "avg_psfp3l": 0.754325259515571, "avg_psfp4l": 0.7534602076124568, "avg_psfp5l": 0.7480968858131488, "avg_psfp6l": 0.7522491349480969, "avg_psfp7l": 0.7529411764705882, "avg_psfp8l": 0.7551903114186851, "avg_psfp9l": 0.7487889273356402, "avg_psfp10l": 0.7513840830449827, "std_dev_psfpl": 0.08509703679268633, "std_dev_psfp2l": 0.08180879107289706, "std_dev_psfp3l": 0.08512844514168837, "std_dev_psfp4l": 0.086030110046884, "std_dev_psfp5l": 0.08263148796172175, "std_dev_psfp6l": 0.08135224469099164, "std_dev_psfp7l": 0.07761640004248817, "std_dev_psfp8l": 0.08451689781881828, "std_dev_psfp9l": 0.08979289683162495, "std_dev_psfp10l": 0.08089015113922346, "variance_psfpl": 0.007241505670895811, "variance_psfp2l": 0.006692678296808921, "variance_psfp3l": 0.007246852172241446, "variance_psfp4l": 0.007401179834678971, "variance_psfp5l": 0.006827962802768167, "variance_psfp6l": 0.006618187716262977, "variance_psfp7l": 0.006024305555555557, "variance_psfp8l": 0.007143106016916572, "variance_psfp9l": 0.008062764321414841, "variance_psfp10l": 0.0065432165513264135}