{"avg_ppls": 0.24972677595628415, "avg_pp2ls": 0.2498494479759117, "avg_pp3ls": 0.25099810415969664, "avg_pp4ls": 0.2500167280026765, "avg_pp5ls": 0.25066354410616704, "avg_pp6ls": 0.24983829597412735, "avg_pp7ls": 0.2503680160588826, "avg_pp8ls": 0.250139400022304, "avg_pp9ls": 0.2497044719527155, "avg_pp10ls": 0.2496208319393331, "std_dev_ppls": 0.027978187225185035, "std_dev_pp2ls": 0.029045304505711113, "std_dev_pp3ls": 0.02802480580782709, "std_dev_pp4ls": 0.028155063285159876, "std_dev_pp5ls": 0.02788177035832157, "std_dev_pp6ls": 0.028138089257518675, "std_dev_pp7ls": 0.028253198382465487, "std_dev_pp8ls": 0.028253606790373573, "std_dev_pp9ls": 0.028793446598308986, "std_dev_pp10ls": 0.027445219792540384, "variance_ppls": 0.0007827789604075071, "variance_pp2ls": 0.0008436297138294822, "variance_pp3ls": 0.0007853897405664189, "variance_pp4ls": 0.0007927075885913576, "variance_pp5ls": 0.0007773931183141793, "variance_pp6ls": 0.0007917520670640877, "variance_pp7ls": 0.0007982432188389505, "variance_pp8ls": 0.0007982662966650436, "variance_pp9ls": 0.0008290625670096713, "variance_pp10ls": 0.0007532400894608505}