{"avg_ppls": 0.2508650519031142, "avg_pp2ls": 0.2500576701268743, "avg_pp3ls": 0.25144175317185696, "avg_pp4ls": 0.2511534025374856, "avg_pp5ls": 0.24936562860438294, "avg_pp6ls": 0.2507497116493656, "avg_pp7ls": 0.25098039215686274, "avg_pp8ls": 0.2517301038062284, "avg_pp9ls": 0.24959630911188005, "avg_pp10ls": 0.2504613610149942, "std_dev_ppls": 0.028365678930895435, "std_dev_pp2ls": 0.02726959702429901, "std_dev_pp3ls": 0.028376148380562786, "std_dev_pp4ls": 0.028676703348961323, "std_dev_pp5ls": 0.02754382932057391, "std_dev_pp6ls": 0.027117414896997205, "std_dev_pp7ls": 0.025872133347496044, "std_dev_pp8ls": 0.028172299272939422, "std_dev_pp9ls": 0.029930965610541645, "std_dev_pp10ls": 0.02696338371307448, "variance_ppls": 0.0008046117412106452, "variance_pp2ls": 0.0007436309218676575, "variance_pp3ls": 0.000805205796915716, "variance_pp4ls": 0.0008223533149643296, "variance_pp5ls": 0.0007586625336409071, "variance_pp6ls": 0.0007353541906958859, "variance_pp7ls": 0.000669367283950617, "variance_pp8ls": 0.0007936784463240631, "variance_pp9ls": 0.0008958627023794265, "variance_pp10ls": 0.0007270240612584901}