{"avg_psfpw": 0.25081967213114753, "avg_psfp2w": 0.250451656072265, "avg_psfp3w": 0.24700568752091, "avg_psfp4w": 0.24994981599197055, "avg_psfp5w": 0.24800936768149884, "avg_psfp6w": 0.2504851120776179, "avg_psfp7w": 0.24889595182335228, "avg_psfp8w": 0.249581799933088, "avg_psfp9w": 0.25088658414185344, "avg_psfp10w": 0.25113750418200065, "std_dev_psfpw": 0.08393456167555512, "std_dev_psfp2w": 0.08713591351713335, "std_dev_psfp3w": 0.08407441742348128, "std_dev_psfp4w": 0.08446518985547964, "std_dev_psfp5w": 0.08364531107496473, "std_dev_psfp6w": 0.08441426777255603, "std_dev_psfp7w": 0.08475959514739648, "std_dev_psfp8w": 0.08476082037112073, "std_dev_psfp9w": 0.08638033979492697, "std_dev_psfp10w": 0.08233565937762116, "variance_psfpw": 0.007045010643667566, "variance_psfp2w": 0.007592667424465342, "variance_psfp3w": 0.007068507665097772, "variance_psfp4w": 0.00713436829732222, "variance_psfp5w": 0.006996538064827616, "variance_psfp6w": 0.007125768603576791, "variance_psfp7w": 0.0071841889695505555, "variance_psfp8w": 0.007184396669985394, "variance_psfp9w": 0.007461563103087044, "variance_psfp10w": 0.006779160805147656}