{"avg_pip2lrns": 0.2484162541233303, "avg_psfip2lrn": 0.23098026095684177, "std_dev_pip2lrns": 0.1674433887037829, "std_dev_psfip2lrn": 0.21636233479544917, "variance_pip2lrns": 0.02803728842060613, "variance_psfip2lrn": 0.04681265991813804}