{"avg_pip2lrns": 0.26670665622114714, "avg_psfip2lrn": 0.25155709342560556, "std_dev_pip2lrns": 0.16160799076795207, "std_dev_psfip2lrn": 0.21720125802114254, "variance_pip2lrns": 0.026117142680054477, "variance_psfip2lrn": 0.047176386485966934}