{"1": 4.031531531531532, "2": 4.129032258064516, "3": 3.805084745762712, "4": 3.7405857740585775, "5": 3.991111111111111, "6": 3.8008474576271185, "7": 3.8874458874458875, "8": 3.8874458874458875, "9": 4.472636815920398, "10": 3.720833333333333, "11": 4.138248847926267, "12": 3.773109243697479, "13": 3.982142857142857, "14": 3.706611570247934, "15": 4.009009009009009, "16": 3.841880341880342, "17": 4.031390134529148, "18": 4.563451776649746, "19": 4.247619047619048, "20": 4.081818181818182, "21": 4.04954954954955, "22": 3.951541850220264, "23": 3.9170305676855897, "24": 4.3173076923076925, "25": 4.221698113207547, "26": 3.7932489451476794, "27": 3.825531914893617, "28": 3.76890756302521, "29": 3.611336032388664, "30": 4.574358974358974, "31": 4.1720930232558135, "32": 4.142857142857143, "33": 4.4278606965174125, "34": 4.00896860986547, "35": 4.181395348837209, "36": 4.628865979381444, "37": 3.9732142857142856, "38": 3.8744588744588744, "39": 4.4504950495049505, "40": 3.8205128205128207, "41": 4.022421524663677, "42": 4.067873303167421, "43": 3.8170212765957445, "44": 3.9251101321585904, "45": 3.5555555555555554, "46": 4.0588235294117645, "47": 3.6721311475409837, "48": 4.144859813084112, "49": 3.925764192139738, "50": 3.9955555555555557, "51": 3.805084745762712, "52": 3.94273127753304, "53": 4.359223300970874, "54": 3.6983471074380163, "55": 4.138248847926267, "56": 3.951541850220264, "57": 3.9955555555555557, "58": 4.215962441314554, "59": 3.982222222222222, "60": 4.013392857142857, "61": 3.7838983050847457, "62": 3.7178423236514524, "63": 3.7219917012448134, "64": 3.4921875, "65": 4.475, "66": 4.036036036036036, "67": 4.2727272727272725, "68": 3.960352422907489, "69": 3.8333333333333335, "70": 3.7302904564315353, "71": 4.059360730593608, "72": 3.951541850220264, "73": 3.777310924369748, "74": 4.013392857142857, "75": 3.841880341880342, "76": 4.026905829596412, "77": 4.157407407407407, "78": 4.525252525252525, "79": 3.6735537190082646, "80": 3.9298245614035086, "avg_over_all": 3.99775731475953}