{"1": {"avg": 4.031531531531532, "std_dev": 3.530589839123689, "variance": 12.465064612123436, "max": 17, "min": 1}, "2": {"avg": 4.129032258064516, "std_dev": 3.411844223229459, "variance": 11.640681003584229, "max": 18, "min": 1}, "3": {"avg": 3.805084745762712, "std_dev": 3.1332356318512797, "variance": 9.817165524702487, "max": 20, "min": 1}, "4": {"avg": 3.7405857740585775, "std_dev": 3.0787400006433603, "variance": 9.47863999156148, "max": 18, "min": 0}, "5": {"avg": 3.991111111111111, "std_dev": 3.3031250234641316, "variance": 10.91063492063492, "max": 19, "min": 1}, "6": {"avg": 3.8008474576271185, "std_dev": 3.2964454295875774, "variance": 10.866552470248829, "max": 17, "min": 1}, "7": {"avg": 3.8874458874458875, "std_dev": 3.5343492070975775, "variance": 12.491624317711274, "max": 22, "min": 0}, "8": {"avg": 3.8874458874458875, "std_dev": 3.0567627043581176, "variance": 9.343798230754754, "max": 16, "min": 1}, "9": {"avg": 4.472636815920398, "std_dev": 4.751894097350846, "variance": 22.580497512437812, "max": 45, "min": 1}, "10": {"avg": 3.720833333333333, "std_dev": 3.1783102753531822, "variance": 10.10165620641562, "max": 21, "min": 1}, "11": {"avg": 4.138248847926267, "std_dev": 3.7452763672948954, "variance": 14.027095067417648, "max": 25, "min": 1}, "12": {"avg": 3.773109243697479, "std_dev": 3.392563161767347, "variance": 11.50948480658086, "max": 22, "min": 1}, "13": {"avg": 3.982142857142857, "std_dev": 3.4105669159276877, "variance": 11.6319666880205, "max": 24, "min": 0}, "14": {"avg": 3.706611570247934, "std_dev": 3.1663226713783708, "variance": 10.025599259284661, "max": 19, "min": 1}, "15": {"avg": 4.009009009009009, "std_dev": 3.5746606850851075, "variance": 12.778199013493131, "max": 22, "min": 1}, "16": {"avg": 3.841880341880342, "std_dev": 3.3629830237808975, "variance": 11.309654818238508, "max": 21, "min": 0}, "17": {"avg": 4.031390134529148, "std_dev": 3.2844023062456285, "variance": 10.787298509271604, "max": 19, "min": 1}, "18": {"avg": 4.563451776649746, "std_dev": 3.842868330302275, "variance": 14.767637004040195, "max": 23, "min": 1}, "19": {"avg": 4.247619047619048, "std_dev": 3.431575732413749, "variance": 11.775712007290956, "max": 16, "min": 1}, "20": {"avg": 4.081818181818182, "std_dev": 3.4828524974943478, "variance": 12.130261519302616, "max": 21, "min": 1}, "21": {"avg": 4.04954954954955, "std_dev": 3.715233989546452, "variance": 13.802963597081245, "max": 21, "min": 1}, "22": {"avg": 3.951541850220264, "std_dev": 3.3487991245789335, "variance": 11.214455576780631, "max": 27, "min": 1}, "23": {"avg": 3.9170305676855897, "std_dev": 3.054636668883237, "variance": 9.330805178886079, "max": 15, "min": 1}, "24": {"avg": 4.3173076923076925, "std_dev": 3.7859757051695113, "variance": 14.333612040133778, "max": 19, "min": 1}, "25": {"avg": 4.221698113207547, "std_dev": 3.4685999666057854, "variance": 12.031185728337656, "max": 19, "min": 0}, "26": {"avg": 3.7932489451476794, "std_dev": 3.174894365193367, "variance": 10.079954230136595, "max": 17, "min": 1}, "27": {"avg": 3.825531914893617, "std_dev": 3.2422470369075924, "variance": 10.512165848336062, "max": 18, "min": 1}, "28": {"avg": 3.76890756302521, "std_dev": 3.4824998998708945, "variance": 12.127805552600789, "max": 22, "min": 0}, "29": {"avg": 3.611336032388664, "std_dev": 2.9374843082848914, "variance": 8.628814061419966, "max": 15, "min": 0}, "30": {"avg": 4.574358974358974, "std_dev": 3.9465969909046326, "variance": 15.575627808617499, "max": 22, "min": 1}, "31": {"avg": 4.1720930232558135, "std_dev": 3.719506900126855, "variance": 13.834731580091285, "max": 24, "min": 1}, "32": {"avg": 4.142857142857143, "std_dev": 3.6745946038502675, "variance": 13.502645502645503, "max": 18, "min": 0}, "33": {"avg": 4.4278606965174125, "std_dev": 4.2303687664904, "variance": 17.89601990049751, "max": 24, "min": 1}, "34": {"avg": 4.00896860986547, "std_dev": 3.7392380485461083, "variance": 13.981901183694907, "max": 26, "min": 1}, "35": {"avg": 4.181395348837209, "std_dev": 3.6223124625870944, "variance": 13.12114757661378, "max": 20, "min": 1}, "36": {"avg": 4.628865979381444, "std_dev": 3.9709295648359735, "variance": 15.768281608888413, "max": 22, "min": 1}, "37": {"avg": 3.9732142857142856, "std_dev": 3.614767472760432, "variance": 13.066543882126842, "max": 20, "min": 1}, "38": {"avg": 3.8744588744588744, "std_dev": 2.9850055038615833, "variance": 8.910257858083945, "max": 15, "min": 1}, "39": {"avg": 4.4504950495049505, "std_dev": 4.184789414089301, "variance": 17.512462440273875, "max": 24, "min": 0}, "40": {"avg": 3.8205128205128207, "std_dev": 3.1503535726775396, "variance": 9.924727632882139, "max": 22, "min": 1}, "41": {"avg": 4.022421524663677, "std_dev": 3.43070915132368, "variance": 11.769765280976044, "max": 21, "min": 0}, "42": {"avg": 4.067873303167421, "std_dev": 3.6431641470096796, "variance": 13.272645002056766, "max": 24, "min": 1}, "43": {"avg": 3.8170212765957445, "std_dev": 3.192627668734534, "variance": 10.192871431169305, "max": 17, "min": 1}, "44": {"avg": 3.9251101321585904, "std_dev": 3.5045652099548796, "variance": 12.28197731082609, "max": 26, "min": 1}, "45": {"avg": 3.5555555555555554, "std_dev": 2.9687765748676602, "variance": 8.813634351482957, "max": 18, "min": 0}, "46": {"avg": 4.0588235294117645, "std_dev": 3.4760448358061726, "variance": 12.08288770053476, "max": 29, "min": 1}, "47": {"avg": 3.6721311475409837, "std_dev": 2.93536019466802, "variance": 8.616339472441476, "max": 16, "min": 0}, "48": {"avg": 4.144859813084112, "std_dev": 3.7744566165487208, "variance": 14.246522750208417, "max": 35, "min": 0}, "49": {"avg": 3.925764192139738, "std_dev": 3.7672049711991997, "variance": 14.191833295027962, "max": 26, "min": 1}, "50": {"avg": 3.9955555555555557, "std_dev": 3.546247737521029, "variance": 12.575873015873016, "max": 28, "min": 1}, "51": {"avg": 3.805084745762712, "std_dev": 3.142728113087035, "variance": 9.876739992787595, "max": 20, "min": 1}, "52": {"avg": 3.94273127753304, "std_dev": 3.5823161456370265, "variance": 12.832988967291723, "max": 20, "min": 0}, "53": {"avg": 4.359223300970874, "std_dev": 3.6608791931674842, "variance": 13.40203646696661, "max": 21, "min": 1}, "54": {"avg": 3.6983471074380163, "std_dev": 3.0979710525603643, "variance": 9.597424642501972, "max": 16, "min": 1}, "55": {"avg": 4.138248847926267, "std_dev": 3.9929640286489327, "variance": 15.943761734084315, "max": 26, "min": 1}, "56": {"avg": 3.951541850220264, "std_dev": 3.451604064928134, "variance": 11.91357062102842, "max": 20, "min": 1}, "57": {"avg": 3.9955555555555557, "std_dev": 3.4010210885033403, "variance": 11.566944444444445, "max": 19, "min": 1}, "58": {"avg": 4.215962441314554, "std_dev": 3.870586791662246, "variance": 14.981442111790239, "max": 28, "min": 0}, "59": {"avg": 3.982222222222222, "std_dev": 3.2430756516830876, "variance": 10.517539682539683, "max": 22, "min": 1}, "60": {"avg": 4.013392857142857, "std_dev": 3.3901465115293834, "variance": 11.493093369634849, "max": 26, "min": 0}, "61": {"avg": 3.7838983050847457, "std_dev": 3.194395899709712, "variance": 10.204165164082221, "max": 19, "min": 1}, "62": {"avg": 3.7178423236514524, "std_dev": 3.373186721539131, "variance": 11.37838865836791, "max": 20, "min": 1}, "63": {"avg": 3.7219917012448134, "std_dev": 3.299225568210037, "variance": 10.884889349930843, "max": 19, "min": 1}, "64": {"avg": 3.4921875, "std_dev": 3.033140076799981, "variance": 9.199938725490195, "max": 18, "min": 0}, "65": {"avg": 4.475, "std_dev": 4.287339665460992, "variance": 18.381281407035175, "max": 30, "min": 1}, "66": {"avg": 4.036036036036036, "std_dev": 3.172072499864542, "variance": 10.062043944396885, "max": 19, "min": 1}, "67": {"avg": 4.2727272727272725, "std_dev": 3.958592495503237, "variance": 15.670454545454545, "max": 24, "min": 0}, "68": {"avg": 3.960352422907489, "std_dev": 3.128970519582546, "variance": 9.79045651241667, "max": 20, "min": 1}, "69": {"avg": 3.8333333333333335,