{"1": {"avg": 3.6, "std_dev": 1.949358868961793, "variance": 3.8000000000000003, "max": 6, "min": 1}, "2": {"avg": 3.8, "std_dev": 2.16794833886788, "variance": 4.7, "max": 7, "min": 2}, "5": {"avg": 3.5, "std_dev": 1.7320508075688772, "variance": 3.0, "max": 5, "min": 1}, "6": {"avg": 2.6, "std_dev": 0.8944271909999159, "variance": 0.8, "max": 3, "min": 1}, "7": {"avg": 4.75, "std_dev": 2.753785273643051, "variance": 7.583333333333333, "max": 8, "min": 2}, "9": {"avg": 5.285714285714286, "std_dev": 2.690370836538197, "variance": 7.238095238095238, "max": 9, "min": 1}, "11": {"avg": 2.2, "std_dev": 1.0954451150103321, "variance": 1.2, "max": 3, "min": 1}, "12": {"avg": 1.25, "std_dev": 0.5, "variance": 0.25, "max": 2, "min": 1}, "14": {"avg": 5.8, "std_dev": 1.7888543819998317, "variance": 3.2, "max": 8, "min": 4}, "15": {"avg": 3, "std_dev": 2.0, "variance": 4, "max": 6, "min": 2}, "16": {"avg": 2.6666666666666665, "std_dev": 2.081665999466133, "variance": 4.333333333333334, "max": 5, "min": 1}, "17": {"avg": 5.333333333333333, "std_dev": 1.5275252316519465, "variance": 2.333333333333333, "max": 7, "min": 4}, "18": {"avg": 4.833333333333333, "std_dev": 3.600925806881706, "variance": 12.966666666666667, "max": 11, "min": 1}, "19": {"avg": 3.1666666666666665, "std_dev": 1.7224014243685084, "variance": 2.966666666666667, "max": 5, "min": 1}, "20": {"avg": 4.333333333333333, "std_dev": 2.943920288775949, "variance": 8.666666666666666, "max": 8, "min": 1}, "21": {"avg": 4.857142857142857, "std_dev": 2.8535691936340255, "variance": 8.142857142857142, "max": 8, "min": 1}, "22": {"avg": 2.1666666666666665, "std_dev": 2.041241452319315, "variance": 4.166666666666667, "max": 6, "min": 1}, "24": {"avg": 2.875, "std_dev": 1.1259916264596033, "variance": 1.2678571428571428, "max": 4, "min": 1}, "25": {"avg": 2.888888888888889, "std_dev": 1.6914819275153699, "variance": 2.8611111111111107, "max": 7, "min": 1}, "28": {"avg": 3.7142857142857144, "std_dev": 3.251373336211726, "variance": 10.571428571428571, "max": 9, "min": 1}, "30": {"avg": 5, "std_dev": 2.7255405754769875, "variance": 7.428571428571429, "max": 10, "min": 1}, "31": {"avg": 4.333333333333333, "std_dev": 2.7325202042558927, "variance": 7.466666666666667, "max": 8, "min": 1}, "32": {"avg": 3.2, "std_dev": 2.280350850198276, "variance": 5.2, "max": 7, "min": 1}, "33": {"avg": 3.090909090909091, "std_dev": 2.119176512447486, "variance": 4.490909090909091, "max": 8, "min": 1}, "34": {"avg": 5.75, "std_dev": 3.4034296427770228, "variance": 11.583333333333334, "max": 9, "min": 1}, "35": {"avg": 3.6666666666666665, "std_dev": 2.4221202832779936, "variance": 5.866666666666667, "max": 8, "min": 1}, "36": {"avg": 4.5, "std_dev": 2.6645825188948455, "variance": 7.1, "max": 8, "min": 1}, "37": {"avg": 4, "std_dev": 3.605551275463989, "variance": 13, "max": 8, "min": 1}, "38": {"avg": 1.8333333333333333, "std_dev": 0.752772652709081, "variance": 0.5666666666666667, "max": 3, "min": 1}, "39": {"avg": 3.625, "std_dev": 2.326094212561969, "variance": 5.410714285714286, "max": 8, "min": 1}, "41": {"avg": 2.5, "std_dev": 1.224744871391589, "variance": 1.5, "max": 4, "min": 1}, "42": {"avg": 3, "std_dev": 2.898275349237888, "variance": 8.4, "max": 8, "min": 1}, "43": {"avg": 4.2, "std_dev": 3.6331804249169903, "variance": 13.200000000000001, "max": 9, "min": 1}, "44": {"avg": 4, "std_dev": 1.0, "variance": 1, "max": 5, "min": 3}, "45": {"avg": 2.3333333333333335, "std_dev": 2.309401076758503, "variance": 5.333333333333333, "max": 5, "min": 1}, "46": {"avg": 6, "std_dev": 2.0, "variance": 4, "max": 8, "min": 4}, "47": {"avg": 2.3333333333333335, "std_dev": 1.5275252316519468, "variance": 2.3333333333333335, "max": 4, "min": 1}, "48": {"avg": 3.25, "std_dev": 4.5, "variance": 20.25, "max": 10, "min": 1}, "49": {"avg": 5.8, "std_dev": 2.280350850198276, "variance": 5.2, "max": 9, "min": 3}, "50": {"avg": 4, "std_dev": 3.3166247903554, "variance": 11, "max": 8, "min": 1}, "51": {"avg": 2.4, "std_dev": 2.073644135332772, "variance": 4.3, "max": 6, "min": 1}, "52": {"avg": 2.75, "std_dev": 1.5, "variance": 2.25, "max": 4, "min": 1}, "53": {"avg": 1.5, "std_dev": 0.5773502691896257, "variance": 0.3333333333333333, "max": 2, "min": 1}, "54": {"avg": 4.333333333333333, "std_dev": 2.309401076758503, "variance": 5.333333333333333, "max": 7, "min": 3}, "55": {"avg": 2.75, "std_dev": 1.6690459207925603, "variance": 2.7857142857142856, "max": 6, "min": 1}, "56": {"avg": 4.888888888888889, "std_dev": 2.619372274250285, "variance": 6.861111111111111, "max": 9, "min": 2}, "57": {"avg": 4.285714285714286, "std_dev": 1.9760470401187074, "variance": 3.9047619047619047, "max": 7, "min": 2}, "58": {"avg": 1.8333333333333333, "std_dev": 1.3291601358251257, "variance": 1.7666666666666668, "max": 4, "min": 1}, "59": {"avg": 3.2, "std_dev": 1.4832396974191326, "variance": 2.2, "max": 5, "min": 1}, "60": {"avg": 3.2, "std_dev": 1.9235384061671346, "variance": 3.7, "max": 6, "min": 1}, "61": {"avg": 5.5, "std_dev": 1.9148542155126762, "variance": 3.6666666666666665, "max": 8, "min": 4}, "62": {"avg": 3, "std_dev": 1.4142135623730951, "variance": 2, "max": 5, "min": 2}, "63": {"avg": 3, "std_dev": 3.4641016151377544, "variance": 12, "max": 7, "min": 1}, "65": {"avg": 3.7142857142857144, "std_dev": 3.147183169877773, "variance": 9.904761904761905, "max": 10, "min": 1}, "67": {"avg": 3.8, "std_dev": 2.7748873851023212, "variance": 7.699999999999999, "max": 8, "min": 1}, "68": {"avg": 3.6666666666666665, "std_dev": 3.0550504633038935, "variance": 9.333333333333334, "max": 7, "min": 1}, "70": {"avg": 3.1666666666666665, "std_dev": 2.136976056643281, "variance": 4.566666666666666, "max": 7, "min": 1}, "71": {"avg": 4.2, "std_dev": 2.16794833886788, "variance": 4.7, "max": 6, "min": 1}, "72": {"avg": 2.6, "std_dev": 1.9493588689617927, "variance": 3.8, "max": 6, "min": 1}, "73": {"avg": 2, "std_dev": 1.0, "variance": 1, "max": 3, "min": 1}, "74": {"avg": 5.571428571428571, "std_dev": 2.9358214555806383, "variance": 8.619047619047619, "max": 9, "min": 2}, "75": {"avg": 3.1666666666666665, "std_dev": 3.0605010483034745, "variance": 9.366666666666667, "max": 9, "min": 1}, "76": {"avg": 1.6, "std_dev": 0.5477225575051661, "variance": 0.3, "max": 2, "min": 1}, "77": {"avg": 3, "std_dev": 1.7320508075688772, "variance": 3, "max": 5, "min": 2}, "78": {"avg": 3.75, "std_dev": 2.052872551885702, "variance": 4.214285714285714, "max": 7, "min": 1}, "79": {"avg": 2.6, "std_dev": 2.3021728866442674, "variance": 5.3, "max": 6, "min": 1}, "80": {"avg": 3.8, "std_dev": 2.6832815729997477, "variance": 7.2, "max": 8, "min": 1}}