{"avg_pip2ls": 0.2482312791909714, "avg_pip3ls": 0.24865004125137874, "avg_pip4ls": 0.2490705263550245, "avg_pip5ls": 0.25092116511576734, "avg_pip6ls": 0.2511894102410023, "avg_pip7ls": 0.24937674182964922, "avg_pip8ls": 0.24819361678191823, "avg_pip9ls": 0.24341629029129028, "avg_pip10ls": 0.24796494355317886, "std_dev_pip2ls": 0.04416679573460175, "std_dev_pip3ls": 0.05610640007369781, "std_dev_pip4ls": 0.07175488353461608, "std_dev_pip5ls": 0.08930403664961573, "std_dev_pip6ls": 0.10801672553793928, "std_dev_pip7ls": 0.12892536266576543, "std_dev_pip8ls": 0.1553907260921419, "std_dev_pip9ls": 0.1881049733840204, "std_dev_pip10ls": 0.23118353730628527, "variance_pip2ls": 0.0019507058454620355, "variance_pip3ls": 0.003147928129229838, "variance_pip4ls": 0.0051487633110663174, "variance_pip5ls": 0.007975210961915908, "variance_pip6ls": 0.011667612995938504, "variance_pip7ls": 0.01662174913849914, "variance_pip8ls": 0.02414627775544307, "variance_pip9ls": 0.035383481011803025, "variance_pip10ls": 0.05344582792144659}