{"avg_psfpw": 0.25399325084364455, "avg_psfp2w": 0.25191226096737906, "avg_psfp3w": 0.24623172103487065, "avg_psfp4w": 0.25056242969628795, "avg_psfp5w": 0.25112485939257595, "avg_psfp6w": 0.2503374578177728, "avg_psfp7w": 0.24904386951631047, "avg_psfp8w": 0.2470191226096738, "avg_psfp9w": 0.25219347581552304, "avg_psfp10w": 0.24915635545556805, "std_dev_psfpw": 0.0843184383957429, "std_dev_psfp2w": 0.08556745637501666, "std_dev_psfp3w": 0.08260862535857742, "std_dev_psfp4w": 0.08365737977301418, "std_dev_psfp5w": 0.0844555639106081, "std_dev_psfp6w": 0.08399444132893952, "std_dev_psfp7w": 0.08464078368308897, "std_dev_psfp8w": 0.08756979632560874, "std_dev_psfp9w": 0.08567578948181936, "std_dev_psfp10w": 0.08437546974571725, "variance_psfpw": 0.007109599053496691, "variance_psfp2w": 0.0073217895904903775, "variance_psfp3w": 0.006824184983633802, "variance_psfp4w": 0.006998557190486324, "variance_psfp5w": 0.00713274227545881, "variance_psfp6w": 0.007055066174160662, "variance_psfp7w": 0.007164062262487459, "variance_psfp8w": 0.007668469228508598, "variance_psfp9w": 0.007340340903333029, "variance_psfp10w": 0.007119219894810446}