{"avg_ppls": 0.24866891638545183, "avg_pp2ls": 0.2493625796775403, "avg_pp3ls": 0.2512560929883765, "avg_pp4ls": 0.24981252343457067, "avg_pp5ls": 0.24962504686914136, "avg_pp6ls": 0.24988751406074242, "avg_pp7ls": 0.25031871016122986, "avg_pp8ls": 0.2509936257967754, "avg_pp9ls": 0.24926884139482564, "avg_pp10ls": 0.250281214848144, "std_dev_ppls": 0.028106146131914297, "std_dev_pp2ls": 0.02852248545833888, "std_dev_pp3ls": 0.02753620845285914, "std_dev_pp4ls": 0.027885793257671394, "std_dev_pp5ls": 0.028151854636869363, "std_dev_pp6ls": 0.0279981471096465, "std_dev_pp7ls": 0.02821359456102965, "std_dev_pp8ls": 0.02918993210853624, "std_dev_pp9ls": 0.028558596493939784, "std_dev_pp10ls": 0.02812515658190574, "variance_ppls": 0.000789955450388521, "variance_pp2ls": 0.0008135321767211529, "variance_pp3ls": 0.0007582427759593111, "variance_pp4ls": 0.0007776174656095913, "variance_pp5ls": 0.0007925269194954232, "variance_pp6ls": 0.0007838962415734066, "variance_pp7ls": 0.0007960069180541619, "variance_pp8ls": 0.000852052136500955, "variance_pp9ls": 0.0008155934337036696, "variance_pp10ls": 0.0007910244327567159}