{"avg_psfpl": 0.7460067491563555, "avg_psfp2l": 0.7480877390326209, "avg_psfp3l": 0.7537682789651293, "avg_psfp4l": 0.749437570303712, "avg_psfp5l": 0.7488751406074241, "avg_psfp6l": 0.7496625421822273, "avg_psfp7l": 0.7509561304836896, "avg_psfp8l": 0.7529808773903263, "avg_psfp9l": 0.7478065241844769, "avg_psfp10l": 0.750843644544432, "std_dev_psfpl": 0.0843184383957429, "std_dev_psfp2l": 0.08556745637501666, "std_dev_psfp3l": 0.08260862535857744, "std_dev_psfp4l": 0.0836573797730142, "std_dev_psfp5l": 0.08445556391060811, "std_dev_psfp6l": 0.08399444132893952, "std_dev_psfp7l": 0.08464078368308897, "std_dev_psfp8l": 0.08756979632560875, "std_dev_psfp9l": 0.08567578948181936, "std_dev_psfp10l": 0.08437546974571725, "variance_psfpl": 0.007109599053496693, "variance_psfp2l": 0.007321789590490379, "variance_psfp3l": 0.006824184983633803, "variance_psfp4l": 0.006998557190486325, "variance_psfp5l": 0.007132742275458812, "variance_psfp6l": 0.007055066174160663, "variance_psfp7l": 0.00716406226248746, "variance_psfp8l": 0.0076684692285086, "variance_psfp9l": 0.00734034090333303, "variance_psfp10l": 0.007119219894810447}