{"avg_psfip2": 0.5595050618672666, "avg_psfip3": 0.4213723284589426, "avg_psfip4": 0.3170416197975253, "avg_psfip5": 0.23982002249718784, "avg_psfip6": 0.18042744656917886, "avg_psfip7": 0.13391451068616422, "avg_psfip8": 0.09988751406074241, "avg_psfip9": 0.07379077615298088, "avg_psfip10": 0.05562429696287964, "std_dev_psfip2": 0.1016318554374757, "std_dev_psfip3": 0.09903205959697153, "std_dev_psfip4": 0.09565044903698522, "std_dev_psfip5": 0.08973416196674133, "std_dev_psfip6": 0.0829118003255562, "std_dev_psfip7": 0.07306033467735303, "std_dev_psfip8": 0.06524372835316246, "std_dev_psfip9": 0.05806881872070095, "std_dev_psfip10": 0.0500774008476824, "variance_psfip2": 0.01032903403966396, "variance_psfip3": 0.009807348828018122, "variance_psfip4": 0.009149008400976906, "variance_psfip5": 0.008052219823873366, "variance_psfip6": 0.006874366633224901, "variance_psfip7": 0.005337812503166834, "variance_psfip8": 0.004256744089421255, "variance_psfip9": 0.003371987707617629, "variance_psfip10": 0.0025077460756594617}