{"avg_ppws": 0.25399325084364455, "avg_pp2ws": 0.25191226096737906, "avg_pp3ws": 0.24623172103487065, "avg_pp4ws": 0.25056242969628795, "avg_pp5ws": 0.25112485939257595, "avg_pp6ws": 0.2503374578177728, "avg_pp7ws": 0.24904386951631047, "avg_pp8ws": 0.2470191226096738, "avg_pp9ws": 0.25219347581552304, "avg_pp10ws": 0.24915635545556805, "std_dev_ppws": 0.0843184383957429, "std_dev_pp2ws": 0.08556745637501666, "std_dev_pp3ws": 0.08260862535857742, "std_dev_pp4ws": 0.08365737977301418, "std_dev_pp5ws": 0.0844555639106081, "std_dev_pp6ws": 0.08399444132893952, "std_dev_pp7ws": 0.08464078368308897, "std_dev_pp8ws": 0.08756979632560874, "std_dev_pp9ws": 0.08567578948181936, "std_dev_pp10ws": 0.08437546974571725, "variance_ppws": 0.007109599053496691, "variance_pp2ws": 0.0073217895904903775, "variance_pp3ws": 0.006824184983633802, "variance_pp4ws": 0.006998557190486324, "variance_pp5ws": 0.00713274227545881, "variance_pp6ws": 0.007055066174160662, "variance_pp7ws": 0.007164062262487459, "variance_pp8ws": 0.007668469228508598, "variance_pp9ws": 0.007340340903333029, "variance_pp10ws": 0.007119219894810446}