{"avg_pip2lrns": 0.24918734697741238, "avg_psfip2lrn": 0.32097862767154106, "std_dev_pip2lrns": 0.09333943275385428, "std_dev_psfip2lrn": 0.2043205852814058, "variance_pip2lrns": 0.008712249706811285, "variance_psfip2lrn": 0.04174690156973622}