{"avg_prns": 0.2499787360538282, "avg_psfrn": 0.3863329583802025, "avg_draws_per_round": 8.76923076923077, "std_dev_prns": 0.09141032061046606, "std_dev_psfrn": 0.3002934852809191, "std_dev_draws_per_round": 1.3256187073457273, "variance_prns": 0.008355846714108196, "variance_psfrn": 0.09017617730216156, "variance_draws_per_round": 1.7572649572649572}