{"1": 4.155988857938719, "2": 3.5223529411764707, "4": 3.931758530183727, "10": 3.8753246753246753, "12": 3.5450236966824646, "15": 4.070652173913044, "18": 3.9036458333333335, "19": 3.756892230576441, "23": 3.7171215880893302, "28": 4.048648648648649, "32": 3.989247311827957, "33": 3.9946524064171123, "46": 3.8808290155440415, "57": 3.802030456852792, "59": 3.751256281407035, "62": 3.86340206185567, "64": 3.865284974093264, "69": 4.235127478753541, "76": 3.8435897435897437, "77": 3.9133858267716537, "3": 4.026881720430108, "8": 3.7949367088607593, "11": 3.949602122015915, "16": 4.054347826086956, "20": 3.992, "24": 4.008021390374331, "39": 4.008042895442359, "43": 3.7475, "52": 4.19327731092437, "53": 3.873056994818653, "58": 3.962962962962963, "68": 3.918848167539267, "7": 3.9086161879895562, "34": 4.2881844380403455, "35": 4.026954177897574, "40": 3.8419689119170983, "49": 4.076294277929155, "50": 4.059620596205962, "51": 4.021505376344086, "54": 3.883419689119171, "65": 4.0162162162162165, "67": 4.084468664850136, "75": 3.799492385786802, "14": 4.465671641791045, "26": 4.295977011494253, "27": 4.3304347826086955, "31": 4.035230352303523, "37": 4.040431266846361, "56": 3.973404255319149, "61": 4.31700288184438, "70": 3.7777777777777777, "74": 3.8733850129198966, "6": 4.588957055214724, "13": 4.079019073569483, "17": 3.9867021276595747, "29": 4.101648351648351, "36": 4.037735849056604, "38": 3.5861244019138754, "41": 4.175977653631285, "48": 4.104109589041096, "63": 4.09065934065934, "73": 4.018766756032171, "9": 4.12396694214876, "30": 3.8045685279187818, "42": 3.9036458333333335, "80": 4.043243243243243, "47": 4.277142857142858, "60": 4.118131868131868, "66": 3.906005221932115, "71": 3.906005221932115, "79": 4.314121037463977, "25": 4.135734072022161, "45": 4.118131868131868, "78": 4.209039548022599, "72": 3.992, "55": 3.9340369393139842, "44": 4.220338983050848, "21": 3.7475, "22": 3.8045685279187818, "5": 4.173184357541899, "avg_over_all": 3.997660174816403}