{"1_mean": 4.155988857938719, "1_std_dev": 3.7881263421687836, "1_variance": 14.349901184233048, "2_mean": 3.5223529411764707, "2_std_dev": 2.911443608344956, "2_variance": 8.476503884572697, "3_mean": 4.026881720430108, "3_std_dev": 3.869756667442737, "3_variance": 14.975016665217517, "4_mean": 3.931758530183727, "4_std_dev": 3.345942445231544, "4_variance": 11.195330846802046, "5_mean": 4.173184357541899, "5_std_dev": 3.6634551392030867, "5_variance": 13.420903556953508, "6_mean": 4.588957055214724, "6_std_dev": 3.965590554681716, "6_variance": 15.72590844738084, "7_mean": 3.9086161879895562, "7_std_dev": 3.379876375019934, "7_variance": 11.423564310417891, "8_mean": 3.7949367088607593, "8_std_dev": 3.332804901462504, "8_variance": 11.10758851121249, "9_mean": 4.12396694214876, "9_std_dev": 3.455886757501194, "9_variance": 11.943153280672115, "10_mean": 3.8753246753246753, "10_std_dev": 3.5780055782165734, "10_variance": 12.802123917748917, "11_mean": 3.949602122015915, "11_std_dev": 3.5468154881850746, "11_variance": 12.579900107229529, "12_mean": 3.5450236966824646, "12_std_dev": 2.758982113656255, "12_variance": 7.611982303475138, "13_mean": 4.079019073569483, "13_std_dev": 3.392658598870164, "13_variance": 11.510132368487664, "14_mean": 4.465671641791045, "14_std_dev": 3.8111698519432413, "14_variance": 14.525015640361069, "15_mean": 4.070652173913044, "15_std_dev": 3.726392738730717, "15_variance": 13.886002843265016, "16_mean": 4.054347826086956, "16_std_dev": 3.841162773642799, "16_variance": 14.754531453619238, "17_mean": 3.9867021276595747, "17_std_dev": 3.3053223788866335, "17_variance": 10.925156028368795, "18_mean": 3.9036458333333335, "18_std_dev": 3.430562565986384, "18_variance": 11.768759519147084, "19_mean": 3.756892230576441, "19_std_dev": 2.9821152598499503, "19_variance": 8.893011423029938, "20_mean": 3.992, "20_std_dev": 3.4959778263837493, "20_variance": 12.221860962566844, "21_mean": 3.7475, "21_std_dev": 3.128612198038339, "21_variance": 9.788214285714286, "22_mean": 3.8045685279187818, "22_std_dev": 3.2737493102225406, "22_variance": 10.71743454618256, "23_mean": 3.7171215880893302, "23_std_dev": 3.1755251303270717, "23_variance": 10.083959853338765, "24_mean": 4.008021390374331, "24_std_dev": 3.296344524988743, "24_variance": 10.865887227423263, "25_mean": 4.135734072022161, "25_std_dev": 3.496168152607665, "25_variance": 12.223191751308095, "26_mean": 4.295977011494253, "26_std_dev": 3.9871965000869647, "26_variance": 15.89773593030574, "27_mean": 4.3304347826086955, "27_std_dev": 3.9030140540053653, "27_variance": 15.233518705763398, "28_mean": 4.048648648648649, "28_std_dev": 3.5281002528036045, "28_variance": 12.447491393832857, "29_mean": 4.101648351648351, "29_std_dev": 3.738430826435988, "29_variance": 13.975865044046863, "30_mean": 3.8045685279187818, "30_std_dev": 3.1791111215687, "30_variance": 10.106747523281797, "31_mean": 4.035230352303523, "31_std_dev": 3.914348606694147, "31_variance": 15.32212501472841, "32_mean": 3.989247311827957, "32_std_dev": 3.488895356211838, "32_variance": 12.172390806596528, "33_mean": 3.9946524064171123, "33_std_dev": 3.6185363210470642, "33_variance": 13.093805106736822, "34_mean": 4.2881844380403455, "34_std_dev": 3.8479712980209406, "34_variance": 14.806883110392963, "35_mean": 4.026954177897574, "35_std_dev": 3.3962341856592584, "35_variance": 11.534406643840606, "36_mean": 4.037735849056604, "36_std_dev": 3.6068522242910834, "36_variance": 13.009382967873535, "37_mean": 4.040431266846361, "37_std_dev": 3.271661091860328, "37_variance": 10.703766299992715, "38_mean": 3.5861244019138754, "38_std_dev": 3.0563844102377122, "38_variance": 9.341485663144127, "39_mean": 4.008042895442359, "39_std_dev": 3.726891477381189, "39_variance": 13.889720084176542, "40_mean": 3.8419689119170983, "40_std_dev": 3.497442517792792, "40_variance": 12.232104165264786, "41_mean": 4.175977653631285, "41_std_dev": 3.4519159652911617, "41_variance": 11.915723831432013, "42_mean": 3.9036458333333335, "42_std_dev": 3.6042602062045397, "42_variance": 12.990691634029591, "43_mean": 3.7475, "43_std_dev": 3.035090308863542, "43_variance": 9.211773182957392, "44_mean": 4.220338983050848, "44_std_dev": 3.5747039970653036, "44_variance": 12.778508666634657, "45_mean": 4.118131868131868, "45_std_dev": 3.5083216026201725, "45_variance": 12.308320467411376, "46_mean": 3.8808290155440415, "46_std_dev": 3.1935479332330696, "46_variance": 10.19874840185721, "47_mean": 4.277142857142858, "47_std_dev": 3.653360168932974, "47_variance": 13.347040523945969, "48_mean": 4.104109589041096, "48_std_dev": 3.475994535371894, "48_variance": 12.08253800993527, "49_mean": 4.076294277929155, "49_std_dev": 3.273449977423505, "49_variance": 10.715474754693945, "50_mean": 4.059620596205962, "50_std_dev": 3.385827377403438, "50_variance": 11.463827029574643, "51_mean": 4.021505376344086, "51_std_dev": 3.3885123663009984, "51_variance": 11.48201605657479, "52_mean": 4.19327731092437, "52_std_dev": 3.5338109523628933, "52_variance": 12.48781984703994, "53_mean": 3.873056994818653, "53_std_dev": 3.310267299108691, "53_variance": 10.957869591548349, "54_mean": 3.883419689119171, "54_std_dev": 3.421761483793832, "54_variance": 11.708451651974968, "55_mean": 3.9340369393139842, "55_std_dev": 3.363888105127319, "55_variance": 11.315743183817064, "56_mean": 3.973404255319149, "56_std_dev": 3.437725621222338, "56_variance": 11.81795744680851, "57_mean": 3.802030456852792, "57_std_dev": 3.1244575613224663, "57_variance": 9.762235052505133, "58_mean": 3.962962962962963, "58_std_dev": 3.15450142831226, "58_variance": 9.95087926122409, "59_mean": 3.751256281407035, "59_std_dev": 3.004771340839217, "59_variance": 9.028650810728708, "60_mean": 4.118131868131868, "60_std_dev": 3.4854756996838048, "60_variance": 12.148540853086308, "61_mean": 4.31700288184438, "61_std_dev": 3.617207463673018, "61_variance": 13.084189835251786, "62_mean": 3.86340206185567, "62_std_dev": 3.278526292299341, "62_variance": 10.748734649298065, "63_mean": 4.09065934065934, "63_std_dev": 3.412022271733447, "63_variance": 11.641895982805075, "64_mean": 3.865284974093264, "64_std_dev": 3.3748476901285254, "64_variance": 11.389596931565844, "65_mean": 4.0162162162162165, "65_std_dev": 3.7125374279144796, "65_variance": 13.782934153665861, "66_mean": 3.906005221932115, "66_std_dev": 3.4666006207590465, "66_variance": 12.017319863847005, "67_mean": 4.084468664850136, "67_std_dev": 3.442097733515935, "67_variance": 11.848036807075536, "68_mean": 3.918848167539267, "68_std_dev": 3.33536065378201, "68_variance": 11.124630690797158, "69_mean": 4.235127478753541, "69_std_dev": 3.6616425537031008, "69_variance": 13.407626191089365, "70_mean": 3.7777777777777777, "70_std_dev": 2.9649618199110486, "70_variance": 8.790998593530238, "71_mean": 3.906005221932115, "71_std_dev": 3.1200316265637436, "71_variance": 9.734597350758, "72_mean": 3.992, "72_std_dev": 3.3186299602146403, "72_variance": 11.013304812834225, "73_mean": 4.018766756032171, "73_std_dev": 3.651803440424199, "73_variance": 13.335668367494018, "74_mean": 3.8733850129198966, "74_std_dev": 3.1797594434517213, "74_variance": 10.1108701182204, "75_mean": 3.799492385786802, "75_std_dev": 3.211445774972813, "75_variance": 10.313383965590731, "76_mean": 3.8435897435897437, "76_std_dev": 3.3568634270343587, "76_variance": 11.268532067760859, "77_mean": 3.9133858267716537, "77_std_dev": 3.5026838327666554, "77_variance": 12.268794032324907, "78_mean": 4.209039548022599, "78_std_dev": 3.94671702543833, "78_variance": 15.576575278884782, "79_mean": 4.314121037463977, "79_std_dev": 3.892619668200497, "79_variance": 15.152487881261347, "80_mean": 4.043243243243243, "80_std_dev": 3.7334306419185763, "80_variance": 13.938504358016553}