{"1_mean": 4, "1_std_dev": 2.0, "1_variance": 4, "2_mean": 3, "2_std_dev": 2.70801280154532, "2_variance": 7.333333333333333, "3_mean": 2.5, "3_std_dev": 1.6236882817719773, "3_variance": 2.6363636363636362, "4_mean": 4.571428571428571, "4_std_dev": 2.878491668515698, "4_variance": 8.285714285714286, "5_mean": 2.1, "5_std_dev": 1.852925614624973, "5_variance": 3.433333333333334, "6_mean": 3.7777777777777777, "6_std_dev": 1.986062547968831, "6_variance": 3.9444444444444446, "7_mean": 2.7142857142857144, "7_std_dev": 1.2535663410560174, "7_variance": 1.5714285714285714, "8_mean": 3.4285714285714284, "8_std_dev": 2.819996622760558, "8_variance": 7.9523809523809526, "9_mean": 5, "9_std_dev": 2.8284271247461903, "9_variance": 8, "10_mean": 4.714285714285714, "10_std_dev": 3.498298906339371, "10_variance": 12.238095238095237, "11_mean": 3.4285714285714284, "11_std_dev": 3.2071349029490923, "11_variance": 10.285714285714285, "13_mean": 2, "13_std_dev": 1.1547005383792515, "13_variance": 1.3333333333333333, "14_mean": 4.1, "14_std_dev": 3.2812599206199233, "14_variance": 10.766666666666666, "15_mean": 3.5555555555555554, "15_std_dev": 2.2973414586817036, "15_variance": 5.277777777777778, "16_mean": 4.916666666666667, "16_std_dev": 3.3427896171076075, "16_variance": 11.174242424242424, "17_mean": 2.25, "17_std_dev": 0.9574271077563381, "17_variance": 0.9166666666666666, "18_mean": 2.909090909090909, "18_std_dev": 2.165850662190053, "18_variance": 4.6909090909090905, "19_mean": 3.5, "19_std_dev": 2.16794833886788, "19_variance": 4.7, "20_mean": 2.7857142857142856, "20_std_dev": 1.847183778644646, "20_variance": 3.412087912087912, "21_mean": 4, "21_std_dev": 1.632993161855452, "21_variance": 2.6666666666666665, "22_mean": 2.909090909090909, "22_std_dev": 1.3751033019046572, "22_variance": 1.8909090909090909, "23_mean": 2.6666666666666665, "23_std_dev": 2.081665999466133, "23_variance": 4.333333333333334, "24_mean": 3.5, "24_std_dev": 2.516611478423583, "24_variance": 6.333333333333333, "25_mean": 3.5714285714285716, "25_std_dev": 2.14919697074224, "25_variance": 4.6190476190476195, "26_mean": 4.333333333333333, "26_std_dev": 3.1718458443950364, "26_variance": 10.06060606060606, "27_mean": 2.727272727272727, "27_std_dev": 2.5725827135743993, "27_variance": 6.618181818181819, "28_mean": 2.6363636363636362, "28_std_dev": 2.335496832484569, "28_variance": 5.454545454545454, "29_mean": 2.6, "29_std_dev": 1.505545305418162, "29_variance": 2.2666666666666666, "30_mean": 3.5714285714285716, "30_std_dev": 1.9880595947760098, "30_variance": 3.9523809523809526, "31_mean": 4, "31_std_dev": 2.1984843263788196, "31_variance": 4.833333333333333, "32_mean": 3.272727272727273, "32_std_dev": 2.2843339988236875, "32_variance": 5.218181818181818, "33_mean": 4.6, "33_std_dev": 3.272783388968954, "33_variance": 10.711111111111112, "34_mean": 2.272727272727273, "34_std_dev": 1.4206272622267313, "34_variance": 2.018181818181818, "35_mean": 3.6, "35_std_dev": 2.4129281427805145, "35_variance": 5.822222222222223, "36_mean": 4.625, "36_std_dev": 2.8753881725529062, "36_variance": 8.267857142857142, "37_mean": 3, "37_std_dev": 2.6076809620810595, "37_variance": 6.8, "38_mean": 4, "38_std_dev": 2.0, "38_variance": 4, "39_mean": 4.428571428571429, "39_std_dev": 3.101458950082625, "39_variance": 9.619047619047619, "40_mean": 5.625, "40_std_dev": 2.8753881725529062, "40_variance": 8.267857142857142, "41_mean": 3.857142857142857, "41_std_dev": 2.5448360411214073, "41_variance": 6.476190476190476, "42_mean": 4.428571428571429, "42_std_dev": 2.63673679998231, "42_variance": 6.9523809523809526, "43_mean": 2, "43_std_dev": 1.224744871391589, "43_variance": 1.5, "44_mean": 3.111111111111111, "44_std_dev": 2.3687784005919825, "44_variance": 5.611111111111111, "45_mean": 3, "45_std_dev": 1.8257418583505538, "45_variance": 3.3333333333333335, "46_mean": 3.25, "46_std_dev": 2.6299556396765835, "46_variance": 6.916666666666667, "47_mean": 2.5, "47_std_dev": 1.1952286093343936, "47_variance": 1.4285714285714286, "48_mean": 3.1666666666666665, "48_std_dev": 2.136976056643281, "48_variance": 4.566666666666666, "49_mean": 3.2222222222222223, "49_std_dev": 2.438123139721299, "49_variance": 5.944444444444445, "50_mean": 3, "50_std_dev": 1.7888543819998317, "50_variance": 3.2, "51_mean": 4, "51_std_dev": 3.687817782917155, "51_variance": 13.6, "52_mean": 4.75, "52_std_dev": 1.9820624179302297, "52_variance": 3.9285714285714284, "53_mean": 3, "53_std_dev": 2.449489742783178, "53_variance": 6, "54_mean": 2.5, "54_std_dev": 1.8408935028645435, "54_variance": 3.388888888888889, "55_mean": 5.25, "55_std_dev": 1.707825127659933, "55_variance": 2.9166666666666665, "56_mean": 3.0833333333333335, "56_std_dev": 1.9286515936521478, "56_variance": 3.7196969696969697, "57_mean": 3.8, "57_std_dev": 2.3874672772626644, "57_variance": 5.7, "58_mean": 5.5, "58_std_dev": 1.7320508075688772, "58_variance": 3.0, "59_mean": 5, "59_std_dev": 3.3166247903554, "59_variance": 11, "60_mean": 3, "60_std_dev": 2.9154759474226504, "60_variance": 8.5, "61_mean": 4.1, "61_std_dev": 3.2812599206199233, "61_variance": 10.766666666666666, "62_mean": 4.5, "62_std_dev": 2.8809720581775866, "62_variance": 8.3, "63_mean": 4.8, "63_std_dev": 2.3874672772626644, "63_variance": 5.7, "64_mean": 4, "64_std_dev": 3.265986323710904, "64_variance": 10.666666666666666, "65_mean": 3.625, "65_std_dev": 2.326094212561969, "65_variance": 5.410714285714286, "66_mean": 4.2, "66_std_dev": 2.863564212655271, "66_variance": 8.200000000000001, "67_mean": 3.6, "67_std_dev": 1.6733200530681511, "67_variance": 2.8, "68_mean": 2.7142857142857144, "68_std_dev": 1.7043362064926935, "68_variance": 2.904761904761905, "69_mean": 3, "69_std_dev": 2.486326242032244, "69_variance": 6.181818181818182, "70_mean": 2, "70_std_dev": 0.816496580927726, "70_variance": 0.6666666666666666, "71_mean": 2.7142857142857144, "71_std_dev": 1.2535663410560174, "71_variance": 1.5714285714285714, "72_mean": 2.625, "72_std_dev": 1.685018016012207, "72_variance": 2.8392857142857144, "73_mean": 3, "73_std_dev": 3.265986323710904, "73_variance": 10.666666666666666, "74_mean": 2.7142857142857144, "74_std_dev": 1.889822365046136, "74_variance": 3.571428571428571, "75_mean": 2.6666666666666665, "75_std_dev": 1.5, "75_variance": 2.25, "76_mean": 3.6, "76_std_dev": 2.6076809620810595, "76_variance": 6.8, "77_mean": 2.25, "77_std_dev": 1.3568010505999362, "77_variance": 1.8409090909090908, "78_mean": 3.75, "78_std_dev": 2.490892501603683, "78_variance": 6.204545454545454, "79_mean": 2.272727272727273, "79_std_dev": 1.348399724926484, "79_variance": 1.8181818181818181, "80_mean": 4.909090909090909, "80_std_dev": 2.8444523358476395, "80_variance": 8.090909090909092}