{"avg_psfpl": 0.7490597716588314, "avg_psfp2l": 0.751443922095366, "avg_psfp3l": 0.7520819341840161, "avg_psfp4l": 0.7474143720617864, "avg_psfp5l": 0.7488918737407656, "avg_psfp6l": 0.7539623908663533, "avg_psfp7l": 0.7497313633310947, "avg_psfp8l": 0.7524848891873741, "avg_psfp9l": 0.7491269308260577, "avg_psfp10l": 0.7502350570852921, "std_dev_psfpl": 0.08509041554382576, "std_dev_psfp2l": 0.08445904542735079, "std_dev_psfp3l": 0.08280834364302657, "std_dev_psfp4l": 0.0835918516941042, "std_dev_psfp5l": 0.0854332396392857, "std_dev_psfp6l": 0.08196438174551846, "std_dev_psfp7l": 0.08380201219664886, "std_dev_psfp8l": 0.08404590203691113, "std_dev_psfp9l": 0.08544579890071151, "std_dev_psfp10l": 0.08190612959891193, "variance_psfpl": 0.007240378817420945, "variance_psfp2l": 0.007133330354499303, "variance_psfp3l": 0.00685722177690158, "variance_psfp4l": 0.006987597669649112, "variance_psfp5l": 0.007298838435263619, "variance_psfp6l": 0.006718159874925079, "variance_psfp7l": 0.007022777248207285, "variance_psfp8l": 0.007063713649198063, "variance_psfp9l": 0.007300984549780831, "variance_psfp10l": 0.006708614065873756}