{"avg_psfip2": 0.564002686366689, "avg_psfip3": 0.4237407656145064, "avg_psfip4": 0.3154130288784419, "avg_psfip5": 0.23626595030221625, "avg_psfip6": 0.1775352585627938, "avg_psfip7": 0.13233713901947616, "avg_psfip8": 0.0987239758226998, "avg_psfip9": 0.07568838146406985, "avg_psfip10": 0.05654801880456683, "std_dev_psfip2": 0.0997326533454125, "std_dev_psfip3": 0.10081410530099073, "std_dev_psfip4": 0.09759807235792985, "std_dev_psfip5": 0.08917045521426083, "std_dev_psfip6": 0.07923124586839779, "std_dev_psfip7": 0.07066536103454522, "std_dev_psfip8": 0.06440680289729515, "std_dev_psfip9": 0.056647605560388475, "std_dev_psfip10": 0.05049257914612407, "variance_psfip2": 0.009946602143316217, "variance_psfip3": 0.010163483827639248, "variance_psfip4": 0.00952538372798371, "variance_psfip5": 0.007951370083118496, "variance_psfip6": 0.006277590321858503, "variance_psfip7": 0.004993593250142623, "variance_psfip8": 0.004148236259451028, "variance_psfip9": 0.003208951215725355, "variance_psfip10": 0.002549500548827603}