{"avg_psfpw": 0.2509402283411686, "avg_psfp2w": 0.248556077904634, "avg_psfp3w": 0.24791806581598388, "avg_psfp4w": 0.25258562793821354, "avg_psfp5w": 0.2511081262592344, "avg_psfp6w": 0.24603760913364675, "avg_psfp7w": 0.2502686366689053, "avg_psfp8w": 0.24751511081262592, "avg_psfp9w": 0.25087306917394225, "avg_psfp10w": 0.24976494291470785, "std_dev_psfpw": 0.08509041554382575, "std_dev_psfp2w": 0.08445904542735078, "std_dev_psfp3w": 0.08280834364302657, "std_dev_psfp4w": 0.0835918516941042, "std_dev_psfp5w": 0.0854332396392857, "std_dev_psfp6w": 0.08196438174551844, "std_dev_psfp7w": 0.08380201219664886, "std_dev_psfp8w": 0.08404590203691113, "std_dev_psfp9w": 0.0854457989007115, "std_dev_psfp10w": 0.08190612959891191, "variance_psfpw": 0.007240378817420943, "variance_psfp2w": 0.0071333303544993025, "variance_psfp3w": 0.006857221776901579, "variance_psfp4w": 0.006987597669649111, "variance_psfp5w": 0.007298838435263617, "variance_psfp6w": 0.006718159874925077, "variance_psfp7w": 0.007022777248207284, "variance_psfp8w": 0.007063713649198062, "variance_psfp9w": 0.007300984549780829, "variance_psfp10w": 0.006708614065873755}