{"avg_ppls": 0.24968659055294382, "avg_pp2ls": 0.25048130736512203, "avg_pp3ls": 0.2506939780613387, "avg_pp4ls": 0.24913812402059549, "avg_pp5ls": 0.2496306245802552, "avg_pp6ls": 0.25132079695545106, "avg_pp7ls": 0.24991045444369822, "avg_pp8ls": 0.25082829639579135, "avg_pp9ls": 0.24970897694201924, "avg_pp10ls": 0.25007835236176407, "std_dev_ppls": 0.028363471847941916, "std_dev_pp2ls": 0.028153015142450256, "std_dev_pp3ls": 0.027602781214342186, "std_dev_pp4ls": 0.027863950564701395, "std_dev_pp5ls": 0.028477746546428564, "std_dev_pp6ls": 0.027321460581839478, "std_dev_pp7ls": 0.027934004065549613, "std_dev_pp8ls": 0.028015300678970373, "std_dev_pp9ls": 0.028481932966903826, "std_dev_pp10ls": 0.0273020431996373, "variance_ppls": 0.0008044865352689935, "variance_pp2ls": 0.0007925922616110335, "variance_pp3ls": 0.0007619135307668418, "variance_pp4ls": 0.0007763997410721233, "variance_pp5ls": 0.0008109820483626239, "variance_pp6ls": 0.0007464622083250083, "variance_pp7ls": 0.0007803085831341424, "variance_pp8ls": 0.0007848570721331178, "variance_pp9ls": 0.000811220505531203, "variance_pp10ls": 0.0007454015628748614}