{"avg_pip2ls": 0.2505355883345185, "avg_pip3ls": 0.25120828865003747, "avg_pip4ls": 0.24948898369526779, "avg_pip5ls": 0.24924904836241854, "avg_pip6ls": 0.24955789344997895, "avg_pip7ls": 0.24844772003741702, "avg_pip8ls": 0.24622556012750774, "avg_pip9ls": 0.25212647324281484, "avg_pip10ls": 0.25005093376126464, "std_dev_pip2ls": 0.04323904076563167, "std_dev_pip3ls": 0.05784653049002432, "std_dev_pip4ls": 0.07312553536531488, "std_dev_pip5ls": 0.08851555389805818, "std_dev_pip6ls": 0.10496763716360658, "std_dev_pip7ls": 0.12548702893755678, "std_dev_pip8ls": 0.15289799413657937, "std_dev_pip9ls": 0.18412052080598695, "std_dev_pip10ls": 0.22274052834032912, "variance_pip2ls": 0.0018696146463319573, "variance_pip3ls": 0.003346221089733313, "variance_pip4ls": 0.005347343922463918, "variance_pip5ls": 0.007835003281880044, "variance_pip6ls": 0.01101820485171056, "variance_pip7ls": 0.015746994431575213, "variance_pip8ls": 0.02337779661098946, "variance_pip9ls": 0.033900366181867876, "variance_pip10ls": 0.04961334296532896}