{"avg_ppws": 0.2509402283411686, "avg_pp2ws": 0.248556077904634, "avg_pp3ws": 0.24791806581598388, "avg_pp4ws": 0.25258562793821354, "avg_pp5ws": 0.2511081262592344, "avg_pp6ws": 0.24603760913364675, "avg_pp7ws": 0.2502686366689053, "avg_pp8ws": 0.24751511081262592, "avg_pp9ws": 0.25087306917394225, "avg_pp10ws": 0.24976494291470785, "std_dev_ppws": 0.08509041554382575, "std_dev_pp2ws": 0.08445904542735078, "std_dev_pp3ws": 0.08280834364302657, "std_dev_pp4ws": 0.0835918516941042, "std_dev_pp5ws": 0.0854332396392857, "std_dev_pp6ws": 0.08196438174551844, "std_dev_pp7ws": 0.08380201219664886, "std_dev_pp8ws": 0.08404590203691113, "std_dev_pp9ws": 0.0854457989007115, "std_dev_pp10ws": 0.08190612959891191, "variance_ppws": 0.007240378817420943, "variance_pp2ws": 0.0071333303544993025, "variance_pp3ws": 0.006857221776901579, "variance_pp4ws": 0.006987597669649111, "variance_pp5ws": 0.007298838435263617, "variance_pp6ws": 0.006718159874925077, "variance_pp7ws": 0.007022777248207284, "variance_pp8ws": 0.007063713649198062, "variance_pp9ws": 0.007300984549780829, "variance_pp10ws": 0.006708614065873755}