{"avg_pip2lrns": 0.25089440708427396, "avg_psfip2lrn": 0.32132303559435865, "std_dev_pip2lrns": 0.0924008236733496, "std_dev_psfip2lrn": 0.20592776819138392, "variance_pip2lrns": 0.008537912215513444, "variance_psfip2lrn": 0.04240624571228435}