{"avg_prns": 0.25120059841462616, "avg_psfrn": 0.38562793821356617, "avg_draws_per_round": 8.814569536423841, "std_dev_prns": 0.0909840412645927, "std_dev_psfrn": 0.30207329928953147, "std_dev_draws_per_round": 1.1911001833595347, "variance_prns": 0.008278095764837108, "variance_psfrn": 0.09124827814366285, "variance_draws_per_round": 1.418719646799117}