{"2": 3.9906291834002676, "3": 3.783817951959545, "5": 4.1353591160221, "7": 3.90234375, "8": 3.911227154046997, "11": 3.8301404853128993, "15": 3.9867021276595747, "19": 4.054127198917456, "20": 3.9086161879895562, "22": 3.8324808184143224, "32": 4.108219178082192, "47": 4.052702702702702, "48": 3.961690885072655, "59": 3.8733850129198966, "62": 3.7853535353535355, "68": 4.0528455284552845, "70": 3.8821243523316062, "71": 4.102739726027397, "73": 4.069199457259159, "80": 3.887012987012987, "4": 4.2358757062146895, "6": 3.7758186397984885, "10": 3.9202614379084966, "16": 3.9394736842105265, "21": 3.768553459119497, "45": 4.1479944674965425, "51": 3.883419689119171, "53": 4.021476510067114, "56": 3.7251243781094527, "57": 3.86340206185567, "61": 4.04871447902571, "65": 3.9343832020997374, "72": 4.060975609756097, "77": 4.009370816599732, "13": 3.9986595174262733, "17": 4.203366058906031, "18": 3.9577278731836194, "25": 3.970860927152318, "31": 3.753441802252816, "33": 3.912532637075718, "41": 4.03099730458221, "43": 3.927916120576671, "50": 4.230225988700565, "60": 4.272467902995721, "63": 3.8619354838709676, "64": 3.970860927152318, "67": 4.094262295081967, "69": 4.063685636856369, "78": 3.926509186351706, "28": 3.8746770025839794, "37": 4.12242090784044, "39": 3.951187335092348, "42": 3.994666666666667, "46": 4.1479944674965425, "52": 3.8970013037809648, "54": 3.772327044025157, "58": 4.357558139534884, "74": 4.215492957746479, "79": 3.9395532194480944, "12": 3.9564643799472297, "35": 4.020107238605898, "55": 4.1479944674965425, "76": 4.255681818181818, "14": 4.274678111587983, "24": 4.021476510067114, "29": 4.036388140161725, "30": 3.9577278731836194, "44": 4.25, "9": 4.034993270524899, "23": 4.034993270524899, "49": 4.115702479338843, "1": 4.184357541899441, "26": 3.981382978723404, "27": 4.062415196743555, "40": 3.9356955380577427, "66": 3.9138381201044385, "38": 3.8178343949044584, "75": 3.940867279894875, "36": 4.091405184174625, "34": 4.014725568942437, "avg_over_all": 3.999282744372093}