{"avg_ppws": 0.2539478086316494, "avg_pp2ws": 0.25130478420876545, "avg_pp3ws": 0.2500836400133824, "avg_pp4ws": 0.25143860823017733, "avg_pp5ws": 0.24961525593844094, "avg_pp6ws": 0.2501338240214118, "avg_pp7ws": 0.25132151221144194, "avg_pp8ws": 0.2498494479759117, "avg_pp9ws": 0.2513549682167949, "avg_pp10ws": 0.24856139176982267, "std_dev_ppws": 0.08604701218484735, "std_dev_pp2ws": 0.08666031669196622, "std_dev_pp3ws": 0.0839883476052844, "std_dev_pp4ws": 0.08350146489791142, "std_dev_pp5ws": 0.0856545346845367, "std_dev_pp6ws": 0.08695916518171165, "std_dev_pp7ws": 0.0830059432936978, "std_dev_pp8ws": 0.08523420810599194, "std_dev_pp9ws": 0.08468188440131114, "std_dev_pp10ws": 0.08366163040373199, "variance_ppws": 0.007404088305939269, "variance_pp2ws": 0.007510010489151879, "variance_pp3ws": 0.007054042533466082, "variance_pp4ws": 0.006972494640097133, "variance_pp5ws": 0.0073366993120244995, "variance_pp6ws": 0.007561896409100212, "variance_pp7ws": 0.006889986622076574, "variance_pp8ws": 0.007264870231455542, "variance_pp9ws": 0.007171021545757022, "variance_pp10ws": 0.0069992684018106545}