{"avg_psfpl": 0.7460521913683507, "avg_psfp2l": 0.7486952157912345, "avg_psfp3l": 0.7499163599866177, "avg_psfp4l": 0.7485613917698227, "avg_psfp5l": 0.7503847440615591, "avg_psfp6l": 0.7498661759785882, "avg_psfp7l": 0.7486784877885581, "avg_psfp8l": 0.7501505520240883, "avg_psfp9l": 0.7486450317832051, "avg_psfp10l": 0.7514386082301773, "std_dev_psfpl": 0.08604701218484737, "std_dev_psfp2l": 0.08666031669196622, "std_dev_psfp3l": 0.08398834760528441, "std_dev_psfp4l": 0.08350146489791144, "std_dev_psfp5l": 0.08565453468453671, "std_dev_psfp6l": 0.08695916518171166, "std_dev_psfp7l": 0.0830059432936978, "std_dev_psfp8l": 0.08523420810599194, "std_dev_psfp9l": 0.08468188440131114, "std_dev_psfp10l": 0.083661630403732, "variance_psfpl": 0.00740408830593927, "variance_psfp2l": 0.00751001048915188, "variance_psfp3l": 0.007054042533466083, "variance_psfp4l": 0.006972494640097135, "variance_psfp5l": 0.007336699312024501, "variance_psfp6l": 0.007561896409100213, "variance_psfp7l": 0.006889986622076576, "variance_psfp8l": 0.007264870231455543, "variance_psfp9l": 0.0071710215457570226, "variance_psfp10l": 0.006999268401810656}