{"avg_ppls": 0.2486840637894502, "avg_pp2ls": 0.2495650719304115, "avg_pp3ls": 0.2499721199955392, "avg_pp4ls": 0.24952046392327423, "avg_pp5ls": 0.2501282480205197, "avg_pp6ls": 0.2499553919928627, "avg_pp7ls": 0.24955949592951934, "avg_pp8ls": 0.2500501840080294, "avg_pp9ls": 0.24954834392773503, "avg_pp10ls": 0.2504795360767258, "std_dev_ppls": 0.028682337394949114, "std_dev_pp2ls": 0.028886772230655403, "std_dev_pp3ls": 0.02799611586842813, "std_dev_pp4ls": 0.02783382163263714, "std_dev_pp5ls": 0.028551511561512227, "std_dev_pp6ls": 0.02898638839390388, "std_dev_pp7ls": 0.02766864776456593, "std_dev_pp8ls": 0.02841140270199731, "std_dev_pp9ls": 0.02822729480043704, "std_dev_pp10ls": 0.02788721013457733, "variance_ppls": 0.0008226764784376963, "variance_pp2ls": 0.0008344456099057641, "variance_pp3ls": 0.0007837825037184534, "variance_pp4ls": 0.0007747216266774591, "variance_pp5ls": 0.0008151888124471664, "variance_pp6ls": 0.0008402107121222456, "variance_pp7ls": 0.0007655540691196191, "variance_pp8ls": 0.00080720780349506, "variance_pp9ls": 0.0007967801717507799, "variance_pp10ls": 0.0007776964890900725}