{"avg_psfip2": 0.5604382736701238, "avg_psfip3": 0.42149548343927734, "avg_psfip4": 0.31647708263633323, "avg_psfip5": 0.2390766142522583, "avg_psfip6": 0.18006022080963532, "avg_psfip7": 0.13447641351622616, "avg_psfip8": 0.10160588825694213, "avg_psfip9": 0.07546002007360321, "avg_psfip10": 0.05655737704918033, "std_dev_psfip2": 0.10090674227412268, "std_dev_psfip3": 0.10138996381327413, "std_dev_psfip4": 0.09704641459837209, "std_dev_psfip5": 0.08992197170748532, "std_dev_psfip6": 0.08282291305223, "std_dev_psfip7": 0.07366551632593478, "std_dev_psfip8": 0.06572449631952086, "std_dev_psfip9": 0.057218235993902744, "std_dev_psfip10": 0.0503218403918921, "variance_psfip2": 0.010182170636376216, "variance_psfip3": 0.010279924762057038, "variance_psfip4": 0.009418006586399127, "variance_psfip5": 0.008085960995761792, "variance_psfip6": 0.00685963492645725, "variance_psfip7": 0.005426608295566564, "variance_psfip8": 0.0043197094164547116, "variance_psfip9": 0.003273926530253948, "variance_psfip10": 0.0025322876204270633}