{"avg_pip2ls": 0.24860645446519877, "avg_pip3ls": 0.24891819024559794, "avg_pip4ls": 0.24871049928248498, "avg_pip5ls": 0.2501182067757301, "avg_pip6ls": 0.25102143997066056, "avg_pip7ls": 0.25056421939034346, "avg_pip8ls": 0.2522520475138407, "avg_pip9ls": 0.2521934830477544, "avg_pip10ls": 0.25333935798582263, "std_dev_pip2ls": 0.04358173237752767, "std_dev_pip3ls": 0.05758780013479892, "std_dev_pip4ls": 0.07209471599536185, "std_dev_pip5ls": 0.08825379178012921, "std_dev_pip6ls": 0.107813974550457, "std_dev_pip7ls": 0.12921120115035878, "std_dev_pip8ls": 0.1556608083152008, "std_dev_pip9ls": 0.1880328052605845, "std_dev_pip10ls": 0.22600797437741524, "variance_pip2ls": 0.001899367397026443, "variance_pip3ls": 0.003316354724365546, "variance_pip4ls": 0.005197648074451884, "variance_pip5ls": 0.007788731763570402, "variance_pip6ls": 0.01162385310836659, "variance_pip7ls": 0.01669553450271848, "variance_pip8ls": 0.02423028724534168, "variance_pip9ls": 0.03535633585416489, "variance_pip10ls": 0.051079604482182385}