{"avg_psfpw": 0.2539478086316494, "avg_psfp2w": 0.25130478420876545, "avg_psfp3w": 0.2500836400133824, "avg_psfp4w": 0.25143860823017733, "avg_psfp5w": 0.24961525593844094, "avg_psfp6w": 0.2501338240214118, "avg_psfp7w": 0.25132151221144194, "avg_psfp8w": 0.2498494479759117, "avg_psfp9w": 0.2513549682167949, "avg_psfp10w": 0.24856139176982267, "std_dev_psfpw": 0.08604701218484735, "std_dev_psfp2w": 0.08666031669196622, "std_dev_psfp3w": 0.0839883476052844, "std_dev_psfp4w": 0.08350146489791142, "std_dev_psfp5w": 0.0856545346845367, "std_dev_psfp6w": 0.08695916518171165, "std_dev_psfp7w": 0.0830059432936978, "std_dev_psfp8w": 0.08523420810599194, "std_dev_psfp9w": 0.08468188440131114, "std_dev_psfp10w": 0.08366163040373199, "variance_psfpw": 0.007404088305939269, "variance_psfp2w": 0.007510010489151879, "variance_psfp3w": 0.007054042533466082, "variance_psfp4w": 0.006972494640097133, "variance_psfp5w": 0.0073366993120244995, "variance_psfp6w": 0.007561896409100212, "variance_psfp7w": 0.006889986622076574, "variance_psfp8w": 0.007264870231455542, "variance_psfp9w": 0.007171021545757022, "variance_psfp10w": 0.0069992684018106545}