{"avg_pip2lrns": 0.2502651260629715, "avg_psfip2lrn": 0.30274339243894277, "std_dev_pip2lrns": 0.10821380403303597, "std_dev_psfip2lrn": 0.2086423444692441, "variance_pip2lrns": 0.011710227383300312, "variance_psfip2lrn": 0.04353162790562271}