{"avg_prns": 0.24997037110776774, "avg_psfrn": 0.36109066577450655, "avg_draws_per_round": 9.604982206405694, "std_dev_prns": 0.10682539205421936, "std_dev_psfrn": 0.3009633375213438, "std_dev_draws_per_round": 1.4749733955361364, "variance_prns": 0.011411664387537672, "variance_psfrn": 0.09057893053198632, "variance_draws_per_round": 2.1755465175394}