{"1": 4.095628415300546, "2": 4.013404825737266, "3": 3.9946524064171123, "4": 4.1187845303867405, "5": 3.917989417989418, "6": 4.056910569105691, "7": 4.1353591160221, "8": 3.8958333333333335, "9": 4.010723860589812, "10": 3.863049095607235, "11": 3.8081841432225065, "12": 3.754385964912281, "13": 3.725, "14": 3.9138381201044385, "15": 3.9576719576719577, "16": 4.161559888579387, "17": 3.9602122015915118, "18": 4.067934782608695, "19": 3.9656084656084656, "20": 3.9036458333333335, "21": 3.9867021276595747, "22": 3.962962962962963, "23": 4.141666666666667, "24": 3.955145118733509, "25": 4.032345013477089, "26": 4.414201183431953, "27": 4.095628415300546, "28": 3.7562814070351758, "29": 3.8530927835051547, "30": 3.9656084656084656, "31": 3.845758354755784, "32": 3.811704834605598, "33": 4.0625, "34": 3.9343832020997374, "35": 4.021505376344086, "36": 4.008021390374331, "37": 4.101369863013699, "38": 4.018766756032171, "39": 4.092896174863388, "40": 3.665036674816626, "41": 3.6748768472906406, "42": 4.005347593582887, "43": 4.024324324324325, "44": 3.8608247422680413, "45": 4.084468664850136, "46": 3.976063829787234, "47": 4.402941176470589, "48": 4.081967213114754, "49": 4.219718309859155, "50": 4.093150684931507, "51": 4.04054054054054, "52": 4.1754874651810585, "53": 3.7425, "54": 3.906005221932115, "55": 3.853470437017995, "56": 3.7171215880893302, "57": 4.126721763085399, "58": 3.949868073878628, "59": 3.8984375, "60": 4.271428571428571, "61": 3.8333333333333335, "62": 4.390029325513196, "63": 4.152354570637119, "64": 4.158333333333333, "65": 4.193820224719101, "66": 3.745, "67": 3.9525065963060686, "68": 3.7989821882951653, "69": 3.7777777777777777, "70": 4.1353591160221, "71": 3.86340206185567, "72": 3.955145118733509, "73": 4.539393939393939, "74": 3.86340206185567, "75": 4.04054054054054, "76": 4.152777777777778, "77": 4.155555555555556, "78": 3.8733850129198966, "79": 4.219718309859155, "80": 3.8184143222506393, "avg_over_all": 3.9971306176715102}