{"1": {"avg": 4.095628415300546, "std_dev": 3.576043963086875, "variance": 12.788090425930084, "max": 23, "min": 1}, "2": {"avg": 4.013404825737266, "std_dev": 3.4582506049975468, "variance": 11.959497246965897, "max": 22, "min": 0}, "3": {"avg": 3.9946524064171123, "std_dev": 3.264887249638098, "variance": 10.659488752849423, "max": 19, "min": 1}, "4": {"avg": 4.1187845303867405, "std_dev": 3.7349484694956274, "variance": 13.94984006978773, "max": 26, "min": 1}, "5": {"avg": 3.917989417989418, "std_dev": 3.3251942652639843, "variance": 11.056916901744488, "max": 20, "min": 1}, "6": {"avg": 4.056910569105691, "std_dev": 3.560732734058178, "variance": 12.678817603393426, "max": 25, "min": 0}, "7": {"avg": 4.1353591160221, "std_dev": 3.5244957609980747, "variance": 12.4220703692934, "max": 25, "min": 0}, "8": {"avg": 3.8958333333333335, "std_dev": 3.5312234040527444, "variance": 12.469538729329852, "max": 28, "min": 1}, "9": {"avg": 4.010723860589812, "std_dev": 3.506505898241476, "variance": 12.29558361440226, "max": 29, "min": 1}, "10": {"avg": 3.863049095607235, "std_dev": 3.255820456464643, "variance": 10.600366844733637, "max": 21, "min": 1}, "11": {"avg": 3.8081841432225065, "std_dev": 3.2425906905616606, "variance": 10.514394386517148, "max": 20, "min": 1}, "12": {"avg": 3.754385964912281, "std_dev": 3.142323270941264, "variance": 9.874195539099004, "max": 18, "min": 0}, "13": {"avg": 3.725, "std_dev": 3.145490466634611, "variance": 9.894110275689224, "max": 19, "min": 1}, "14": {"avg": 3.9138381201044385, "std_dev": 3.264178359275249, "variance": 10.654860361160855, "max": 23, "min": 0}, "15": {"avg": 3.9576719576719577, "std_dev": 3.189556379405736, "variance": 10.17326989740783, "max": 23, "min": 1}, "16": {"avg": 4.161559888579387, "std_dev": 3.2872827270480696, "variance": 10.806227727548592, "max": 18, "min": 0}, "17": {"avg": 3.9602122015915118, "std_dev": 3.556685038837291, "variance": 12.650008465489023, "max": 33, "min": 1}, "18": {"avg": 4.067934782608695, "std_dev": 3.616982962429253, "variance": 13.082565750503495, "max": 26, "min": 1}, "19": {"avg": 3.9656084656084656, "std_dev": 3.5310494341259426, "variance": 12.468310106241141, "max": 20, "min": 1}, "20": {"avg": 3.9036458333333335, "std_dev": 3.1338440995518444, "variance": 9.82097884029591, "max": 17, "min": 1}, "21": {"avg": 3.9867021276595747, "std_dev": 3.368455040771975, "variance": 11.346489361702128, "max": 17, "min": 1}, "22": {"avg": 3.962962962962963, "std_dev": 3.6269992132690527, "variance": 13.155123293054329, "max": 22, "min": 0}, "23": {"avg": 4.141666666666667, "std_dev": 3.480056590325263, "variance": 12.110793871866296, "max": 21, "min": 1}, "24": {"avg": 3.955145118733509, "std_dev": 3.4265681023972547, "variance": 11.741368960366323, "max": 19, "min": 1}, "25": {"avg": 4.032345013477089, "std_dev": 3.5858625785151523, "variance": 12.858410431995338, "max": 30, "min": 1}, "26": {"avg": 4.414201183431953, "std_dev": 4.145002294179378, "variance": 17.181044018752306, "max": 29, "min": 1}, "27": {"avg": 4.095628415300546, "std_dev": 3.442543264007037, "variance": 11.851104124560223, "max": 23, "min": 1}, "28": {"avg": 3.7562814070351758, "std_dev": 3.122744746508249, "variance": 9.751534751844867, "max": 18, "min": 0}, "29": {"avg": 3.8530927835051547, "std_dev": 3.308678701696328, "variance": 10.9473547510589, "max": 26, "min": 0}, "30": {"avg": 3.9656084656084656, "std_dev": 3.2697280892038525, "variance": 10.691121777328675, "max": 19, "min": 1}, "31": {"avg": 3.845758354755784, "std_dev": 3.169094272574956, "variance": 10.043158508467389, "max": 22, "min": 1}, "32": {"avg": 3.811704834605598, "std_dev": 3.129054984548627, "variance": 9.790985096328608, "max": 26, "min": 1}, "33": {"avg": 4.0625, "std_dev": 3.5845423894396022, "variance": 12.848944141689373, "max": 24, "min": 0}, "34": {"avg": 3.9343832020997374, "std_dev": 3.3597304011719737, "variance": 11.287788368559193, "max": 24, "min": 1}, "35": {"avg": 4.021505376344086, "std_dev": 3.7923983965762043, "variance": 14.382285598353766, "max": 27, "min": 1}, "36": {"avg": 4.008021390374331, "std_dev": 3.556128243656591, "variance": 12.64604808533211, "max": 24, "min": 1}, "37": {"avg": 4.101369863013699, "std_dev": 3.356660311677422, "variance": 11.267168447990366, "max": 21, "min": 0}, "38": {"avg": 4.018766756032171, "std_dev": 3.779852017039797, "variance": 14.287281270719824, "max": 24, "min": 1}, "39": {"avg": 4.092896174863388, "std_dev": 3.342069545874948, "variance": 11.169428849464781, "max": 16, "min": 0}, "40": {"avg": 3.665036674816626, "std_dev": 3.0538909705367954, "variance": 9.32625005992617, "max": 20, "min": 1}, "41": {"avg": 3.6748768472906406, "std_dev": 3.3492522636458277, "variance": 11.217490725536702, "max": 21, "min": 1}, "42": {"avg": 4.005347593582887, "std_dev": 3.0004420160575367, "variance": 9.002652291723416, "max": 16, "min": 1}, "43": {"avg": 4.024324324324325, "std_dev": 3.526431778290996, "variance": 12.435721086940598, "max": 22, "min": 1}, "44": {"avg": 3.8608247422680413, "std_dev": 3.427538775427735, "variance": 11.748022057060657, "max": 29, "min": 1}, "45": {"avg": 4.084468664850136, "std_dev": 3.586701862393707, "variance": 12.864430249698486, "max": 27, "min": 0}, "46": {"avg": 3.976063829787234, "std_dev": 3.472092385279357, "variance": 12.055425531914892, "max": 24, "min": 0}, "47": {"avg": 4.402941176470589, "std_dev": 4.246739877076324, "variance": 18.034799583550235, "max": 34, "min": 1}, "48": {"avg": 4.081967213114754, "std_dev": 3.6375292621735222, "variance": 13.23161913316865, "max": 24, "min": 1}, "49": {"avg": 4.219718309859155, "std_dev": 3.649495736326604, "variance": 13.318819129466062, "max": 25, "min": 1}, "50": {"avg": 4.093150684931507, "std_dev": 3.4668100091178324, "variance": 12.018771639319585, "max": 22, "min": 1}, "51": {"avg": 4.04054054054054, "std_dev": 3.50856168922228, "variance": 12.310005127078298, "max": 26, "min": 1}, "52": {"avg": 4.1754874651810585, "std_dev": 3.4825760587143977, "variance": 12.128336004730707, "max": 22, "min": 1}, "53": {"avg": 3.7425, "std_dev": 2.997274242074875, "variance": 8.983652882205515, "max": 22, "min": 1}, "54": {"avg": 3.906005221932115, "std_dev": 3.245059147239478, "variance": 10.530408869082606, "max": 19, "min": 1}, "55": {"avg": 3.853470437017995, "std_dev": 3.1157431205198987, "variance": 9.707855193067076, "max": 18, "min": 0}, "56": {"avg": 3.7171215880893302, "std_dev": 2.9268663990717756, "variance": 8.566546918015382, "max": 15, "min": 1}, "57": {"avg": 4.126721763085399, "std_dev": 3.577156961982191, "variance": 12.796051930657656, "max": 20, "min": 1}, "58": {"avg": 3.949868073878628, "std_dev": 3.398586499442035, "variance": 11.550390194189667, "max": 21, "min": 1}, "59": {"avg": 3.8984375, "std_dev": 3.3079692770033264, "variance": 10.942660737597912, "max": 20, "min": 0}, "60": {"avg": 4.271428571428571, "std_dev": 3.792321561312573, "variance": 14.381702824396234, "max": 20, "min": 1}, "61": {"avg": 3.8333333333333335, "std_dev": 3.1599057398109434, "variance": 9.985004284490145, "max": 24, "min": 1}, "62": {"avg": 4.390029325513196, "std_dev": 3.801364344743927, "variance": 14.450370881490425, "max": 25, "min": 0}, "63": {"avg": 4.152354570637119, "std_dev": 3.4506925627791487, "variance": 11.907279162819329, "max": 20, "min": 1}, "64": {"avg": 4.158333333333333, "std_dev": 3.6051553152113516, "variance": 12.997144846796658, "max": 25, "min": 1}, "65": {"avg": 4.193820224719101, "std_dev": 3.9158854536234418, "variance": 15.334158885899669, "max": 23, "min": 1}, "66": {"avg": 3.745, "std_dev": 3.1946030616971037, "variance": 10.20548872180451, "max": 19, "min": 0}, "67": {"avg": 3.9525065963060686, "std_dev": 3.3010921387957057, "variance": 10.897209308818807, "max": 21, "min": 1}, "68": {"avg": 3.7989821882951653, "std_dev": 3.3749979564904313, "variance": 11.390611206314588, "max": 22, "min": 1}, "69": {"avg": 3.7777777777777777, "std_dev": 3.386662015346153,