{"1": {"avg": 3.6666666666666665, "std_dev": 2.5, "variance": 6.250000000000001, "max": 9, "min": 1}, "2": {"avg": 2.857142857142857, "std_dev": 1.5735915849388864, "variance": 2.4761904761904763, "max": 5, "min": 1}, "3": {"avg": 3.3333333333333335, "std_dev": 0.5163977794943222, "variance": 0.26666666666666666, "max": 4, "min": 3}, "4": {"avg": 4.3, "std_dev": 3.5605867181937554, "variance": 12.677777777777777, "max": 10, "min": 1}, "5": {"avg": 3.5555555555555554, "std_dev": 3.0459444804161775, "variance": 9.277777777777779, "max": 10, "min": 1}, "6": {"avg": 5, "std_dev": 2.449489742783178, "variance": 6, "max": 10, "min": 2}, "7": {"avg": 4.5, "std_dev": 2.0, "variance": 4.0, "max": 7, "min": 2}, "8": {"avg": 3.9, "std_dev": 2.4244128727957577, "variance": 5.877777777777778, "max": 7, "min": 1}, "9": {"avg": 3.7142857142857144, "std_dev": 3.093772546815388, "variance": 9.571428571428571, "max": 10, "min": 1}, "10": {"avg": 5.166666666666667, "std_dev": 3.8166302763912916, "variance": 14.566666666666666, "max": 11, "min": 2}, "11": {"avg": 2.5, "std_dev": 1.7159383568311668, "variance": 2.9444444444444446, "max": 6, "min": 1}, "12": {"avg": 2.7142857142857144, "std_dev": 1.7994708216848747, "variance": 3.238095238095238, "max": 5, "min": 1}, "13": {"avg": 2.5714285714285716, "std_dev": 1.2724180205607036, "variance": 1.619047619047619, "max": 5, "min": 1}, "14": {"avg": 3.4, "std_dev": 2.0110804171997807, "variance": 4.044444444444444, "max": 8, "min": 1}, "15": {"avg": 2.1666666666666665, "std_dev": 1.9407902170679516, "variance": 3.7666666666666666, "max": 6, "min": 1}, "16": {"avg": 3.6666666666666665, "std_dev": 3.0550504633038935, "variance": 9.333333333333334, "max": 7, "min": 1}, "17": {"avg": 3.1, "std_dev": 2.282785822435191, "variance": 5.211111111111112, "max": 8, "min": 1}, "18": {"avg": 3.2, "std_dev": 1.2292725943057183, "variance": 1.511111111111111, "max": 5, "min": 1}, "19": {"avg": 3.8, "std_dev": 1.9321835661585918, "variance": 3.7333333333333334, "max": 7, "min": 1}, "20": {"avg": 2, "std_dev": 1.1952286093343936, "variance": 1.4285714285714286, "max": 4, "min": 1}, "21": {"avg": 3.6, "std_dev": 2.4083189157584592, "variance": 5.8, "max": 6, "min": 1}, "22": {"avg": 3.6, "std_dev": 2.1705094128132942, "variance": 4.711111111111111, "max": 8, "min": 1}, "23": {"avg": 4.142857142857143, "std_dev": 3.1847852585154217, "variance": 10.142857142857142, "max": 9, "min": 1}, "24": {"avg": 4.2, "std_dev": 2.3874672772626644, "variance": 5.7, "max": 7, "min": 1}, "25": {"avg": 3.5555555555555554, "std_dev": 2.185812841434, "variance": 4.777777777777778, "max": 7, "min": 1}, "26": {"avg": 4.25, "std_dev": 3.2841611235921855, "variance": 10.785714285714286, "max": 10, "min": 1}, "27": {"avg": 2.75, "std_dev": 2.2519832529192065, "variance": 5.071428571428571, "max": 6, "min": 1}, "29": {"avg": 3.2, "std_dev": 3.03315017762062, "variance": 9.2, "max": 7, "min": 1}, "30": {"avg": 2.5, "std_dev": 1.6431676725154984, "variance": 2.7, "max": 4, "min": 1}, "31": {"avg": 3, "std_dev": 3.63318042491699, "variance": 13.2, "max": 10, "min": 1}, "33": {"avg": 4.6, "std_dev": 3.361547262794322, "variance": 11.3, "max": 9, "min": 1}, "34": {"avg": 2, "std_dev": 1.8257418583505538, "variance": 3.3333333333333335, "max": 6, "min": 1}, "35": {"avg": 2.6363636363636362, "std_dev": 1.9632996344280855, "variance": 3.854545454545454, "max": 7, "min": 1}, "36": {"avg": 5.857142857142857, "std_dev": 2.9113897843110044, "variance": 8.476190476190476, "max": 11, "min": 3}, "37": {"avg": 3.375, "std_dev": 2.669269563007828, "variance": 7.125, "max": 8, "min": 1}, "38": {"avg": 3.4444444444444446, "std_dev": 2.351122663277647, "variance": 5.527777777777778, "max": 8, "min": 1}, "39": {"avg": 1.8, "std_dev": 1.0954451150103321, "variance": 1.2, "max": 3, "min": 1}, "40": {"avg": 3.857142857142857, "std_dev": 3.078342163598854, "variance": 9.476190476190474, "max": 9, "min": 1}, "41": {"avg": 3.625, "std_dev": 2.065879266282796, "variance": 4.267857142857143, "max": 7, "min": 1}, "42": {"avg": 3.8, "std_dev": 2.16794833886788, "variance": 4.7, "max": 6, "min": 1}, "43": {"avg": 3.3333333333333335, "std_dev": 3.122498999199199, "variance": 9.75, "max": 9, "min": 1}, "44": {"avg": 3, "std_dev": 1.7888543819998317, "variance": 3.2, "max": 6, "min": 1}, "45": {"avg": 4.333333333333333, "std_dev": 3.391164991562634, "variance": 11.5, "max": 12, "min": 1}, "46": {"avg": 2.888888888888889, "std_dev": 1.7638342073763937, "variance": 3.111111111111111, "max": 6, "min": 1}, "47": {"avg": 3.5, "std_dev": 2.409915415049314, "variance": 5.8076923076923075, "max": 9, "min": 1}, "48": {"avg": 4.666666666666667, "std_dev": 2.804757862395017, "variance": 7.866666666666666, "max": 8, "min": 1}, "49": {"avg": 3.111111111111111, "std_dev": 2.0275875100994063, "variance": 4.111111111111111, "max": 6, "min": 1}, "50": {"avg": 2.625, "std_dev": 1.9226098333849673, "variance": 3.6964285714285716, "max": 6, "min": 1}, "51": {"avg": 3.2, "std_dev": 1.9321835661585918, "variance": 3.7333333333333334, "max": 8, "min": 1}, "52": {"avg": 2.5, "std_dev": 2.173067468400883, "variance": 4.722222222222222, "max": 7, "min": 1}, "54": {"avg": 3.1666666666666665, "std_dev": 1.834847859269718, "variance": 3.3666666666666667, "max": 5, "min": 1}, "55": {"avg": 2.857142857142857, "std_dev": 2.0354009783964293, "variance": 4.142857142857142, "max": 5, "min": 1}, "56": {"avg": 2.2857142857142856, "std_dev": 1.2535663410560174, "variance": 1.5714285714285714, "max": 4, "min": 1}, "57": {"avg": 2.5, "std_dev": 2.173067468400883, "variance": 4.722222222222222, "max": 8, "min": 1}, "58": {"avg": 4.428571428571429, "std_dev": 3.4572215654165053, "variance": 11.952380952380953, "max": 9, "min": 1}, "59": {"avg": 3.3333333333333335, "std_dev": 2.250925735484551, "variance": 5.066666666666666, "max": 7, "min": 1}, "60": {"avg": 3.7, "std_dev": 2.7908580918579307, "variance": 7.788888888888889, "max": 10, "min": 1}, "61": {"avg": 4.333333333333333, "std_dev": 2.422120283277993, "variance": 5.866666666666666, "max": 7, "min": 1}, "62": {"avg": 3.5454545454545454, "std_dev": 2.2074254852038093, "variance": 4.872727272727273, "max": 7, "min": 1}, "63": {"avg": 2.4285714285714284, "std_dev": 2.5071326821120348, "variance": 6.285714285714285, "max": 8, "min": 1}, "64": {"avg": 2.875, "std_dev": 2.1671244937540095, "variance": 4.696428571428571, "max": 7, "min": 1}, "65": {"avg": 6.2, "std_dev": 3.489667287547307, "variance": 12.177777777777779, "max": 11, "min": 1}, "66": {"avg": 2.5, "std_dev": 2.390457218668787, "variance": 5.714285714285714, "max": 8, "min": 1}, "67": {"avg": 3.4444444444444446, "std_dev": 2.185812841434, "variance": 4.777777777777778, "max": 8, "min": 1}, "68": {"avg": 2.272727272727273, "std_dev": 2.053821272209882, "variance": 4.218181818181818, "max": 8, "min": 1}, "69": {"avg": 4, "std_dev": 2.23606797749979, "variance": 5, "max": 7, "min": 1}, "70": {"avg": 4.181818181818182, "std_dev": 2.7136021011998723, "variance": 7.363636363636363, "max": 10, "min": 1}, "71": {"avg": 3.111111111111111, "std_dev": 2.3687784005919825, "variance": 5.611111111111111, "max": 7, "min": 1}, "72": {"avg": 4, "std_dev": 2.160246899469287, "variance": 4.666666666666667, "max": 7, "min": 2}, "73": {"avg": 3.8125, "std_dev": 3.25, "variance": 10.5625, "max": 9, "min": 1}, "74": {"avg": 3.6, "std_dev": 3.2093613071762426, "variance": 10.3, "max": 9, "min": 1}, "75": {"avg": 3.3636363636363638, "std_dev": 2.1105794120443453, "variance": 4.454545454545455, "max": 7, "min": 1}, "76": {"avg": 4.444444444444445, "std_dev": 4.245913067618999, "variance": 18.02777777777778, "max": 12, "min": 1}, "77": {"avg": 4.571428571428571, "std_dev": 2.9358214555806383, "variance": 8.619047619047619, "max": 8, "min": 1}, "78": {"avg": 3.3333333333333335, "std_dev": 2.229281716090851, "variance": 4.96969696969697, "max": 8, "min": 1}, "79": {"avg": 4, "std_dev": 4.560701700396552, "variance": 20.8, "max": 12, "min": 1},