{"avg_psfpw": 0.24993284083277367, "avg_psfp2w": 0.24909335124244458, "avg_psfp3w": 0.24758226997985225, "avg_psfp4w": 0.25104096709200807, "avg_psfp5w": 0.24459368703828072, "avg_psfp6w": 0.2511752854264607, "avg_psfp7w": 0.2476158495634654, "avg_psfp8w": 0.25060443250503694, "avg_psfp9w": 0.2504701141705843, "avg_psfp10w": 0.25285426460711885, "std_dev_psfpw": 0.08410260504162251, "std_dev_psfp2w": 0.08843120474830948, "std_dev_psfp3w": 0.08521910475044539, "std_dev_psfp4w": 0.08458423976290386, "std_dev_psfp5w": 0.08221962450454343, "std_dev_psfp6w": 0.08564839371388473, "std_dev_psfp7w": 0.08443772067834196, "std_dev_psfp8w": 0.08357943235388572, "std_dev_psfp9w": 0.08505481676479511, "std_dev_psfp10w": 0.08136259516561134, "variance_psfpw": 0.007073248174787148, "variance_psfp2w": 0.007820077973237433, "variance_psfp3w": 0.007262295814467384, "variance_psfp4w": 0.007154493616268406, "variance_psfp5w": 0.006760066653668117, "variance_psfp6w": 0.007335647345768611, "variance_psfp7w": 0.0071297286733536976, "variance_psfp8w": 0.00698552151259776, "variance_psfp9w": 0.00723432185489287, "variance_psfp10w": 0.006619871892083161}