{"avg_pip2ls": 0.2499543363625606, "avg_pip3ls": 0.2505670730158916, "avg_pip4ls": 0.24940139917539195, "avg_pip5ls": 0.2510772769554219, "avg_pip6ls": 0.25124481122221, "avg_pip7ls": 0.2525196554548541, "avg_pip8ls": 0.254635980391521, "avg_pip9ls": 0.25808403252959705, "avg_pip10ls": 0.2522261293361901, "std_dev_pip2ls": 0.044360430785365015, "std_dev_pip3ls": 0.058875380883404466, "std_dev_pip4ls": 0.07327300781071136, "std_dev_pip5ls": 0.08871724181935106, "std_dev_pip6ls": 0.10667259045413044, "std_dev_pip7ls": 0.13048960878768182, "std_dev_pip8ls": 0.1604287487222754, "std_dev_pip9ls": 0.1942767519218759, "std_dev_pip10ls": 0.23188773116528347, "variance_pip2ls": 0.00196784781946316, "variance_pip3ls": 0.0034663104741659476, "variance_pip4ls": 0.005368933673628569, "variance_pip5ls": 0.007870748996033213, "variance_pip6ls": 0.01137904155419464, "variance_pip7ls": 0.017027538001562245, "variance_pip8ls": 0.02573738341659498, "variance_pip9ls": 0.037743456337314116, "variance_pip10ls": 0.053771919864982774}