{"avg_psfip2": 0.5624916051040967, "avg_psfip3": 0.42280053727333783, "avg_psfip4": 0.3150772330423103, "avg_psfip5": 0.23801208865010073, "avg_psfip6": 0.1787441235728677, "avg_psfip7": 0.133948959032908, "avg_psfip8": 0.10134318334452654, "avg_psfip9": 0.07662860980523842, "avg_psfip10": 0.0558428475486904, "std_dev_psfip2": 0.10249788925529241, "std_dev_psfip3": 0.10323536944810867, "std_dev_psfip4": 0.09640380504846617, "std_dev_psfip5": 0.08913984038626561, "std_dev_psfip6": 0.0812153628034533, "std_dev_psfip7": 0.07273173994357225, "std_dev_psfip8": 0.0662063085453614, "std_dev_psfip9": 0.0588400169519644, "std_dev_psfip10": 0.05036271146259415, "variance_psfip2": 0.010505817301790187, "variance_psfip3": 0.010657541505087489, "variance_psfip4": 0.009293693627822671, "variance_psfip5": 0.00794591114408891, "variance_psfip6": 0.006595935155296547, "variance_psfip7": 0.005289905995219423, "variance_psfip8": 0.004383275291203593, "variance_psfip9": 0.0034621475949074576, "variance_psfip10": 0.002536402705864512}