{"avg_psfpl": 0.7500671591672263, "avg_psfp2l": 0.7509066487575554, "avg_psfp3l": 0.7524177300201478, "avg_psfp4l": 0.7489590329079919, "avg_psfp5l": 0.7554063129617192, "avg_psfp6l": 0.7488247145735393, "avg_psfp7l": 0.7523841504365346, "avg_psfp8l": 0.749395567494963, "avg_psfp9l": 0.7495298858294157, "avg_psfp10l": 0.7471457353928811, "std_dev_psfpl": 0.08410260504162252, "std_dev_psfp2l": 0.08843120474830948, "std_dev_psfp3l": 0.08521910475044539, "std_dev_psfp4l": 0.08458423976290386, "std_dev_psfp5l": 0.08221962450454344, "std_dev_psfp6l": 0.08564839371388475, "std_dev_psfp7l": 0.08443772067834196, "std_dev_psfp8l": 0.08357943235388574, "std_dev_psfp9l": 0.08505481676479511, "std_dev_psfp10l": 0.08136259516561134, "variance_psfpl": 0.00707324817478715, "variance_psfp2l": 0.007820077973237433, "variance_psfp3l": 0.007262295814467385, "variance_psfp4l": 0.007154493616268407, "variance_psfp5l": 0.006760066653668119, "variance_psfp6l": 0.007335647345768612, "variance_psfp7l": 0.007129728673353698, "variance_psfp8l": 0.006985521512597761, "variance_psfp9l": 0.007234321854892871, "variance_psfp10l": 0.006619871892083163}