{"avg_ppls": 0.2500223863890754, "avg_pp2ls": 0.2503022162525185, "avg_pp3ls": 0.2508059100067159, "avg_pp4ls": 0.24965301096933065, "avg_pp5ls": 0.2518021043205731, "avg_pp6ls": 0.24960823819117975, "avg_pp7ls": 0.2507947168121782, "avg_pp8ls": 0.24979852249832102, "avg_pp9ls": 0.2498432952764719, "avg_pp10ls": 0.2490485784642937, "std_dev_ppls": 0.028034201680540834, "std_dev_pp2ls": 0.02947706824943649, "std_dev_pp3ls": 0.02840636825014846, "std_dev_pp4ls": 0.028194746587634614, "std_dev_pp5ls": 0.027406541501514472, "std_dev_pp6ls": 0.02854946457129491, "std_dev_pp7ls": 0.02814590689278065, "std_dev_pp8ls": 0.02785981078462857, "std_dev_pp9ls": 0.02835160558826503, "std_dev_pp10ls": 0.027120865055203773, "variance_ppls": 0.0007859164638652385, "variance_pp2ls": 0.0008688975525819368, "variance_pp3ls": 0.0008069217571630425, "variance_pp4ls": 0.0007949437351409337, "variance_pp5ls": 0.000751118517074235, "variance_pp6ls": 0.0008150719273076233, "variance_pp7ls": 0.0007921920748170773, "variance_pp8ls": 0.0007761690569553064, "variance_pp9ls": 0.0008038135394325409, "variance_pp10ls": 0.0007355413213425732}