{"avg_pip2lrns": 0.2528182417809018, "avg_psfip2lrn": 0.322632639355272, "std_dev_pip2lrns": 0.10003935949120292, "std_dev_psfip2lrn": 0.20466219225673532, "variance_pip2lrns": 0.010007873447410132, "variance_psfip2lrn": 0.041886612939332886}