{"avg_prns": 0.2534556151755752, "avg_psfrn": 0.388482202820685, "avg_draws_per_round": 8.763157894736842, "std_dev_prns": 0.09841330827612506, "std_dev_psfrn": 0.30180346113345613, "std_dev_draws_per_round": 1.2273745311863082, "variance_prns": 0.009685179245851624, "variance_psfrn": 0.09108532915213358, "variance_draws_per_round": 1.50644823980481}