{"1": 3.850515463917526, "2": 4.219718309859155, "6": 4.081967213114754, "7": 4.277142857142858, "20": 3.6921182266009853, "27": 4.051490514905149, "28": 3.8932291666666665, "30": 4.002688172043011, "31": 3.8239795918367347, "35": 3.9343832020997374, "36": 4.051351351351351, "40": 3.962864721485411, "46": 4.207865168539326, "49": 3.86340206185567, "59": 4.12396694214876, "63": 3.976063829787234, "69": 4.222535211267606, "70": 4.393491124260355, "76": 3.818877551020408, "80": 3.942105263157895, "5": 3.6447688564476888, "13": 3.9867021276595747, "15": 3.8091603053435112, "18": 4.043243243243243, "19": 3.7022332506203472, "23": 3.9973262032085564, "25": 4.051630434782608, "26": 3.9010416666666665, "29": 3.8883116883116884, "33": 3.9343832020997374, "34": 4.184357541899441, "37": 3.992, "48": 4.032432432432432, "51": 3.728855721393035, "54": 4.15, "60": 4.092896174863388, "74": 4.010723860589812, "3": 4.032345013477089, "4": 3.997333333333333, "14": 4.035040431266847, "24": 3.9525065963060686, "43": 3.8435897435897437, "53": 3.782828282828283, "66": 4.155555555555556, "72": 3.883419689119171, "73": 4.124309392265193, "78": 4.032345013477089, "79": 3.748110831234257, "12": 3.9393139841688654, "21": 4.087431693989071, "39": 4.132596685082873, "50": 4.095628415300546, "52": 3.9343832020997374, "61": 3.7732997481108312, "62": 3.7949367088607593, "9": 4.140883977900552, "11": 3.6350364963503647, "22": 4.04054054054054, "32": 3.8286445012787724, "38": 4.141274238227147, "42": 3.9656084656084656, "56": 4.190476190476191, "57": 4.253561253561253, "67": 4.0653950953678475, "77": 4.2585227272727275, "10": 4.161111111111111, "45": 3.806122448979592, "55": 4.070652173913044, "58": 4.163380281690141, "71": 4.17877094972067, "75": 4.149584487534626, "16": 4.2701149425287355, "68": 3.770780856423174, "8": 4.12396694214876, "47": 3.9867021276595747, "64": 3.796954314720812, "65": 3.9086161879895562, "17": 3.973474801061008, "41": 4.005361930294906, "44": 3.9036458333333335, "avg_over_all": 3.995924748104757}