{"1_mean": 3.850515463917526, "1_std_dev": 3.267303330185282, "1_variance": 10.675271051439834, "2_mean": 4.219718309859155, "2_std_dev": 3.4415465794144966, "2_variance": 11.844242858279621, "3_mean": 4.032345013477089, "3_std_dev": 3.631547901615104, "3_variance": 13.188140161725068, "4_mean": 3.997333333333333, "4_std_dev": 3.9809027183244408, "4_variance": 15.847586452762922, "5_mean": 3.6447688564476888, "5_std_dev": 3.1853844019059556, "5_variance": 10.146673787905762, "6_mean": 4.081967213114754, "6_std_dev": 3.4273441067857973, "6_variance": 11.746687626319334, "7_mean": 4.277142857142858, "7_std_dev": 4.0342790292843675, "7_variance": 16.27540728612362, "8_mean": 4.12396694214876, "8_std_dev": 3.7679300586769067, "8_variance": 14.197296927080956, "9_mean": 4.140883977900552, "9_std_dev": 3.6758608078955275, "9_variance": 13.51195267902236, "10_mean": 4.161111111111111, "10_std_dev": 3.6682236923690756, "10_variance": 13.455865057257816, "11_mean": 3.6350364963503647, "11_std_dev": 3.0807250787533587, "11_variance": 9.490867010859889, "12_mean": 3.9393139841688654, "12_std_dev": 3.179632695517174, "12_variance": 10.110064078401809, "13_mean": 3.9867021276595747, "13_std_dev": 3.343025978815519, "13_variance": 11.17582269503546, "14_mean": 4.035040431266847, "14_std_dev": 3.6184752927589323, "14_variance": 13.09336344430684, "15_mean": 3.8091603053435112, "15_std_dev": 3.1463807450965295, "15_variance": 9.899711793114193, "16_mean": 4.2701149425287355, "16_std_dev": 3.560352116204392, "16_variance": 12.676107191361092, "17_mean": 3.973474801061008, "17_std_dev": 3.7194624511560983, "17_variance": 13.834400925560132, "18_mean": 4.043243243243243, "18_std_dev": 3.607921166534049, "18_variance": 13.017095143924411, "19_mean": 3.7022332506203472, "19_std_dev": 3.2446925626406924, "19_variance": 10.528029826055825, "20_mean": 3.6921182266009853, "20_std_dev": 3.2887818219528806, "20_variance": 10.81608587240771, "21_mean": 4.087431693989071, "21_std_dev": 3.3764706327284517, "21_variance": 11.40055393367767, "22_mean": 4.04054054054054, "22_std_dev": 3.544678782979323, "22_variance": 12.564747674503773, "23_mean": 3.9973262032085564, "23_std_dev": 3.511374594767798, "23_variance": 12.32975154478072, "24_mean": 3.9525065963060686, "24_std_dev": 3.6757265843062132, "24_variance": 13.510965922575421, "25_mean": 4.051630434782608, "25_std_dev": 3.679984532953491, "25_variance": 13.542286162776922, "26_mean": 3.9010416666666665, "26_std_dev": 3.386441859567834, "26_variance": 11.467988468233248, "27_mean": 4.051490514905149, "27_std_dev": 3.3076088500511913, "27_variance": 10.940276304936964, "28_mean": 3.8932291666666665, "28_std_dev": 3.115958416917932, "28_variance": 9.709196855961705, "29_mean": 3.8883116883116884, "29_std_dev": 3.553239939726006, "29_variance": 12.625514069264069, "30_mean": 4.002688172043011, "30_std_dev": 3.3117439123181254, "30_variance": 10.967647740776163, "31_mean": 3.8239795918367347, "31_std_dev": 3.0640455145417578, "31_variance": 9.388374915183464, "32_mean": 3.8286445012787724, "32_std_dev": 2.898947280893389, "32_variance": 8.403895337399174, "33_mean": 3.9343832020997374, "33_std_dev": 3.3901403402298746, "33_variance": 11.493051526453929, "34_mean": 4.184357541899441, "34_std_dev": 3.7513143923330436, "34_variance": 14.072359670125033, "35_mean": 3.9343832020997374, "35_std_dev": 3.2812704455713866, "35_variance": 10.766735736980245, "36_mean": 4.051351351351351, "36_std_dev": 3.6964878681181292, "36_variance": 13.664022559144511, "37_mean": 3.992, "37_std_dev": 3.261743898903175, "37_variance": 10.638973262032085, "38_mean": 4.141274238227147, "38_std_dev": 3.7087715148798917, "38_variance": 13.754986149584486, "39_mean": 4.132596685082873, "39_std_dev": 3.242564628733331, "39_variance": 10.514225371512525, "40_mean": 3.962864721485411, "40_std_dev": 3.1205735058779216, "40_variance": 9.737979005587222, "41_mean": 4.005361930294906, "41_std_dev": 3.3959136085792725, "41_variance": 11.532229236933897, "42_mean": 3.9656084656084656, "42_std_dev": 3.3719678038449405, "42_variance": 11.370166870166871, "43_mean": 3.8435897435897437, "43_std_dev": 2.9273372330476515, "43_variance": 8.56930327598708, "44_mean": 3.9036458333333335, "44_std_dev": 3.3598127573687635, "44_variance": 11.288341764577893, "45_mean": 3.806122448979592, "45_std_dev": 3.266220708076562, "45_variance": 10.668197713868157, "46_mean": 4.207865168539326, "46_std_dev": 3.3536265749639567, "46_variance": 11.246811204304478, "47_mean": 3.9867021276595747, "47_std_dev": 3.3557645966856486, "47_variance": 11.261156028368793, "48_mean": 4.032432432432432, "48_std_dev": 3.7904497058247615, "48_variance": 14.36750897238702, "49_mean": 3.86340206185567, "49_std_dev": 3.4907631193992543, "49_variance": 12.185427155758013, "50_mean": 4.095628415300546, "50_std_dev": 3.3587558873579355, "50_variance": 11.281241110861592, "51_mean": 3.728855721393035, "51_std_dev": 3.3519433726044263, "51_variance": 11.235524373146735, "52_mean": 3.9343832020997374, "52_std_dev": 3.377697588615378, "52_variance": 11.408841000138139, "53_mean": 3.782828282828283, "53_std_dev": 2.959354715980415, "53_variance": 8.757780334995525, "54_mean": 4.15, "54_std_dev": 3.9090994481877446, "54_variance": 15.281058495821728, "55_mean": 4.070652173913044, "55_std_dev": 3.325306748046805, "55_variance": 11.057664968605616, "56_mean": 4.190476190476191, "56_std_dev": 3.4081229879063284, "56_variance": 11.61530230069556, "57_mean": 4.253561253561253, "57_std_dev": 3.8331013360809876, "57_variance": 14.692665852665852, "58_mean": 4.163380281690141, "58_std_dev": 3.4266008027186374, "58_variance": 11.74159306119201, "59_mean": 4.12396694214876, "59_std_dev": 3.848448595939569, "59_variance": 14.810556595589242, "60_mean": 4.092896174863388, "60_std_dev": 3.254855816117107, "60_variance": 10.594086383711357, "61_mean": 3.7732997481108312, "61_std_dev": 3.474145842749244, "61_variance": 12.069689336691855, "62_mean": 3.7949367088607593, "62_std_dev": 3.0687510784133747, "62_variance": 9.417233181263251, "63_mean": 3.976063829787234, "63_std_dev": 3.9255690286354104, "63_variance": 15.41009219858156, "64_mean": 3.796954314720812, "64_std_dev": 3.2219651460696617, "64_variance": 10.381059402487697, "65_mean": 3.9086161879895562, "65_std_dev": 3.4122513973000297, "65_variance": 11.643459598376005, "66_mean": 4.155555555555556, "66_std_dev": 3.6760494451744496, "66_variance": 13.51333952336738, "67_mean": 4.0653950953678475, "67_std_dev": 3.5530447643635883, "67_variance": 12.624127097571508, "68_mean": 3.770780856423174, "68_std_dev": 3.4186583470382077, "68_variance": 11.687224893774012, "69_mean": 4.222535211267606, "69_std_dev": 3.709591978990792, "69_variance": 13.761072650592823, "70_mean": 4.393491124260355, "70_std_dev": 3.9276338496849497, "70_variance": 15.426307657191018, "71_mean": 4.17877094972067, "71_std_dev": 3.4285662123282648, "71_variance": 11.755066272318983, "72_mean": 3.883419689119171, "72_std_dev": 3.4722476294220312, "72_variance": 12.056503600026916, "73_mean": 4.124309392265193, "73_std_dev": 3.5670879660797374, "73_variance": 12.724116557750877, "74_mean": 4.010723860589812, "74_std_dev": 3.4849743155428934, "74_variance": 12.145045979993657, "75_mean": 4.149584487534626, "75_std_dev": 3.198924488390647, "75_variance": 10.233117882425361, "76_mean": 3.818877551020408, "76_std_dev": 3.3016078800583744, "76_variance": 10.900614593663553, "77_mean": 4.2585227272727275, "77_std_dev": 3.9017398529148353, "77_variance": 15.223573879823881, "78_mean": 4.032345013477089, "78_std_dev": 3.4357468442743686, "78_variance": 11.804356377941284, "79_mean": 3.748110831234257, "79_std_dev": 3.269390902993141, "79_variance": 10.688916876574307, "80_mean": 3.942105263157895, "80_std_dev": 3.2530587659212165, "80_variance": 10.582391334536869}