{"1_mean": 2.4285714285714284, "1_std_dev": 1.618347187425374, "1_variance": 2.619047619047619, "2_mean": 2, "2_std_dev": 0.8660254037844386, "2_variance": 0.75, "3_mean": 4, "3_std_dev": 2.260776661041756, "3_variance": 5.111111111111111, "4_mean": 4.857142857142857, "4_std_dev": 2.2677868380553634, "4_variance": 5.142857142857143, "5_mean": 3.25, "5_std_dev": 1.6690459207925603, "5_variance": 2.7857142857142856, "6_mean": 4.428571428571429, "6_std_dev": 1.8126539343499315, "6_variance": 3.285714285714286, "7_mean": 3.5, "7_std_dev": 2.8762349126466136, "7_variance": 8.272727272727273, "8_mean": 3.3076923076923075, "8_std_dev": 2.213015114597254, "8_variance": 4.897435897435897, "9_mean": 3.3333333333333335, "9_std_dev": 2.598076211353316, "9_variance": 6.75, "10_mean": 3.6, "10_std_dev": 2.073644135332772, "10_variance": 4.3, "11_mean": 3, "11_std_dev": 1.2649110640673518, "11_variance": 1.6, "12_mean": 3.8, "12_std_dev": 3.3466401061363023, "12_variance": 11.2, "13_mean": 2.6, "13_std_dev": 1.5165750888103102, "13_variance": 2.3000000000000003, "14_mean": 2.9, "14_std_dev": 2.5582111805799856, "14_variance": 6.544444444444443, "15_mean": 3.2, "15_std_dev": 2.04939015319192, "15_variance": 4.2, "16_mean": 2.6, "16_std_dev": 1.5165750888103102, "16_variance": 2.3000000000000003, "17_mean": 3.111111111111111, "17_std_dev": 1.90029237516523, "17_variance": 3.611111111111111, "18_mean": 3.6, "18_std_dev": 2.3190036174568114, "18_variance": 5.377777777777778, "19_mean": 3.5714285714285716, "19_std_dev": 2.2253945610567474, "19_variance": 4.952380952380953, "20_mean": 2.6666666666666665, "20_std_dev": 2.39791576165636, "20_variance": 5.750000000000001, "21_mean": 3, "21_std_dev": 1.6733200530681511, "21_variance": 2.8, "22_mean": 4.111111111111111, "22_std_dev": 2.4720661623652207, "22_variance": 6.111111111111111, "23_mean": 2.7, "23_std_dev": 1.766981104093143, "23_variance": 3.1222222222222222, "24_mean": 3.7857142857142856, "24_std_dev": 2.1187286256174924, "24_variance": 4.489010989010989, "25_mean": 3.1818181818181817, "25_std_dev": 1.5374122295716148, "25_variance": 2.3636363636363638, "26_mean": 4.142857142857143, "26_std_dev": 3.4364987719368982, "26_variance": 11.80952380952381, "27_mean": 4.6, "27_std_dev": 2.701851217221259, "27_variance": 7.3, "28_mean": 3, "28_std_dev": 1.632993161855452, "28_variance": 2.6666666666666665, "29_mean": 3.5, "29_std_dev": 3.2744804507314167, "29_variance": 10.722222222222221, "30_mean": 3.6666666666666665, "30_std_dev": 1.7511900715418263, "30_variance": 3.066666666666667, "31_mean": 1.6666666666666667, "31_std_dev": 1.2110601416389966, "31_variance": 1.4666666666666663, "32_mean": 1.75, "32_std_dev": 1.5, "32_variance": 2.25, "33_mean": 2.125, "33_std_dev": 1.246423454758225, "33_variance": 1.5535714285714286, "34_mean": 3, "34_std_dev": 2.4037008503093262, "34_variance": 5.777777777777778, "35_mean": 2.7142857142857144, "35_std_dev": 2.138089935299395, "35_variance": 4.571428571428571, "36_mean": 3.6923076923076925, "36_std_dev": 1.931519927613803, "36_variance": 3.730769230769231, "37_mean": 3.375, "37_std_dev": 1.9226098333849673, "37_variance": 3.6964285714285716, "38_mean": 5, "38_std_dev": 2.1213203435596424, "38_variance": 4.5, "39_mean": 2.2, "39_std_dev": 1.6431676725154984, "39_variance": 2.7, "40_mean": 2.6, "40_std_dev": 1.8165902124584952, "40_variance": 3.3000000000000003, "41_mean": 2.375, "41_std_dev": 1.1877349391654208, "41_variance": 1.4107142857142858, "42_mean": 5, "42_std_dev": 3.082207001484488, "42_variance": 9.5, "44_mean": 3.142857142857143, "44_std_dev": 3.2366943748507486, "44_variance": 10.476190476190478, "45_mean": 4.333333333333333, "45_std_dev": 1.1547005383792515, "45_variance": 1.3333333333333333, "46_mean": 2.2, "46_std_dev": 1.7888543819998317, "46_variance": 3.1999999999999997, "47_mean": 3.5714285714285716, "47_std_dev": 1.9023794624226837, "47_variance": 3.619047619047619, "48_mean": 4.333333333333333, "48_std_dev": 3.312053286059415, "48_variance": 10.969696969696969, "49_mean": 2.857142857142857, "49_std_dev": 2.115700942049815, "49_variance": 4.476190476190475, "50_mean": 3.1, "50_std_dev": 1.7919573407620817, "50_variance": 3.2111111111111112, "51_mean": 3.142857142857143, "51_std_dev": 2.193062655175134, "51_variance": 4.809523809523809, "52_mean": 2.75, "52_std_dev": 2.2519832529192065, "52_variance": 5.071428571428571, "53_mean": 1.6, "53_std_dev": 0.8944271909999159, "53_variance": 0.7999999999999999, "54_mean": 3.230769230769231, "54_std_dev": 2.586949495507729, "54_variance": 6.6923076923076925, "55_mean": 2.1666666666666665, "55_std_dev": 1.602081978759722, "55_variance": 2.5666666666666664, "56_mean": 2.7142857142857144, "56_std_dev": 2.3603873774083293, "56_variance": 5.571428571428571, "57_mean": 5.111111111111111, "57_std_dev": 3.7896056669673577, "57_variance": 14.36111111111111, "58_mean": 3.7142857142857144, "58_std_dev": 1.889822365046136, "58_variance": 3.5714285714285716, "59_mean": 4.3, "59_std_dev": 3.1287200080686173, "59_variance": 9.788888888888888, "60_mean": 2.857142857142857, "60_std_dev": 2.544836041121407, "60_variance": 6.476190476190475, "61_mean": 3, "61_std_dev": 1.8257418583505538, "61_variance": 3.3333333333333335, "62_mean": 2.857142857142857, "62_std_dev": 2.340126166724879, "62_variance": 5.476190476190475, "63_mean": 4, "63_std_dev": 2.309401076758503, "63_variance": 5.333333333333333, "64_mean": 3.5714285714285716, "64_std_dev": 2.9920529661723827, "64_variance": 8.952380952380954, "65_mean": 2, "65_std_dev": 1.4142135623730951, "65_variance": 2, "66_mean": 4, "66_std_dev": 3.854496446637726, "66_variance": 14.857142857142858, "67_mean": 3.6, "67_std_dev": 2.8809720581775866, "67_variance": 8.3, "68_mean": 3.875, "68_std_dev": 1.9594095320493148, "68_variance": 3.8392857142857144, "69_mean": 4, "69_std_dev": 2.29128784747792, "69_variance": 5.25, "70_mean": 3.6363636363636362, "70_std_dev": 2.419616799112094, "70_variance": 5.8545454545454545, "71_mean": 2.2857142857142856, "71_std_dev": 1.4960264830861913, "71_variance": 2.238095238095238, "72_mean": 2.2, "72_std_dev": 1.3038404810405297, "72_variance": 1.7, "73_mean": 3.0833333333333335, "73_std_dev": 2.0652243256245835, "73_variance": 4.265151515151516, "74_mean": 2.7777777777777777, "74_std_dev": 2.773886162848873, "74_variance": 7.694444444444445, "75_mean": 4.5, "75_std_dev": 2.6457513110645907, "75_variance": 7.0, "76_mean": 4.666666666666667, "76_std_dev": 2.804757862395017, "76_variance": 7.866666666666666, "77_mean": 3.2, "77_std_dev": 2.6583202716502514, "77_variance": 7.066666666666666, "78_mean": 4.5, "78_std_dev": 2.4289915602982237, "78_variance": 5.9, "79_mean": 2.75, "79_std_dev": 2.434865792722759, "79_variance": 5.928571428571429, "80_mean": 2.5, "80_std_dev": 1.0, "80_variance": 1.0}