{"avg_ppls": 0.25146630848444146, "avg_pp2ls": 0.24972017013655698, "avg_pp3ls": 0.24933960152227447, "avg_pp4ls": 0.25011193194537723, "avg_pp5ls": 0.25104096709200807, "avg_pp6ls": 0.24901499888068054, "avg_pp7ls": 0.24960823819117975, "avg_pp8ls": 0.24922766957689724, "avg_pp9ls": 0.24894783971345422, "avg_pp10ls": 0.2504253413924334, "std_dev_ppls": 0.02802580181501692, "std_dev_pp2ls": 0.028062763860722886, "std_dev_pp3ls": 0.028688027947930263, "std_dev_pp4ls": 0.028371564052941813, "std_dev_pp5ls": 0.02795148888634997, "std_dev_pp6ls": 0.028446692355100132, "std_dev_pp7ls": 0.028068075275111397, "std_dev_pp8ls": 0.02796688280378276, "std_dev_pp9ls": 0.028712106267100766, "std_dev_pp10ls": 0.027567631013998083, "variance_ppls": 0.0007854455673746058, "variance_pp2ls": 0.0007875187155026945, "variance_pp3ls": 0.000823002947541228, "variance_pp4ls": 0.00080494564681018, "variance_pp5ls": 0.0007812857309637459, "variance_pp6ls": 0.0008092143059457123, "variance_pp7ls": 0.0007878168496493198, "variance_pp8ls": 0.0007821465337605199, "variance_pp9ls": 0.0008243850462932871, "variance_pp10ls": 0.000759974279723949}