{"avg_psfpl": 0.7543989254533244, "avg_psfp2l": 0.7491605104096709, "avg_psfp3l": 0.7480188045668233, "avg_psfp4l": 0.7503357958361316, "avg_psfp5l": 0.7531229012760242, "avg_psfp6l": 0.7470449966420416, "avg_psfp7l": 0.7488247145735393, "avg_psfp8l": 0.7476830087306917, "avg_psfp9l": 0.7468435191403626, "avg_psfp10l": 0.7512760241773002, "std_dev_psfpl": 0.0840774054450508, "std_dev_psfp2l": 0.08418829158216869, "std_dev_psfp3l": 0.08606408384379081, "std_dev_psfp4l": 0.08511469215882546, "std_dev_psfp5l": 0.08385446665904993, "std_dev_psfp6l": 0.08534007706530042, "std_dev_psfp7l": 0.08420422582533421, "std_dev_psfp8l": 0.08390064841134831, "std_dev_psfp9l": 0.08613631880130232, "std_dev_psfp10l": 0.08270289304199428, "variance_psfpl": 0.0070690101063714565, "variance_psfp2l": 0.007087668439524254, "variance_psfp3l": 0.007407026527871056, "variance_psfp4l": 0.007244510821291623, "variance_psfp5l": 0.007031571578673715, "variance_psfp6l": 0.007282928753511414, "variance_psfp7l": 0.0070903516468438805, "variance_psfp8l": 0.007039318803844683, "variance_psfp9l": 0.007419465416639587, "variance_psfp10l": 0.006839768517515546}