{"avg_psfpw": 0.24560107454667562, "avg_psfp2w": 0.2508394895903291, "avg_psfp3w": 0.25198119543317665, "avg_psfp4w": 0.24966420416386836, "avg_psfp5w": 0.2468770987239758, "avg_psfp6w": 0.25295500335795834, "avg_psfp7w": 0.2511752854264607, "avg_psfp8w": 0.25231699126930823, "avg_psfp9w": 0.2531564808596373, "avg_psfp10w": 0.24872397582269978, "std_dev_psfpw": 0.08407740544505078, "std_dev_psfp2w": 0.08418829158216867, "std_dev_psfp3w": 0.0860640838437908, "std_dev_psfp4w": 0.08511469215882544, "std_dev_psfp5w": 0.08385446665904991, "std_dev_psfp6w": 0.0853400770653004, "std_dev_psfp7w": 0.0842042258253342, "std_dev_psfp8w": 0.0839006484113483, "std_dev_psfp9w": 0.0861363188013023, "std_dev_psfp10w": 0.08270289304199427, "variance_psfpw": 0.007069010106371455, "variance_psfp2w": 0.007087668439524253, "variance_psfp3w": 0.007407026527871054, "variance_psfp4w": 0.007244510821291622, "variance_psfp5w": 0.007031571578673714, "variance_psfp6w": 0.007282928753511413, "variance_psfp7w": 0.00709035164684388, "variance_psfp8w": 0.007039318803844681, "variance_psfp9w": 0.007419465416639586, "variance_psfp10w": 0.006839768517515544}