{"avg_ppws": 0.24560107454667562, "avg_pp2ws": 0.2508394895903291, "avg_pp3ws": 0.25198119543317665, "avg_pp4ws": 0.24966420416386836, "avg_pp5ws": 0.2468770987239758, "avg_pp6ws": 0.25295500335795834, "avg_pp7ws": 0.2511752854264607, "avg_pp8ws": 0.25231699126930823, "avg_pp9ws": 0.2531564808596373, "avg_pp10ws": 0.24872397582269978, "std_dev_ppws": 0.08407740544505078, "std_dev_pp2ws": 0.08418829158216867, "std_dev_pp3ws": 0.0860640838437908, "std_dev_pp4ws": 0.08511469215882544, "std_dev_pp5ws": 0.08385446665904991, "std_dev_pp6ws": 0.0853400770653004, "std_dev_pp7ws": 0.0842042258253342, "std_dev_pp8ws": 0.0839006484113483, "std_dev_pp9ws": 0.0861363188013023, "std_dev_pp10ws": 0.08270289304199427, "variance_ppws": 0.007069010106371455, "variance_pp2ws": 0.007087668439524253, "variance_pp3ws": 0.007407026527871054, "variance_pp4ws": 0.007244510821291622, "variance_pp5ws": 0.007031571578673714, "variance_pp6ws": 0.007282928753511413, "variance_pp7ws": 0.00709035164684388, "variance_pp8ws": 0.007039318803844681, "variance_pp9ws": 0.007419465416639586, "variance_pp10ws": 0.006839768517515544}