{"avg_pip2ls": 0.25105793929753145, "avg_pip3ls": 0.250147465530155, "avg_pip4ls": 0.24819133888444123, "avg_pip5ls": 0.24887085290457542, "avg_pip6ls": 0.24885549666780532, "avg_pip7ls": 0.24683588505982137, "avg_pip8ls": 0.24731968837072935, "avg_pip9ls": 0.24748845651063392, "avg_pip10ls": 0.25298864611364613, "std_dev_pip2ls": 0.04278430623717036, "std_dev_pip3ls": 0.056805599236752075, "std_dev_pip4ls": 0.07164002089302392, "std_dev_pip5ls": 0.08648771477667194, "std_dev_pip6ls": 0.10554478393998579, "std_dev_pip7ls": 0.1252262559746692, "std_dev_pip8ls": 0.1505819798969723, "std_dev_pip9ls": 0.18481411107687515, "std_dev_pip10ls": 0.22767371565687905, "variance_pip2ls": 0.0018304968601959746, "variance_pip3ls": 0.003226876104646488, "variance_pip4ls": 0.005132292593552903, "variance_pip5ls": 0.007480124807290959, "variance_pip6ls": 0.011139701416938281, "variance_pip7ls": 0.015681615185433373, "variance_pip8ls": 0.022674932669692168, "variance_pip9ls": 0.03415625565313555, "variance_pip10ls": 0.05183532080100941}