{"avg_psfip2": 0.5636668905305574, "avg_psfip3": 0.42058428475486903, "avg_psfip4": 0.31289456010745464, "avg_psfip5": 0.23562793821356615, "avg_psfip6": 0.17706514439220955, "avg_psfip7": 0.13210208193418402, "avg_psfip8": 0.09916051040967092, "avg_psfip9": 0.07444593687038281, "avg_psfip10": 0.056950973807924785, "std_dev_psfip2": 0.09775496982149044, "std_dev_psfip3": 0.09904310886758058, "std_dev_psfip4": 0.09453275178425628, "std_dev_psfip5": 0.08684446406859662, "std_dev_psfip6": 0.0795834023573729, "std_dev_psfip7": 0.07153990015516533, "std_dev_psfip8": 0.06326919487530575, "std_dev_psfip9": 0.05620244643394085, "std_dev_psfip10": 0.049936501487776404, "variance_psfip2": 0.009556034124800508, "variance_psfip3": 0.00980953741415542, "variance_psfip4": 0.00893644115990381, "variance_psfip5": 0.007541960939361771, "variance_psfip6": 0.006333517930775507, "variance_psfip7": 0.005117957314211024, "variance_psfip8": 0.004002991020169415, "variance_psfip9": 0.0031587149851599904, "variance_psfip10": 0.0024936541808386952}