{"avg_pip2lrns": 0.2436286711081526, "avg_psfip2lrn": 0.3109469442578912, "std_dev_pip2lrns": 0.09973286212897904, "std_dev_psfip2lrn": 0.20644287138470555, "variance_pip2lrns": 0.009946643788437941, "variance_psfip2lrn": 0.04261865914556208}