{"avg_prns": 0.24421128590758723, "avg_psfrn": 0.3747145735392881, "avg_draws_per_round": 9.108843537414966, "std_dev_prns": 0.09806453004654957, "std_dev_psfrn": 0.30304292752549417, "std_dev_draws_per_round": 1.462448929915865, "variance_prns": 0.009616652053250623, "variance_psfrn": 0.09183501592322191, "variance_draws_per_round": 2.1387568726120585}