{"1": 4.323529411764706, "2": 3.4767441860465116, "3": 4.095890410958904, "4": 3.8205128205128207, "5": 3.1956521739130435, "6": 4.27536231884058, "7": 4.054794520547945, "8": 3.6463414634146343, "9": 4.318840579710145, "10": 4.228571428571429, "11": 2.9405940594059405, "12": 4.318840579710145, "13": 3.5357142857142856, "14": 3.5476190476190474, "15": 3.9210526315789473, "16": 3.8333333333333335, "17": 3.9864864864864864, "18": 4.054794520547945, "19": 4.257142857142857, "20": 4.0, "21": 3.548780487804878, "22": 4.111111111111111, "23": 3.691358024691358, "24": 3.7721518987341773, "25": 3.6625, "26": 4.546875, "27": 5.0, "28": 3.5595238095238093, "29": 4.041666666666667, "30": 4.363636363636363, "31": 4.211267605633803, "32": 4.462686567164179, "33": 4.271428571428571, "34": 3.4941176470588236, "35": 4.966666666666667, "36": 3.883116883116883, "37": 3.425287356321839, "38": 4.112676056338028, "39": 4.523076923076923, "40": 3.9594594594594597, "41": 3.8205128205128207, "42": 4.65625, "43": 3.6049382716049383, "44": 3.918918918918919, "45": 3.413793103448276, "46": 4.515151515151516, "47": 3.7375, "48": 3.6463414634146343, "49": 3.8051948051948052, "50": 4.112676056338028, "51": 3.6419753086419755, "52": 4.402985074626866, "53": 3.831168831168831, "54": 4.333333333333333, "55": 3.8421052631578947, "56": 3.986111111111111, "57": 3.7125, "58": 4.388059701492537, "59": 3.5176470588235293, "60": 3.4705882352941178, "61": 4.6, "62": 4.382352941176471, "63": 4.013513513513513, "64": 3.96, "65": 4.447761194029851, "66": 3.5238095238095237, "67": 4.211267605633803, "68": 4.041666666666667, "69": 3.7125, "70": 3.96, "71": 4.358208955223881, "72": 4.211267605633803, "73": 3.9594594594594597, "74": 4.211267605633803, "75": 3.6666666666666665, "76": 4.271428571428571, "77": 3.311111111111111, "78": 4.95, "79": 4.271428571428571, "80": 3.425287356321839, "avg_over_all": 3.9910744054278116}