{"1": {"avg": 4.323529411764706, "std_dev": 3.6952618975736145, "variance": 13.65496049165935, "max": 20, "min": 0}, "2": {"avg": 3.4767441860465116, "std_dev": 2.764168821719433, "variance": 7.6406292749658, "max": 15, "min": 1}, "3": {"avg": 4.095890410958904, "std_dev": 3.472768602369184, "variance": 12.060121765601217, "max": 19, "min": 1}, "4": {"avg": 3.8205128205128207, "std_dev": 3.1447486210258346, "variance": 9.88944388944389, "max": 21, "min": 1}, "5": {"avg": 3.1956521739130435, "std_dev": 2.5386642262244346, "variance": 6.4448160535117065, "max": 12, "min": 0}, "6": {"avg": 4.27536231884058, "std_dev": 3.9253477102297967, "variance": 15.408354646206309, "max": 15, "min": 0}, "7": {"avg": 4.054794520547945, "std_dev": 3.463662203502177, "variance": 11.996955859969558, "max": 16, "min": 0}, "8": {"avg": 3.6463414634146343, "std_dev": 2.9328785473185364, "variance": 8.601776573321288, "max": 12, "min": 1}, "9": {"avg": 4.318840579710145, "std_dev": 3.8136471412978246, "variance": 14.54390451832907, "max": 19, "min": 0}, "10": {"avg": 4.228571428571429, "std_dev": 3.539308982631237, "variance": 12.526708074534163, "max": 18, "min": 0}, "11": {"avg": 2.9405940594059405, "std_dev": 2.230792604336933, "variance": 4.976435643564357, "max": 12, "min": 1}, "12": {"avg": 4.318840579710145, "std_dev": 3.4957653105671103, "variance": 12.220375106564365, "max": 17, "min": 1}, "13": {"avg": 3.5357142857142856, "std_dev": 2.627227355984713, "variance": 6.902323580034424, "max": 13, "min": 1}, "14": {"avg": 3.5476190476190474, "std_dev": 3.1139204047087867, "variance": 9.696500286861733, "max": 16, "min": 1}, "15": {"avg": 3.9210526315789473, "std_dev": 2.7941040681870906, "variance": 7.80701754385965, "max": 11, "min": 1}, "16": {"avg": 3.8333333333333335, "std_dev": 3.1516504299970247, "variance": 9.932900432900432, "max": 16, "min": 1}, "17": {"avg": 3.9864864864864864, "std_dev": 3.386084509877753, "variance": 11.465568308034062, "max": 18, "min": 1}, "18": {"avg": 4.054794520547945, "std_dev": 3.770832544968257, "variance": 14.219178082191782, "max": 26, "min": 1}, "19": {"avg": 4.257142857142857, "std_dev": 3.736563228677492, "variance": 13.961904761904762, "max": 18, "min": 1}, "20": {"avg": 4, "std_dev": 3.3556331701487783, "variance": 11.26027397260274, "max": 15, "min": 1}, "21": {"avg": 3.548780487804878, "std_dev": 2.7628596700081935, "variance": 7.633393556157784, "max": 14, "min": 1}, "22": {"avg": 4.111111111111111, "std_dev": 3.4866164863219047, "variance": 12.156494522691705, "max": 20, "min": 1}, "23": {"avg": 3.691358024691358, "std_dev": 3.1648142730207804, "variance": 10.01604938271605, "max": 15, "min": 1}, "24": {"avg": 3.7721518987341773, "std_dev": 4.034941511629628, "variance": 16.28075300227199, "max": 26, "min": 1}, "25": {"avg": 3.6625, "std_dev": 3.3788011880479787, "variance": 11.416297468354431, "max": 18, "min": 1}, "26": {"avg": 4.546875, "std_dev": 4.486061968377943, "variance": 20.124751984126984, "max": 26, "min": 1}, "27": {"avg": 5, "std_dev": 4.185360364330692, "variance": 17.517241379310345, "max": 18, "min": 0}, "28": {"avg": 3.5595238095238093, "std_dev": 2.4512165186113246, "variance": 6.008462421113023, "max": 13, "min": 1}, "29": {"avg": 4.041666666666667, "std_dev": 3.6325504174355605, "variance": 13.195422535211266, "max": 16, "min": 0}, "30": {"avg": 4.363636363636363, "std_dev": 4.104917739778673, "variance": 16.85034965034965, "max": 19, "min": 0}, "31": {"avg": 4.211267605633803, "std_dev": 4.181303600408939, "variance": 17.483299798792757, "max": 20, "min": 1}, "32": {"avg": 4.462686567164179, "std_dev": 3.959370772663617, "variance": 15.676616915422885, "max": 20, "min": 0}, "33": {"avg": 4.271428571428571, "std_dev": 4.089298258680479, "variance": 16.722360248447202, "max": 26, "min": 1}, "34": {"avg": 3.4941176470588236, "std_dev": 2.909849977362459, "variance": 8.467226890756303, "max": 19, "min": 1}, "35": {"avg": 4.966666666666667, "std_dev": 3.9700858833158703, "variance": 15.761581920903955, "max": 18, "min": 1}, "36": {"avg": 3.883116883116883, "std_dev": 3.236201582647008, "variance": 10.473000683527, "max": 15, "min": 1}, "37": {"avg": 3.425287356321839, "std_dev": 2.2906898722622384, "variance": 5.24726009088479, "max": 11, "min": 1}, "38": {"avg": 4.112676056338028, "std_dev": 3.205126678016455, "variance": 10.272837022132796, "max": 14, "min": 1}, "39": {"avg": 4.523076923076923, "std_dev": 3.1972043076124157, "variance": 10.222115384615385, "max": 13, "min": 1}, "40": {"avg": 3.9594594594594597, "std_dev": 2.9629640342395254, "variance": 8.779155868196964, "max": 13, "min": 1}, "41": {"avg": 3.8205128205128207, "std_dev": 3.4178431329789962, "variance": 11.681651681651681, "max": 16, "min": 1}, "42": {"avg": 4.65625, "std_dev": 3.669776819475798, "variance": 13.467261904761905, "max": 16, "min": 1}, "43": {"avg": 3.6049382716049383, "std_dev": 2.8446397502393825, "variance": 8.091975308641976, "max": 14, "min": 0}, "44": {"avg": 3.918918918918919, "std_dev": 3.5606554605022227, "variance": 12.678267308404294, "max": 16, "min": 0}, "45": {"avg": 3.413793103448276, "std_dev": 2.418685613350969, "variance": 5.850040096230954, "max": 11, "min": 1}, "46": {"avg": 4.515151515151516, "std_dev": 4.6780746343321935, "variance": 21.884382284382284, "max": 33, "min": 1}, "47": {"avg": 3.7375, "std_dev": 3.616921377796946, "variance": 13.082120253164556, "max": 23, "min": 1}, "48": {"avg": 3.6463414634146343, "std_dev": 2.5837667556099877, "variance": 6.675850647395363, "max": 13, "min": 1}, "49": {"avg": 3.8051948051948052, "std_dev": 3.660022149195854, "variance": 13.395762132604238, "max": 21, "min": 1}, "50": {"avg": 4.112676056338028, "std_dev": 3.904390553410528, "variance": 15.24426559356137, "max": 19, "min": 1}, "51": {"avg": 3.6419753086419755, "std_dev": 2.758208848035753, "variance": 7.6077160493827165, "max": 12, "min": 0}, "52": {"avg": 4.402985074626866, "std_dev": 3.1625636967715756, "variance": 10.001809136137494, "max": 19, "min": 1}, "53": {"avg": 3.831168831168831, "std_dev": 3.1263001396580985, "variance": 9.773752563226246, "max": 14, "min": 0}, "54": {"avg": 4.333333333333333, "std_dev": 3.9394933485331913, "variance": 15.519607843137257, "max": 17, "min": 1}, "55": {"avg": 3.8421052631578947, "std_dev": 3.4021664924141004, "variance": 11.574736842105263, "max": 19, "min": 1}, "56": {"avg": 3.986111111111111, "std_dev": 3.743512907536034, "variance": 14.01388888888889, "max": 22, "min": 1}, "57": {"avg": 3.7125, "std_dev": 3.3684829248772914, "variance": 11.346677215189873, "max": 22, "min": 1}, "58": {"avg": 4.388059701492537, "std_dev": 3.9387554713447743, "variance": 15.513794663048394, "max": 20, "min": 1}, "59": {"avg": 3.5176470588235293, "std_dev": 3.340272888431075, "variance": 11.157422969187676, "max": 20, "min": 1}, "60": {"avg": 3.4705882352941178, "std_dev": 2.758485761695897, "variance": 7.609243697478991, "max": 15, "min": 1}, "61": {"avg": 4.6, "std_dev": 3.8963123591416537, "variance": 15.18125, "max": 16, "min": 0}, "62": {"avg": 4.382352941176471, "std_dev": 4.05569219211165, "variance": 16.448639157155398, "max": 27, "min": 1}, "63": {"avg": 4.013513513513513, "std_dev": 4.0493302109545395, "variance": 16.397075157349132, "max": 21, "min": 0}, "64": {"avg": 3.96, "std_dev": 3.793450971117232, "variance": 14.39027027027027, "max": 26, "min": 1}, "65": {"avg": 4.447761194029851, "std_dev": 3.281184108554236, "variance": 10.766169154228855, "max": 17, "min": 0}, "66": {"avg": 3.5238095238095237, "std_dev": 3.007926037591192, "variance": 9.047619047619047, "max": 15, "min": 0}, "67": {"avg": 4.211267605633803, "std_dev": 3.5573485027786256, "variance": 12.654728370221328, "max": 16, "min": 1}, "68": {"avg": 4.041666666666667, "std_dev": 3.4085125416343818, "variance": 11.617957746478872, "max": 18, "min": 1}, "69": {"avg": 3.7125, "std_dev": 2.7567810526321996, "variance": 7.5998417721518985, "max": 16, "min": 0}, "70": {"avg": 3.96,