{"9": {"avg": 1.6666666666666667, "std_dev": 1.1547005383792515, "variance": 1.3333333333333333, "max": 3, "min": 1}, "19": {"avg": 1.6666666666666667, "std_dev": 1.1547005383792515, "variance": 1.3333333333333333, "max": 3, "min": 1}, "27": {"avg": 4, "std_dev": 2.6457513110645907, "variance": 7, "max": 6, "min": 1}, "30": {"avg": 3, "std_dev": 2.160246899469287, "variance": 4.666666666666667, "max": 6, "min": 1}, "32": {"avg": 2.3333333333333335, "std_dev": 1.5275252316519468, "variance": 2.3333333333333335, "max": 4, "min": 1}, "33": {"avg": 2.6666666666666665, "std_dev": 0.5773502691896257, "variance": 0.3333333333333333, "max": 3, "min": 2}, "35": {"avg": 2, "std_dev": 1.0, "variance": 1, "max": 3, "min": 1}, "47": {"avg": 1.6666666666666667, "std_dev": 1.1547005383792515, "variance": 1.3333333333333333, "max": 3, "min": 1}, "50": {"avg": 4.666666666666667, "std_dev": 2.309401076758503, "variance": 5.333333333333333, "max": 6, "min": 2}, "54": {"avg": 2, "std_dev": 0.816496580927726, "variance": 0.6666666666666666, "max": 3, "min": 1}, "63": {"avg": 1.6666666666666667, "std_dev": 0.5773502691896257, "variance": 0.3333333333333333, "max": 2, "min": 1}, "74": {"avg": 2.6666666666666665, "std_dev": 0.5773502691896257, "variance": 0.3333333333333333, "max": 3, "min": 2}}