{"avg_pip2ls": 0.25099228719812816, "avg_pip3ls": 0.2535747073492384, "avg_pip4ls": 0.253998175816151, "avg_pip5ls": 0.24996606072732735, "avg_pip6ls": 0.25097337985473117, "avg_pip7ls": 0.25581201512150015, "avg_pip8ls": 0.25538671248013806, "avg_pip9ls": 0.25221605576276857, "avg_pip10ls": 0.24871858465608465, "std_dev_pip2ls": 0.04052457332186595, "std_dev_pip3ls": 0.054036493576876427, "std_dev_pip4ls": 0.06839982674904292, "std_dev_pip5ls": 0.08476029214108538, "std_dev_pip6ls": 0.10274061642643227, "std_dev_pip7ls": 0.1292843101914037, "std_dev_pip8ls": 0.16291993208485067, "std_dev_pip9ls": 0.1884313108347608, "std_dev_pip10ls": 0.22145714578463904, "variance_pip2ls": 0.0016422410429192894, "variance_pip3ls": 0.0029199426380838076, "variance_pip4ls": 0.004678536299299087, "variance_pip5ls": 0.00718430712384214, "variance_pip6ls": 0.010555634263683285, "variance_pip7ls": 0.016714432861667093, "variance_pip8ls": 0.02654290427053236, "variance_pip9ls": 0.035506358902906245, "variance_pip10ls": 0.04904326741907887}