{"avg_psfip2": 0.5641868512110727, "avg_psfip3": 0.4273356401384083, "avg_psfip4": 0.3193771626297578, "avg_psfip5": 0.23408304498269897, "avg_psfip6": 0.1762975778546713, "avg_psfip7": 0.1356401384083045, "avg_psfip8": 0.09982698961937717, "avg_psfip9": 0.07283737024221454, "avg_psfip10": 0.05519031141868512, "std_dev_psfip2": 0.09413041171609932, "std_dev_psfip3": 0.09671781051700552, "std_dev_psfip4": 0.0919784072122923, "std_dev_psfip5": 0.08399284871428239, "std_dev_psfip6": 0.07806555312294033, "std_dev_psfip7": 0.07471953518906328, "std_dev_psfip8": 0.0650184629088626, "std_dev_psfip9": 0.0550969271048186, "std_dev_psfip10": 0.05007683446714562, "variance_psfip2": 0.008860534409842366, "variance_psfip3": 0.009354334871203384, "variance_psfip4": 0.008460027393310266, "variance_psfip5": 0.00705479863514033, "variance_psfip6": 0.006094230584390618, "variance_psfip7": 0.005583008938869666, "variance_psfip8": 0.004227400519031142, "variance_psfip9": 0.003035671376393695, "variance_psfip10": 0.0025076893502499037}