{"avg_ppws": 0.24636678200692042, "avg_pp2ws": 0.24740484429065743, "avg_pp3ws": 0.24152249134948098, "avg_pp4ws": 0.25103806228373704, "avg_pp5ws": 0.2647058823529412, "avg_pp6ws": 0.2513840830449827, "avg_pp7ws": 0.24532871972318337, "avg_pp8ws": 0.2503460207612457, "avg_pp9ws": 0.24878892733564015, "avg_pp10ws": 0.2529411764705882, "std_dev_ppws": 0.08119517639928706, "std_dev_pp2ws": 0.08015942520174148, "std_dev_pp3ws": 0.08491683234785578, "std_dev_pp4ws": 0.08867638929531604, "std_dev_pp5ws": 0.08498365855987974, "std_dev_pp6ws": 0.08629017515977233, "std_dev_pp7ws": 0.08752368273998237, "std_dev_pp8ws": 0.09185521135952138, "std_dev_pp9ws": 0.08533178962974373, "std_dev_pp10ws": 0.08690272339422588, "variance_ppws": 0.0065926566705113415, "variance_pp2ws": 0.006425533448673587, "variance_pp3ws": 0.0072108684159938475, "variance_pp4ws": 0.00786350201845444, "variance_pp5ws": 0.007222222222222222, "variance_pp6ws": 0.00744599432910419, "variance_pp7ws": 0.007660395040369089, "variance_pp8ws": 0.008437379853902345, "variance_pp9ws": 0.00728151432141484, "variance_pp10ws": 0.007552083333333333}