{"avg_psfpl": 0.7536332179930796, "avg_psfp2l": 0.7525951557093425, "avg_psfp3l": 0.758477508650519, "avg_psfp4l": 0.748961937716263, "avg_psfp5l": 0.7352941176470589, "avg_psfp6l": 0.7486159169550173, "avg_psfp7l": 0.7546712802768166, "avg_psfp8l": 0.7496539792387543, "avg_psfp9l": 0.7512110726643598, "avg_psfp10l": 0.7470588235294118, "std_dev_psfpl": 0.08119517639928706, "std_dev_psfp2l": 0.08015942520174149, "std_dev_psfp3l": 0.0849168323478558, "std_dev_psfp4l": 0.08867638929531604, "std_dev_psfp5l": 0.08498365855987976, "std_dev_psfp6l": 0.08629017515977233, "std_dev_psfp7l": 0.08752368273998239, "std_dev_psfp8l": 0.09185521135952139, "std_dev_psfp9l": 0.08533178962974373, "std_dev_psfp10l": 0.08690272339422588, "variance_psfpl": 0.006592656670511342, "variance_psfp2l": 0.0064255334486735885, "variance_psfp3l": 0.007210868415993849, "variance_psfp4l": 0.00786350201845444, "variance_psfp5l": 0.007222222222222223, "variance_psfp6l": 0.007445994329104191, "variance_psfp7l": 0.0076603950403690895, "variance_psfp8l": 0.008437379853902346, "variance_psfp9l": 0.007281514321414841, "variance_psfp10l": 0.007552083333333334}