{"avg_psfpw": 0.24636678200692042, "avg_psfp2w": 0.24740484429065743, "avg_psfp3w": 0.24152249134948098, "avg_psfp4w": 0.25103806228373704, "avg_psfp5w": 0.2647058823529412, "avg_psfp6w": 0.2513840830449827, "avg_psfp7w": 0.24532871972318337, "avg_psfp8w": 0.2503460207612457, "avg_psfp9w": 0.24878892733564015, "avg_psfp10w": 0.2529411764705882, "std_dev_psfpw": 0.08119517639928706, "std_dev_psfp2w": 0.08015942520174148, "std_dev_psfp3w": 0.08491683234785578, "std_dev_psfp4w": 0.08867638929531604, "std_dev_psfp5w": 0.08498365855987974, "std_dev_psfp6w": 0.08629017515977233, "std_dev_psfp7w": 0.08752368273998237, "std_dev_psfp8w": 0.09185521135952138, "std_dev_psfp9w": 0.08533178962974373, "std_dev_psfp10w": 0.08690272339422588, "variance_psfpw": 0.0065926566705113415, "variance_psfp2w": 0.006425533448673587, "variance_psfp3w": 0.0072108684159938475, "variance_psfp4w": 0.00786350201845444, "variance_psfp5w": 0.007222222222222222, "variance_psfp6w": 0.00744599432910419, "variance_psfp7w": 0.007660395040369089, "variance_psfp8w": 0.008437379853902345, "variance_psfp9w": 0.00728151432141484, "variance_psfp10w": 0.007552083333333333}