{"avg_ppls": 0.2512110726643599, "avg_pp2ls": 0.2508650519031142, "avg_pp3ls": 0.2528258362168397, "avg_pp4ls": 0.24965397923875432, "avg_pp5ls": 0.24509803921568626, "avg_pp6ls": 0.24953863898500578, "avg_pp7ls": 0.25155709342560556, "avg_pp8ls": 0.24988465974625143, "avg_pp9ls": 0.25040369088812, "avg_pp10ls": 0.24901960784313726, "std_dev_ppls": 0.027065058799762346, "std_dev_pp2ls": 0.02671980840058049, "std_dev_pp3ls": 0.028305610782618593, "std_dev_pp4ls": 0.02955879643177201, "std_dev_pp5ls": 0.02832788618662658, "std_dev_pp6ls": 0.02876339171992411, "std_dev_pp7ls": 0.029174560913327454, "std_dev_pp8ls": 0.030618403786507122, "std_dev_pp9ls": 0.02844392987658124, "std_dev_pp10ls": 0.028967574464741953, "variance_ppls": 0.0007325174078345933, "variance_pp2ls": 0.0007139481609637317, "variance_pp3ls": 0.0008012076017770939, "variance_pp4ls": 0.0008737224464949375, "variance_pp5ls": 0.000802469135802469, "variance_pp6ls": 0.0008273327032337987, "variance_pp7ls": 0.000851155004485454, "variance_pp8ls": 0.0009374866504335937, "variance_pp9ls": 0.000809057146823871, "variance_pp10ls": 0.0008391203703703701}