{"avg_pip2lrns": 0.2486589715714438, "avg_psfip2lrn": 0.31712802768166093, "std_dev_pip2lrns": 0.10019194095426295, "std_dev_psfip2lrn": 0.21005717031798565, "variance_pip2lrns": 0.010038425032182514, "variance_psfip2lrn": 0.044124014801999234}