{"avg_prns": 0.2486847246004416, "avg_psfrn": 0.3795847750865052, "avg_draws_per_round": 8.96551724137931, "std_dev_prns": 0.09860641620421484, "std_dev_psfrn": 0.30296308776016745, "std_dev_draws_per_round": 1.5920058915156972, "variance_prns": 0.009723225316638844, "variance_psfrn": 0.09178663254517494, "variance_draws_per_round": 2.5344827586206895}