{"4": 3.5476190476190474, "7": 4.04054054054054, "13": 4.397058823529412, "16": 3.4823529411764707, "25": 4.415384615384616, "28": 3.2637362637362637, "29": 3.32183908045977, "32": 4.352941176470588, "39": 4.154929577464789, "41": 4.027027027027027, "45": 3.5595238095238093, "47": 3.359550561797753, "48": 4.59375, "52": 3.8333333333333335, "58": 3.844155844155844, "60": 4.138888888888889, "64": 3.5783132530120483, "67": 3.8684210526315788, "77": 4.138888888888889, "80": 3.4705882352941178, "1": 4.650793650793651, "3": 3.864864864864865, "5": 3.883116883116883, "10": 3.453488372093023, "14": 3.883116883116883, "15": 3.973333333333333, "19": 4.338235294117647, "22": 3.6419753086419755, "23": 3.9342105263157894, "34": 4.097222222222222, "38": 4.214285714285714, "44": 4.211267605633803, "50": 3.691358024691358, "55": 3.5058823529411764, "73": 4.041095890410959, "11": 4.211267605633803, "12": 4.111111111111111, "26": 4.138888888888889, "30": 4.313432835820896, "31": 3.721518987341772, "37": 3.5595238095238093, "40": 3.7848101265822787, "49": 3.92, "56": 4.144927536231884, "57": 4.271428571428571, "59": 4.152777777777778, "61": 4.183098591549296, "74": 4.2835820895522385, "21": 3.9210526315789473, "24": 3.857142857142857, "27": 3.918918918918919, "63": 3.1702127659574466, "69": 3.8333333333333335, "72": 3.3908045977011496, "75": 3.5476190476190474, "76": 3.7948717948717947, "8": 3.9466666666666668, "17": 4.211267605633803, "43": 3.5421686746987953, "46": 4.27536231884058, "51": 3.5060240963855422, "68": 4.257142857142857, "6": 3.8333333333333335, "20": 3.8205128205128207, "66": 3.9210526315789473, "78": 4.447761194029851, "79": 3.5176470588235293, "33": 4.313432835820896, "65": 4.367647058823529, "70": 3.7721518987341773, "62": 3.2065217391304346, "35": 4.271428571428571, "53": 4.790322580645161, "36": 4.883333333333334, "71": 4.933333333333334, "42": 5.345454545454546, "18": 4.304347826086956, "2": 4.082191780821918, "9": 4.538461538461538, "54": 4.068493150684931, "avg_over_all": 3.9894934152060744}