{"1": {"avg": 4.650793650793651, "std_dev": 4.318597181727366, "variance": 18.650281618023552, "max": 17, "min": 1}, "2": {"avg": 4.082191780821918, "std_dev": 3.6276462550251747, "variance": 13.159817351598173, "max": 18, "min": 1}, "3": {"avg": 3.864864864864865, "std_dev": 3.198134406199726, "variance": 10.228063680118474, "max": 15, "min": 1}, "4": {"avg": 3.5476190476190474, "std_dev": 2.7655573607823425, "variance": 7.648307515777395, "max": 14, "min": 0}, "5": {"avg": 3.883116883116883, "std_dev": 3.207614402825129, "variance": 10.28879015721121, "max": 14, "min": 1}, "6": {"avg": 3.8333333333333335, "std_dev": 3.059652245186021, "variance": 9.36147186147186, "max": 16, "min": 1}, "7": {"avg": 4.04054054054054, "std_dev": 3.925467214803651, "variance": 15.409292854498334, "max": 22, "min": 0}, "8": {"avg": 3.9466666666666668, "std_dev": 2.760206285540763, "variance": 7.618738738738738, "max": 14, "min": 1}, "9": {"avg": 4.538461538461538, "std_dev": 3.8773256048665616, "variance": 15.033653846153847, "max": 19, "min": 1}, "10": {"avg": 3.453488372093023, "std_dev": 2.909040580649091, "variance": 8.4625170998632, "max": 14, "min": 1}, "11": {"avg": 4.211267605633803, "std_dev": 3.640704378306666, "variance": 13.254728370221327, "max": 22, "min": 1}, "12": {"avg": 4.111111111111111, "std_dev": 3.2827142477758953, "variance": 10.776212832550861, "max": 16, "min": 1}, "13": {"avg": 4.397058823529412, "std_dev": 3.4560770871479476, "variance": 11.944468832309042, "max": 17, "min": 0}, "14": {"avg": 3.883116883116883, "std_dev": 3.4753796686724368, "variance": 12.078263841421736, "max": 19, "min": 1}, "15": {"avg": 3.973333333333333, "std_dev": 3.5904277142383987, "variance": 12.891171171171173, "max": 16, "min": 1}, "16": {"avg": 3.4823529411764707, "std_dev": 3.2205137297445865, "variance": 10.371708683473388, "max": 21, "min": 0}, "17": {"avg": 4.211267605633803, "std_dev": 3.613132763990458, "variance": 13.054728370221326, "max": 19, "min": 1}, "18": {"avg": 4.304347826086956, "std_dev": 3.0452680159556658, "variance": 9.273657289002557, "max": 12, "min": 1}, "19": {"avg": 4.338235294117647, "std_dev": 3.2119659396608964, "variance": 10.316725197541704, "max": 13, "min": 1}, "20": {"avg": 3.8205128205128207, "std_dev": 3.6988716768295276, "variance": 13.681651681651681, "max": 17, "min": 1}, "21": {"avg": 3.9210526315789473, "std_dev": 3.8704458240870627, "variance": 14.980350877192983, "max": 21, "min": 1}, "22": {"avg": 3.6419753086419755, "std_dev": 2.7263007995052044, "variance": 7.432716049382716, "max": 12, "min": 1}, "23": {"avg": 3.9342105263157894, "std_dev": 3.052149084675865, "variance": 9.31561403508772, "max": 15, "min": 1}, "24": {"avg": 3.857142857142857, "std_dev": 3.7230232682108095, "variance": 13.860902255639097, "max": 18, "min": 1}, "25": {"avg": 4.415384615384616, "std_dev": 3.10187598323734, "variance": 9.621634615384616, "max": 14, "min": 0}, "26": {"avg": 4.138888888888889, "std_dev": 3.6667733659251294, "variance": 13.445226917057903, "max": 17, "min": 1}, "27": {"avg": 3.918918918918919, "std_dev": 3.431349256395099, "variance": 11.774157719363199, "max": 18, "min": 1}, "28": {"avg": 3.2637362637362637, "std_dev": 2.5422438244597356, "variance": 6.463003663003663, "max": 14, "min": 0}, "29": {"avg": 3.32183908045977, "std_dev": 3.2042640662657527, "variance": 10.267308206361935, "max": 15, "min": 0}, "30": {"avg": 4.313432835820896, "std_dev": 3.358431069593137, "variance": 11.279059249208503, "max": 16, "min": 1}, "31": {"avg": 3.721518987341772, "std_dev": 3.3700669888372015, "variance": 11.357351509250243, "max": 22, "min": 1}, "32": {"avg": 4.352941176470588, "std_dev": 3.897050954984022, "variance": 15.18700614574188, "max": 18, "min": 0}, "33": {"avg": 4.313432835820896, "std_dev": 4.774328305045644, "variance": 22.794210764360017, "max": 24, "min": 1}, "34": {"avg": 4.097222222222222, "std_dev": 3.7759793887530626, "variance": 14.258020344287951, "max": 18, "min": 1}, "35": {"avg": 4.271428571428571, "std_dev": 3.3445669920617878, "variance": 11.186128364389234, "max": 14, "min": 1}, "36": {"avg": 4.883333333333334, "std_dev": 3.914733866169941, "variance": 15.325141242937855, "max": 19, "min": 1}, "37": {"avg": 3.5595238095238093, "std_dev": 3.0708547943693096, "variance": 9.430149168100975, "max": 15, "min": 1}, "38": {"avg": 4.214285714285714, "std_dev": 3.2298106784506024, "variance": 10.43167701863354, "max": 13, "min": 1}, "39": {"avg": 4.154929577464789, "std_dev": 4.451798632732436, "variance": 19.81851106639839, "max": 23, "min": 0}, "40": {"avg": 3.7848101265822787, "std_dev": 3.241046388784818, "variance": 10.50438169425511, "max": 22, "min": 1}, "41": {"avg": 4.027027027027027, "std_dev": 3.2770391454639913, "variance": 10.738985560903368, "max": 13, "min": 0}, "42": {"avg": 5.345454545454546, "std_dev": 4.754016554522439, "variance": 22.6006734006734, "max": 24, "min": 1}, "43": {"avg": 3.5421686746987953, "std_dev": 2.8340318810678893, "variance": 8.031736702909198, "max": 15, "min": 1}, "44": {"avg": 4.211267605633803, "std_dev": 4.222103378844471, "variance": 17.8261569416499, "max": 26, "min": 1}, "45": {"avg": 3.5595238095238093, "std_dev": 2.9179593070326675, "variance": 8.514486517498565, "max": 15, "min": 0}, "46": {"avg": 4.27536231884058, "std_dev": 3.271463325985045, "variance": 10.702472293265131, "max": 16, "min": 1}, "47": {"avg": 3.359550561797753, "std_dev": 2.833433473765594, "variance": 8.028345250255363, "max": 12, "min": 0}, "48": {"avg": 4.59375, "std_dev": 3.6153058664429083, "variance": 13.070436507936508, "max": 16, "min": 0}, "49": {"avg": 3.92, "std_dev": 3.4318067103636967, "variance": 11.777297297297297, "max": 18, "min": 1}, "50": {"avg": 3.691358024691358, "std_dev": 3.1210654242928086, "variance": 9.74104938271605, "max": 16, "min": 1}, "51": {"avg": 3.5060240963855422, "std_dev": 2.851501504239578, "variance": 8.131060828680576, "max": 15, "min": 1}, "52": {"avg": 3.8333333333333335, "std_dev": 3.3358215821152104, "variance": 11.127705627705627, "max": 19, "min": 0}, "53": {"avg": 4.790322580645161, "std_dev": 3.6670312143507506, "variance": 13.44711792702274, "max": 19, "min": 1}, "54": {"avg": 4.068493150684931, "std_dev": 3.52896257624472, "variance": 12.45357686453577, "max": 16, "min": 1}, "55": {"avg": 3.5058823529411764, "std_dev": 2.8436375489509773, "variance": 8.086274509803921, "max": 15, "min": 1}, "56": {"avg": 4.144927536231884, "std_dev": 3.8511853114976575, "variance": 14.831628303495311, "max": 20, "min": 1}, "57": {"avg": 4.271428571428571, "std_dev": 4.085752652963812, "variance": 16.693374741200827, "max": 17, "min": 1}, "58": {"avg": 3.844155844155844, "std_dev": 3.199773573670713, "variance": 10.238550922761448, "max": 15, "min": 0}, "59": {"avg": 4.152777777777778, "std_dev": 3.3300159548838364, "variance": 11.089006259780907, "max": 15, "min": 1}, "60": {"avg": 4.138888888888889, "std_dev": 3.3285176481369767, "variance": 11.079029733959311, "max": 14, "min": 0}, "61": {"avg": 4.183098591549296, "std_dev": 3.309336831084049, "variance": 10.951710261569417, "max": 14, "min": 1}, "62": {"avg": 3.2065217391304346, "std_dev": 2.6040460634599225, "variance": 6.781055900621118, "max": 14, "min": 1}, "63": {"avg": 3.1702127659574466, "std_dev": 2.95354096895898, "variance": 8.72340425531915, "max": 15, "min": 1}, "64": {"avg": 3.5783132530120483, "std_dev": 3.3933956010983928, "variance": 11.515133705553923, "max": 17, "min": 0}, "65": {"avg": 4.367647058823529, "std_dev": 4.025680295766489, "variance": 16.206101843722564, "max": 19, "min": 1}, "66": {"avg": 3.9210526315789473, "std_dev": 3.2731764710333473, "variance": 10.713684210526317, "max": 19, "min": 1}, "67": {"avg": 3.8684210526315788, "std_dev": 3.7428762746072097, "variance": 14.009122807017544, "max": 20, "min": 0}, "68": {"avg": 4.257142857142857, "std_dev": 3.6975734866856933, "variance": 13.672049689440994, "max": 20, "min": 1}, "69": {"avg": 3.8333333333333335,