{"1": {"avg": 4.666666666666667, "std_dev": 1.5275252316519465, "variance": 2.333333333333333, "max": 6, "min": 3}, "20": {"avg": 4.333333333333333, "std_dev": 3.0550504633038935, "variance": 9.333333333333334, "max": 7, "min": 1}, "24": {"avg": 2.3333333333333335, "std_dev": 1.5275252316519468, "variance": 2.3333333333333335, "max": 4, "min": 1}, "31": {"avg": 2, "std_dev": 1.0, "variance": 1, "max": 3, "min": 1}, "33": {"avg": 3.3333333333333335, "std_dev": 0.5773502691896257, "variance": 0.3333333333333333, "max": 4, "min": 3}, "38": {"avg": 2.3333333333333335, "std_dev": 0.5773502691896257, "variance": 0.3333333333333333, "max": 3, "min": 2}, "39": {"avg": 3, "std_dev": 3.366501646120693, "variance": 11.333333333333334, "max": 8, "min": 1}, "42": {"avg": 3.6666666666666665, "std_dev": 3.785938897200183, "variance": 14.333333333333336, "max": 8, "min": 1}, "50": {"avg": 1.6666666666666667, "std_dev": 1.1547005383792515, "variance": 1.3333333333333333, "max": 3, "min": 1}, "57": {"avg": 4, "std_dev": 1.8708286933869707, "variance": 3.5, "max": 6, "min": 2}, "59": {"avg": 2.3333333333333335, "std_dev": 1.1547005383792515, "variance": 1.3333333333333333, "max": 3, "min": 1}, "60": {"avg": 2, "std_dev": 1.0, "variance": 1, "max": 3, "min": 1}, "65": {"avg": 4, "std_dev": 1.0, "variance": 1, "max": 5, "min": 3}, "68": {"avg": 3.6666666666666665, "std_dev": 3.0550504633038935, "variance": 9.333333333333334, "max": 7, "min": 1}, "70": {"avg": 4.333333333333333, "std_dev": 2.516611478423583, "variance": 6.333333333333333, "max": 7, "min": 2}, "71": {"avg": 3.3333333333333335, "std_dev": 2.5166114784235836, "variance": 6.333333333333334, "max": 6, "min": 1}, "73": {"avg": 2, "std_dev": 1.0, "variance": 1, "max": 3, "min": 1}}