{"avg_pip2ls": 0.24446467802594107, "avg_pip3ls": 0.24535596716499447, "avg_pip4ls": 0.24642096822890305, "avg_pip5ls": 0.2524967248779004, "avg_pip6ls": 0.25506815277737216, "avg_pip7ls": 0.25317505661303535, "avg_pip8ls": 0.24954198051083865, "avg_pip9ls": 0.25431352576681293, "avg_pip10ls": 0.27179095017636684, "std_dev_pip2ls": 0.045340020666350435, "std_dev_pip3ls": 0.05611562364128472, "std_dev_pip4ls": 0.07528934403565583, "std_dev_pip5ls": 0.09455914482536854, "std_dev_pip6ls": 0.1145983437556681, "std_dev_pip7ls": 0.13348243285114417, "std_dev_pip8ls": 0.15774559730967858, "std_dev_pip9ls": 0.18989295653295957, "std_dev_pip10ls": 0.24424700340720162, "variance_pip2ls": 0.0020557174740250847, "variance_pip3ls": 0.0031489632166503126, "variance_pip4ls": 0.005668485325319344, "variance_pip5ls": 0.00894143187010502, "variance_pip6ls": 0.013132780391542274, "variance_pip7ls": 0.017817559879860213, "variance_pip8ls": 0.024883673470587276, "variance_pip9ls": 0.03605933494082847, "variance_pip10ls": 0.059656598673397565}