{"avg_ppws": 0.255363321799308, "avg_pp2ws": 0.26089965397923875, "avg_pp3ws": 0.24619377162629758, "avg_pp4ws": 0.2541522491349481, "avg_pp5ws": 0.24705882352941178, "avg_pp6ws": 0.2512110726643599, "avg_pp7ws": 0.24878892733564015, "avg_pp8ws": 0.252076124567474, "avg_pp9ws": 0.2529411764705882, "avg_pp10ws": 0.2434256055363322, "std_dev_ppws": 0.08455740265927573, "std_dev_pp2ws": 0.09378547643509431, "std_dev_pp3ws": 0.08571215452486822, "std_dev_pp4ws": 0.08887837548360333, "std_dev_pp5ws": 0.08175590362645242, "std_dev_pp6ws": 0.082223360355081, "std_dev_pp7ws": 0.0838955229190407, "std_dev_pp8ws": 0.09173774375562829, "std_dev_pp9ws": 0.08926785535678562, "std_dev_pp10ws": 0.08503489174628372, "variance_ppws": 0.007149954344482891, "variance_pp2ws": 0.008795715590157632, "variance_pp3ws": 0.007346573433294886, "variance_pp4ws": 0.007899365628604382, "variance_pp5ws": 0.0066840277777777775, "variance_pp6ws": 0.006760680988081506, "variance_pp7ws": 0.007038458765859284, "variance_pp8ws": 0.008415813629373319, "variance_pp9ws": 0.00796875, "variance_pp10ws": 0.0072309328143021915}