{"avg_ppls": 0.24821222606689736, "avg_pp2ls": 0.24636678200692042, "avg_pp3ls": 0.2512687427912341, "avg_pp4ls": 0.2486159169550173, "avg_pp5ls": 0.25098039215686274, "avg_pp6ls": 0.24959630911188005, "avg_pp7ls": 0.25040369088812, "avg_pp8ls": 0.24930795847750864, "avg_pp9ls": 0.24901960784313726, "avg_pp10ls": 0.2521914648212226, "std_dev_ppls": 0.02818580088642524, "std_dev_pp2ls": 0.03126182547836477, "std_dev_pp3ls": 0.028570718174956065, "std_dev_pp4ls": 0.029626125161201108, "std_dev_pp5ls": 0.02725196787548414, "std_dev_pp6ls": 0.027407786785026998, "std_dev_pp7ls": 0.027965174306346898, "std_dev_pp8ls": 0.03057924791854276, "std_dev_pp9ls": 0.029755951785595203, "std_dev_pp10ls": 0.0283449639154279, "variance_ppls": 0.0007944393716092098, "variance_pp2ls": 0.0009773017322397366, "variance_pp3ls": 0.0008162859370327649, "variance_pp4ls": 0.0008777072920671534, "variance_pp5ls": 0.0007426697530864195, "variance_pp6ls": 0.0007511867764535005, "variance_pp7ls": 0.0007820509739843647, "variance_pp8ls": 0.0009350904032637017, "variance_pp9ls": 0.0008854166666666664, "variance_pp10ls": 0.0008034369793669099}