{"avg_psfpw": 0.255363321799308, "avg_psfp2w": 0.26089965397923875, "avg_psfp3w": 0.24619377162629758, "avg_psfp4w": 0.2541522491349481, "avg_psfp5w": 0.24705882352941178, "avg_psfp6w": 0.2512110726643599, "avg_psfp7w": 0.24878892733564015, "avg_psfp8w": 0.252076124567474, "avg_psfp9w": 0.2529411764705882, "avg_psfp10w": 0.2434256055363322, "std_dev_psfpw": 0.08455740265927573, "std_dev_psfp2w": 0.09378547643509431, "std_dev_psfp3w": 0.08571215452486822, "std_dev_psfp4w": 0.08887837548360333, "std_dev_psfp5w": 0.08175590362645242, "std_dev_psfp6w": 0.082223360355081, "std_dev_psfp7w": 0.0838955229190407, "std_dev_psfp8w": 0.09173774375562829, "std_dev_psfp9w": 0.08926785535678562, "std_dev_psfp10w": 0.08503489174628372, "variance_psfpw": 0.007149954344482891, "variance_psfp2w": 0.008795715590157632, "variance_psfp3w": 0.007346573433294886, "variance_psfp4w": 0.007899365628604382, "variance_psfp5w": 0.0066840277777777775, "variance_psfp6w": 0.006760680988081506, "variance_psfp7w": 0.007038458765859284, "variance_psfp8w": 0.008415813629373319, "variance_psfp9w": 0.00796875, "variance_psfp10w": 0.0072309328143021915}