{"avg_psfpl": 0.744636678200692, "avg_psfp2l": 0.7391003460207612, "avg_psfp3l": 0.7538062283737024, "avg_psfp4l": 0.745847750865052, "avg_psfp5l": 0.7529411764705882, "avg_psfp6l": 0.7487889273356402, "avg_psfp7l": 0.7512110726643598, "avg_psfp8l": 0.7479238754325259, "avg_psfp9l": 0.7470588235294118, "avg_psfp10l": 0.7565743944636678, "std_dev_psfpl": 0.08455740265927575, "std_dev_psfp2l": 0.09378547643509431, "std_dev_psfp3l": 0.08571215452486822, "std_dev_psfp4l": 0.08887837548360335, "std_dev_psfp5l": 0.08175590362645244, "std_dev_psfp6l": 0.08222336035508102, "std_dev_psfp7l": 0.08389552291904072, "std_dev_psfp8l": 0.09173774375562829, "std_dev_psfp9l": 0.08926785535678562, "std_dev_psfp10l": 0.08503489174628373, "variance_psfpl": 0.007149954344482893, "variance_psfp2l": 0.008795715590157632, "variance_psfp3l": 0.007346573433294888, "variance_psfp4l": 0.007899365628604384, "variance_psfp5l": 0.006684027777777779, "variance_psfp6l": 0.006760680988081508, "variance_psfp7l": 0.007038458765859286, "variance_psfp8l": 0.008415813629373319, "variance_psfp9l": 0.00796875, "variance_psfp10l": 0.007230932814302192}