{"avg_psfip2": 0.5517301038062283, "avg_psfip3": 0.41782006920415227, "avg_psfip4": 0.31643598615916957, "avg_psfip5": 0.24411764705882352, "avg_psfip6": 0.18633217993079584, "avg_psfip7": 0.13875432525951556, "avg_psfip8": 0.10259515570934256, "avg_psfip9": 0.07750865051903115, "avg_psfip10": 0.06003460207612457, "std_dev_psfip2": 0.10613367730682727, "std_dev_psfip3": 0.09870210940696295, "std_dev_psfip4": 0.10025019163434068, "std_dev_psfip5": 0.09501461875826149, "std_dev_psfip6": 0.08982065678042836, "std_dev_psfip7": 0.07962480501226399, "std_dev_psfip8": 0.07133532009543402, "std_dev_psfip9": 0.06034640248568463, "std_dev_psfip10": 0.05338863194315102, "variance_psfip2": 0.011264357458669742, "variance_psfip3": 0.009742106401384084, "variance_psfip4": 0.01005010092272203, "variance_psfip5": 0.009027777777777777, "variance_psfip6": 0.008067750384467512, "variance_psfip7": 0.0063401095732410605, "variance_psfip8": 0.005088727893118031, "variance_psfip9": 0.0036416882929642446, "variance_psfip10": 0.0028503460207612457}