{"avg_pip2lrns": 0.24975107058994347, "avg_psfip2lrn": 0.32491349480968856, "std_dev_pip2lrns": 0.09400909295070678, "std_dev_psfip2lrn": 0.19848053743596347, "variance_pip2lrns": 0.008837709557414627, "variance_psfip2lrn": 0.039394523740868895}