{"avg_prns": 0.25264496837118605, "avg_psfrn": 0.39757785467128026, "avg_draws_per_round": 8.566666666666666, "std_dev_prns": 0.09204741945866389, "std_dev_psfrn": 0.3008281653426706, "std_dev_draws_per_round": 1.250746903290971, "variance_prns": 0.008472727428999216, "variance_psfrn": 0.09049758506343715, "variance_draws_per_round": 1.5643678160919539}